id,author_count,display_name,type,country,city,display_name_acronyms,display_name_alternatives,works_count,cited_by_count,2yr_mean_citedness,h_index,i10_index,wikipedia,associated_institutions_children,children_ids,associated_institutions_parent,parent_ids
https://openalex.org/I99065089,36,Tsinghua University,education,China,Beijing,THU,Tsinghua University; 清华大学,376723,33412716,6.728032545689823,1179,471634,http://en.wikipedia.org/wiki/Tsinghua_University,State Key Laboratory on Integrated Optoelectronics; Tsinghua–Berkeley Shenzhen Institute; Collaborative Innovation Center of Quantum Matter; The Synergetic Innovation Center for Advanced Materials; Center for Life Sciences; State Key Laboratory of Precision Testing Technology and Instruments; State Key Laboratory of Water and Sediment Science and Water Conservancy and Hydropower Engineering; State Key Laboratory of Low-Dimensional Quantum Physics; State Key Laboratory of Microwave and Digital Communication Technology; State Key Laboratory of New Ceramics and Fine Processing; State Key Laboratory of Membrane Biology; State Key Laboratory of Automobile Safety and Energy Conservation; State Key Laboratory of Tribology; State Key Laboratory of Power System and Generation Equipment; Beijing Institute of Mathematical Sciences and Applications; International Centre for Engineering Education; Tsinghua Shenzhen International Graduate School,https://openalex.org/I4210091786; https://openalex.org/I4210114105; https://openalex.org/I4210127494; https://openalex.org/I4210159340; https://openalex.org/I4210160507; https://openalex.org/I4391767736; https://openalex.org/I4391767762; https://openalex.org/I4391767819; https://openalex.org/I4391767871; https://openalex.org/I4391767896; https://openalex.org/I4391768054; https://openalex.org/I4391768119; https://openalex.org/I4391768272; https://openalex.org/I4392738191; https://openalex.org/I4403928416; https://openalex.org/I4405255477; https://openalex.org/I4405263052,,
https://openalex.org/I76130692,21,Zhejiang University,education,China,Hangzhou,ZJU,Chekiang University; Zheda; Zhejiang University; 浙江大学,370825,29529293,5.7325630823049,940,521527,http://en.wikipedia.org/wiki/Zhejiang_University,Huzhou Central Hospital; Collaborative Innovation Center of Advanced Microstructures; Zhejiang University-University of Edinburgh Institute; Zhejiang Taizhou Hospital; The Synergetic Innovation Center for Advanced Materials; State Key Laboratory of Modern Optical Instruments; State Key Laboratory of Clean Energy Utilization; State Key Laboratory Fluid Power and Mechatronic Systems; State Key Laboratory of Silicon Materials; State Key Laboratory of Rice Biology; State Key Laboratory of Industrial Control Technology; State Key Laboratory of Computer Aided Design and Graphics; State Key Laboratory of Diagnosis and Treatment of Infectious Diseases; State Key Laboratory of Plant Physiology and Biochemistry; Zhejiang University Robotics Institute,https://openalex.org/I4210105567; https://openalex.org/I4210140493; https://openalex.org/I4210158570; https://openalex.org/I4210158774; https://openalex.org/I4210159340; https://openalex.org/I4391767668; https://openalex.org/I4391767671; https://openalex.org/I4391767679; https://openalex.org/I4391767789; https://openalex.org/I4391767812; https://openalex.org/I4391767838; https://openalex.org/I4391767862; https://openalex.org/I4391768041; https://openalex.org/I4391768222; https://openalex.org/I4405263196,,
https://openalex.org/I881766915,21,Nanjing University,education,China,Nanjing,NJU; NU,Nanjing University; Nanking University; 南京大学,186573,16921951,6.153298656404905,829,282115,http://en.wikipedia.org/wiki/Nanjing_University,State Key Laboratory of Pollution Control and Resource Reuse; Collaborative Innovation Center of Advanced Microstructures; Johns Hopkins University – Nanjing University Center for Chinese and American Studies; State Key Laboratory of Metallogenic Mechanism of Endogenous Metal Deposits; National Laboratory of Solid State Microstructures; State Key Laboratory of Pharmaceutical Biotechnology; State Key Laboratory of New Technology of Computer Software; State Key Laboratory of Analytical Chemistry for Life Science; State Key Laboratory of Modern Coordination Chemistry,https://openalex.org/I4210090489; https://openalex.org/I4210140493; https://openalex.org/I4210162165; https://openalex.org/I4391767641; https://openalex.org/I4391768004; https://openalex.org/I4391768045; https://openalex.org/I4391768078; https://openalex.org/I4391768173; https://openalex.org/I4391768193,,
https://openalex.org/I87445476,16,Xi'an Jiaotong University,education,China,Xi'an,XJTU,Xi'an Jiao Tong University; Xi'an Jiaotong University; Xian Jiaotong University; 西安交通大学,204782,13236094,5.492166624476134,643,267782,http://en.wikipedia.org/wiki/Xi'an_Jiaotong_University,State Key Laboratory of Strength of Metallic Materials; State Key Laboratory of Multiphase Flow in Power Engineering; State Key Laboratory of Mechanical Structure Strength and Vibration; State Key Laboratory of Mechanical Manufacturing System Engineering; State Key Laboratory of Electrical Insulation and Power Equipment,https://openalex.org/I4391767755; https://openalex.org/I4391767999; https://openalex.org/I4391768032; https://openalex.org/I4391768051; https://openalex.org/I4391768273,,
https://openalex.org/I4210165038,16,University of Chinese Academy of Sciences,education,China,Beijing,UCAS,University of Chinese Academy of Sciences; 中国科学院大学,384825,30463848,5.978419329946442,907,541642,http://en.wikipedia.org/wiki/University_of_the_Chinese_Academy_of_Sciences,International Centre for Theoretical Physics Asia-Pacific; Ningbo No. 2 Hospital; Kavli Institute for Theoretical Sciences,https://openalex.org/I4210101410; https://openalex.org/I4210101660; https://openalex.org/I4210105842,Chinese Academy of Sciences,https://openalex.org/I19820366
https://openalex.org/I90610280,15,South China University of Technology,education,China,Guangzhou,SCUT,Huánán Lǐgōng Dàxué; South China University of Technology; 华南理工大学,153974,11335765,6.16441738878738,582,201776,http://en.wikipedia.org/wiki/South_China_University_of_Technology,South China Institute of Collaborative Innovation; State Key Laboratory of Pulp and Paper Engineering; State Key Laboratory of Luminescent Materials and Devices; State Key Laboratory of Subtropical Building Science,https://openalex.org/I4210157323; https://openalex.org/I4391767828; https://openalex.org/I4391767939; https://openalex.org/I4391768177,,
https://openalex.org/I20231570,15,Peking University,education,China,Beijing,PKU,Imperial University of Peking; Peking University; 北京大学,394136,32289165,5.123987195983494,1123,493974,http://en.wikipedia.org/wiki/Peking_University,Beijing Institute of Big Data Research; HKUST Shenzhen Research Institute; Collaborative Innovation Center of Quantum Matter; Center for Life Sciences; State Key Laboratory of Nuclear Physics and Technology; State Key Laboratory of Turbulence and Complex Systems; State Key Laboratory of Artificial Microstructure and Mesoscopic Physics; State Key Laboratory of Protein and Plant Gene Research; State Key Laboratory of Digital Publishing Technology; State Key Laboratory of Membrane Biology; State Key Laboratory of Rare Earth Materials Chemistry and Application; State Key Laboratory of Visual and Auditory Information Processing; State Key Laboratory of Natural and Biomimetic Drugs; State Key Laboratory of Advanced Optical Communication Systems and Networks; The Affiliated High School of Peking University,https://openalex.org/I4210096250; https://openalex.org/I4210096887; https://openalex.org/I4210127494; https://openalex.org/I4210160507; https://openalex.org/I4391767693; https://openalex.org/I4391767778; https://openalex.org/I4391767804; https://openalex.org/I4391767842; https://openalex.org/I4391767988; https://openalex.org/I4391768054; https://openalex.org/I4391768055; https://openalex.org/I4391768100; https://openalex.org/I4391768132; https://openalex.org/I4392021209; https://openalex.org/I4405263327,,
https://openalex.org/I9842412,14,Nanjing University of Aeronautics and Astronautics,education,China,Nanjing,NUAA,Nanjing Aeronautical Institute; Nanjing College of Aviation Industry; Nanjing University of Aeronautics and Astronautics; 南京航空航天大学,95797,4110472,4.174301404611876,416,88907,https://en.wikipedia.org/wiki/Nanjing_University_of_Aeronautics_and_Astronautics,State Key Laboratory of Mechanical Structure Mechanics and Control,https://openalex.org/I4391767839,,
https://openalex.org/I9224756,11,Northeastern University,education,China,Shenyang,NEU,Dōngběi Dàxué; Northeastern University; 东北大学,95374,4965795,5.751785669843956,362,115691,http://en.wikipedia.org/wiki/Northeastern_University_(China),State Key Laboratory of Synthetical Automation for Process Industries; State Key Laboratory of Rolling Technology and Continuous Rolling Automation,https://openalex.org/I4391767858; https://openalex.org/I4391768283,,
https://openalex.org/I76569877,11,Southeast University,education,China,Nanjing,SEU,Dōngnán Dàxué; Southeast University; 东南大学,160075,9401322,5.466917766222597,594,185363,http://en.wikipedia.org/wiki/Southeast_University,State Key Laboratory of Digital Medical Engineering; State Key Laboratory of Mobile Communications; State Key Laboratory of Millimeter Waves,https://openalex.org/I4387154005; https://openalex.org/I4391768199; https://openalex.org/I4391768253,,
https://openalex.org/I82880672,11,Beihang University,education,China,Beijing,BUAA,Beihang University; Beijing University of Aeronautics and Astronautics; 北京航空航天大学,151684,7800609,5.143988494028546,562,153376,http://en.wikipedia.org/wiki/Beihang_University,State Key Laboratory of Software Development Environment; State Key Laboratory of Virtual Reality Technology and Systems; Tianmushan Laboratory,https://openalex.org/I4391767781; https://openalex.org/I4392738276; https://openalex.org/I4405266553,,
https://openalex.org/I87780372,9,Chongqing Medical University,education,China,Chongqing,CQMU,Chongqing Medical University; Chongqing University of Medical Sciences; 重庆医科大学,74990,4567447,3.3841199505358617,396,101259,https://en.wikipedia.org/wiki/Chongqing_Medical_University,,,,
https://openalex.org/I4210137180,9,Institute of High Energy Physics,facility,China,Beijing,IHEP,Institute of High Energy Physics; 中国科学院高能物理研究所,28632,10473202,6.519766758773743,891,164281,https://en.wikipedia.org/wiki/Institute_of_High_Energy_Physics,China Spallation Neutron Source; Songshan Lake Materials Laboratory; Key Laboratory of Nuclear Radiation and Nuclear Energy Technology; State Key Laboratory of Nuclear Detection and Nuclear Electronics; Jiangmen Underground Neutrino Observatory,https://openalex.org/I4210107785; https://openalex.org/I4210114608; https://openalex.org/I4210133524; https://openalex.org/I4391767989; https://openalex.org/I4401726834,Chinese Academy of Sciences,https://openalex.org/I19820366
https://openalex.org/I74973139,9,Carnegie Mellon University,education,United States,Pittsburgh,CMU,Carnegie Mellon University,158867,16593837,4.131388226492729,1144,170200,http://en.wikipedia.org/wiki/Carnegie_Mellon_University,Software Engineering Institute; Center for the Neural Basis of Cognition; Carnegie Mellon University Qatar; Carnegie Mellon University Australia; Carnegie Mellon University Africa; Advanced Cyberinfrastructure Coordination Ecosystem: Services & Support; Carnegie Mellon Portugal,https://openalex.org/I114772536; https://openalex.org/I4210086114; https://openalex.org/I4210089979; https://openalex.org/I4210091826; https://openalex.org/I4210130200; https://openalex.org/I4387152812; https://openalex.org/I4405255118,,
https://openalex.org/I889458895,9,University of Hong Kong,education,Hong Kong,Pok Fu Lam,HKU,Hong Kong University; University of Hong Kong,230654,22034689,5.0385727810445315,1166,273751,http://en.wikipedia.org/wiki/University_of_Hong_Kong,Institute of Molecular Functional Materials; State Key Laboratory of Synthetic Chemistry,https://openalex.org/I4210094881; https://openalex.org/I4210130449,,
https://openalex.org/I183067930,7,Shanghai Jiao Tong University,education,China,Shanghai,SJTU,Shanghai Communications University; Shanghai Jiao Tong University; Shanghai Jiaotong University; 上海交通大学; 上海交通大學,367041,28129553,5.73638530170631,879,523816,http://en.wikipedia.org/wiki/Shanghai_Jiao_Tong_University,Collaborative Innovation Center of Advanced Microstructures; State Key Laboratory of Metal Matrix Composites; State Key Laboratory of Ocean Engineering; State Key Laboratory of Microbial Metabolism; State Key Laboratory of Mechanical System and Vibration; State Key Laboratory of Medical Genomics; State Key Laboratory of Advanced Optical Communication Systems and Networks,https://openalex.org/I4210140493; https://openalex.org/I4391767745; https://openalex.org/I4391767790; https://openalex.org/I4391767884; https://openalex.org/I4391768146; https://openalex.org/I4392021104; https://openalex.org/I4392021209,,
https://openalex.org/I66867065,6,East China Normal University,education,China,Shanghai,ECNU,East China Normal University; 华东师范大学; 華東師範大學,84944,5206153,5.0738054530729775,497,95777,http://en.wikipedia.org/wiki/East_China_Normal_University,State Key Laboratory of Precision Spectroscopy Science and Technology; State Key Laboratory of Estuarine and Coastal Research,https://openalex.org/I4391767794; https://openalex.org/I4391768061,,
https://openalex.org/I21193070,6,Beijing Jiaotong University,education,China,Beijing,BJTU,Beijing Jiaotong University; Northern Jiaotong University; 北京交通大学,80838,2806809,3.89028518150678,340,62123,http://en.wikipedia.org/wiki/Beijing_Jiaotong_University,State Key Laboratory of Rail Transit Control and Safety,https://openalex.org/I4391768209,,
https://openalex.org/I55712492,6,Zhejiang University of Technology,education,China,Hangzhou,ZJUT,Zhejiang University of Technology; Zhèjiāng Gōngyè Dàxúe; 浙江工业大学,71525,4022129,5.72875034114686,392,86253,https://en.wikipedia.org/wiki/Zhejiang_University_of_Technology,Yiwu Science and Technology Research Institute; Zhijiang College of Zhejiang University of Technology,https://openalex.org/I4210159154; https://openalex.org/I4402554164,,
https://openalex.org/I24185976,6,Sichuan University,education,China,Chengdu,SCU,Sichuan University; Sìchuān Dàxué; 四川大学,264149,19969012,5.37929358686546,712,409886,http://en.wikipedia.org/wiki/Sichuan_University,West China Medical Center of Sichuan University; State Key Laboratory of Hydraulics and Mountain River Engineering; State Key Laboratory of Biotherapy; State Key Laboratory of Oral Diseases; State Key Laboratory of Polymer Materials Engineering,https://openalex.org/I2800091995; https://openalex.org/I4391767678; https://openalex.org/I4391768003; https://openalex.org/I4391768043; https://openalex.org/I4405255216,,
https://openalex.org/I97018004,6,Stanford University,education,United States,Stanford,SU,Leland Stanford Junior University; Stanford University; Universidad Stanford,528339,87460820,6.415674347474956,2487,664415,http://en.wikipedia.org/wiki/Stanford_University,SLAC National Accelerator Laboratory; Kavli Institute for Particle Astrophysics and Cosmology; Chan Zuckerberg Biohub San Francisco; Children's Hospital Central California; Brown Institute for Media Innovation; Stanford Synchrotron Radiation Lightsource; Center for Effective Global Action; Stanford Medicine; Max Planck Center for Visual Computing and Communication; Eterna Massive Open Laboratory; Facility for Advanced Accelerator Experimental Tests-II; Stanford SystemX Alliance; Hopkins Marine Station,https://openalex.org/I2801935854; https://openalex.org/I4210094059; https://openalex.org/I4210100286; https://openalex.org/I4210110647; https://openalex.org/I4210111952; https://openalex.org/I4210120900; https://openalex.org/I4210135243; https://openalex.org/I4210137306; https://openalex.org/I4210143036; https://openalex.org/I4210164524; https://openalex.org/I4390039342; https://openalex.org/I4392738099; https://openalex.org/I4405266016,,
https://openalex.org/I80947539,6,Fuzhou University,education,China,Fuzhou,FZU,Fuzhou University; Fúzhōu Dàxué; 福州大学,64991,4772975,6.128526740972454,508,84833,http://en.wikipedia.org/wiki/Fuzhou_University,,,,
https://openalex.org/I92403157,6,University of Science and Technology Beijing,education,China,Beijing,USTB,Beijing Steel and Iron Institute; University of Science and Technology Beijing; 北京科技大学,100968,6373300,5.806189062143089,484,129350,http://en.wikipedia.org/wiki/University_of_Science_and_Technology_Beijing,State Key Laboratory of New Technology of Iron and Steel Metallurgy; State Key Laboratory for Advanced Metals and Materials,https://openalex.org/I4391767834; https://openalex.org/I4391768112,,
https://openalex.org/I139759216,5,Beijing University of Posts and Telecommunications,education,China,Beijing,BUPT,Beijing University of Posts and Telecommunications; 北京邮电大学,79899,2806986,2.8990297616755862,388,59148,http://en.wikipedia.org/wiki/Beijing_University_of_Posts_and_Telecommunications,State Key Laboratory of Information Photonics and Optical Communications; State Key Laboratory of Networking and Switching Technology,https://openalex.org/I4391767763; https://openalex.org/I4392021250,,
https://openalex.org/I47720641,5,Huazhong University of Science and Technology,education,China,Wuhan,HUST,Huazhong University of Science and Technology; Huázhōng Kējì Dàxué; 华中科技大学,265604,23794943,5.592802245250431,901,414558,http://en.wikipedia.org/wiki/Huazhong_University_of_Science_and_Technology,State Key Laboratory of Materials Processing and Die & Mould Technology; State Key Laboratory of Digital Manufacturing Equipment and Technology; State Key Laboratory of Coal Combustion; State Key Laboratory of Plasting Molding Technology; State Key Laboratory of Advanced Electromagnetic Engineering and Technology; State Key Laboratory of Laser Technology; Optics Valley Laboratory,https://openalex.org/I4391767882; https://openalex.org/I4391767905; https://openalex.org/I4391767933; https://openalex.org/I4391767965; https://openalex.org/I4391767976; https://openalex.org/I4391768264; https://openalex.org/I4405259042,,
https://openalex.org/I4800084,5,Southwest Jiaotong University,education,China,Chengdu,SWJTU,Southwest Jiaotong University; Xīnán Jiāotōng Dàxué; 西南交通大学,83430,3877568,4.792621474927782,375,84974,https://en.wikipedia.org/wiki/Southwest_Jiaotong_University,State Key Laboratory of Traction Power; Southwest Jiaotong University Hope College,https://openalex.org/I4391768108; https://openalex.org/I4403386517,,
https://openalex.org/I24943067,5,Fudan University,education,China,Shanghai,,Fudan University; 复旦大学; 復旦大學,242386,20203437,5.193563048204513,858,347242,http://en.wikipedia.org/wiki/Fudan_University,Shanghai Medical College of Fudan University; Zhuhai Fudan Innovation Research Institute; Collaborative Innovation Center of Advanced Microstructures; State Key Laboratory of ASIC and System; State Key Laboratory of Macromolecular Engineering; State Key Laboratory of Medical Neurobiology; State Key Laboratory of Surface Physics; State Key Laboratory of Genetic Engineering; Greater Bay Area Institute of Precision Medicine,https://openalex.org/I133868755; https://openalex.org/I4210110560; https://openalex.org/I4210140493; https://openalex.org/I4391767673; https://openalex.org/I4391767792; https://openalex.org/I4391768195; https://openalex.org/I4391768224; https://openalex.org/I4391768242; https://openalex.org/I4405268197,,
https://openalex.org/I78577930,5,Columbia University,education,United States,New York,CU,Columbia College; Columbia University; Columbia University in the City of New York; King's College; Universidad de Columbia,387038,47451604,4.807311907776953,1723,440233,http://en.wikipedia.org/wiki/Columbia_University,Lamont-Doherty Earth Observatory; ICAP Global Health; Chan Zuckerberg Biohub New York,https://openalex.org/I152304114; https://openalex.org/I4387154024; https://openalex.org/I4396570641,,
https://openalex.org/I157773358,5,Sun Yat-sen University,education,China,Guangzhou,,Sun Yat-sen University; 中山大学,303755,25319767,4.811429749052805,919,462597,http://en.wikipedia.org/wiki/Sun_Yat-sen_University,"State Key Laboratory of Optoelectronic Materials and Technology; State Key Laboratory of Oncology in South China; State Key Laboratory of Ophthalmology; State Key Laboratory of Pest Control and Resource Utilization; Zhongshan Ophthalmic Center, Sun Yat-sen University; National Supercomputer Center in Guangzhou",https://openalex.org/I4391767867; https://openalex.org/I4391768007; https://openalex.org/I4391768270; https://openalex.org/I4391768288; https://openalex.org/I4401726874; https://openalex.org/I4405256355,,
https://openalex.org/I75390827,5,Beijing University of Chemical Technology,education,China,Beijing,BUCT,Beijing University of Chemical Technology; Běijīng Huàgōng Dàxué; 北京化工大学,56165,6095152,7.837313785764956,531,105532,https://en.wikipedia.org/wiki/Beijing_University_of_Chemical_Technology,State Key Laboratory of Organic-Inorganic Composite Materials,https://openalex.org/I4391768155,,
https://openalex.org/I150229711,5,University of Electronic Science and Technology of China,education,China,Chengdu,UESTC,University of Electronic Science and Technology of China; 电子科技大学,144576,7603666,4.591125171710444,520,147215,http://en.wikipedia.org/wiki/University_of_Electronic_Science_and_Technology_of_China,State Key Laboratory of Electronic Thin Films and Integrated Devices,https://openalex.org/I4391767659,,
https://openalex.org/I84653119,5,Academia Sinica,facility,Taiwan,Taipei,,Academia Sinica; Central Research Academy; Chinese Academy; 中央研究院,36521,1932310,2.488797169811321,376,29321,https://en.wikipedia.org/wiki/Academia_Sinica,"Institute of Astronomy and Astrophysics, Academia Sinica; Institute of Political Science, Academia Sinica; Research Center for Information Technology Innovation, Academia Sinica; Genomics Research Center, Academia Sinica; Institute of Biological Chemistry, Academia Sinica; Institute of Plant and Microbial Biology, Academia Sinica; Institute of Biomedical Sciences, Academia Sinica; Institute of Information Science, Academia Sinica; Research Center for Applied Science, Academia Sinica; Institute of Mathematics, Academia Sinica; Institute of Sociology, Academia Sinica; Institute of History and Philology, Academia Sinica; Institute of European and American Studies, Academia Sinica; Institute of Ethnology, Academia Sinica; Institute of Chinese Literature and Philosophy, Academia Sinica; Institute of Physics, Academia Sinica; Biomedical Translation Research Center; Institute of Earth Sciences, Academia Sinica; Institute of Taiwan History, Academia Sinica; Institute of Cellular and Organismic Biology, Academia Sinica; Institute of Atomic and Molecular Sciences, Academia Sinica; Institute of Molecular Biology, Academia Sinica; Biodiversity Research Center, Academia Sinica; Institute of Statistical Science, Academia Sinica; Institute of Modern History, Academia Sinica; Research Center for Environmental Changes, Academia Sinica; Agricultural Biotechnology Research Center, Academia Sinica; Institutum Iurisprudentiae, Academia Sinica; Institute of Linguistics, Academia Sinica; Research Center for Humanities and Social Sciences, Academia Sinica; Institute of Chemistry, Academia Sinica; Institute of Economics, Academia Sinica",https://openalex.org/I1311099166; https://openalex.org/I4210086453; https://openalex.org/I4210086894; https://openalex.org/I4210087491; https://openalex.org/I4210092384; https://openalex.org/I4210093852; https://openalex.org/I4210096666; https://openalex.org/I4210098366; https://openalex.org/I4210098509; https://openalex.org/I4210099334; https://openalex.org/I4210101352; https://openalex.org/I4210103246; https://openalex.org/I4210104011; https://openalex.org/I4210107432; https://openalex.org/I4210108996; https://openalex.org/I4210111779; https://openalex.org/I4210120610; https://openalex.org/I4210128530; https://openalex.org/I4210130467; https://openalex.org/I4210132902; https://openalex.org/I4210135784; https://openalex.org/I4210136969; https://openalex.org/I4210138331; https://openalex.org/I4210141710; https://openalex.org/I4210141771; https://openalex.org/I4210145996; https://openalex.org/I4210146572; https://openalex.org/I4210149173; https://openalex.org/I4210150104; https://openalex.org/I4210150355; https://openalex.org/I4210157360; https://openalex.org/I51434173,,
https://openalex.org/I75900474,5,Hubei University,education,China,Wuhan,,Hubei University; Húběi Dàxué; 湖北大学,35207,1693038,4.954106443333783,297,35828,http://en.wikipedia.org/wiki/Hubei_University,,,,
https://openalex.org/I165932596,5,National University of Singapore,education,Singapore,Singapore,NUS,King Edward VII College of Medicine; National University of Singapore; Universiti Kebangsaan Singapura; University of Malaya; சிங்கப்பூர் தேசியப் பல்கலைக்கழகம்; 新加坡国立大学,279477,24971935,6.515521683336109,1090,324104,http://en.wikipedia.org/wiki/National_University_of_Singapore,UMI MajuLab; Duke-NUS Medical School; A*STAR-NUS Clinical Imaging Research Centre; NUS High School of Mathematics and Science,https://openalex.org/I4210114908; https://openalex.org/I4210126319; https://openalex.org/I4210130241; https://openalex.org/I4389425422,,
https://openalex.org/I86519309,5,The University of Texas at Austin,education,United States,Austin,,The University of Texas at Austin; UT Austin; Universidad de Texas en Austin; Université du texas à austin,355532,23911567,0.7976525225405003,1210,281751,http://en.wikipedia.org/wiki/University_of_Texas_at_Austin,"Texas Space Grant Consortium; Beaufort Lagoon Ecosystems Long Term Ecological Research Network; UT Health Austin; Applied Research Laboratories, The University of Texas at Austin; Texas Advanced Computing Center; Bureau of Economic Geology; NSF-Simons AI Institute for Cosmic Origins",https://openalex.org/I4210164984; https://openalex.org/I4387155281; https://openalex.org/I4387930201; https://openalex.org/I4388482719; https://openalex.org/I4388891828; https://openalex.org/I4403928371; https://openalex.org/I4405256350,The University of Texas System,https://openalex.org/I16452829
https://openalex.org/I78978612,5,Yangzhou University,education,China,Yangzhou,,Yangzhou University; 扬州大学,72001,3950667,4.979359137729638,399,88475,https://en.wikipedia.org/wiki/Yangzhou_University,,,,
https://openalex.org/I125839683,4,Beijing Institute of Technology,education,China,Beijing,BIT,Beijing Institute of Technology; 北京理工大学,139193,7899943,5.5935190918472655,579,148508,https://en.wikipedia.org/wiki/Beijing_Institute_of_Technology,,,Ministry of Industry and Information Technology,https://openalex.org/I890469752
https://openalex.org/I19820366,4,Chinese Academy of Sciences,government,China,Beijing,CAS,Chinese Academy of Sciences; 中国科学院,999220,113612529,6.767515948692783,1647,1792521,http://en.wikipedia.org/wiki/Chinese_Academy_of_Sciences,"University of Science and Technology of China; Kunming Institute of Botany; Shenyang Institute of Automation; Dalian Institute of Chemical Physics; Kunming Institute of Zoology; Shanghai Astronomical Observatory; Xishuangbanna Tropical Botanical Garden; Beijing Institute of Genomics; Guangzhou Institutes of Biomedicine and Health; Purple Mountain Observatory; Hefei Institutes of Physical Science; Guangzhou Institute of Geochemistry; Technology and Engineering Center for Space Utilization; Institute of Vertebrate Paleontology and Paleoanthropology; Changchun Institute of Optics, Fine Mechanics and Physics; Lanzhou Institute of Chemical Physics; Institute of Hydrobiology; Institute of Computing Technology; Suzhou Institute of Nano-tech and Nano-bionics; Suzhou Institute of Biomedical Engineering and Technology; Changchun Institute of Applied Chemistry; National Time Service Center; Institute for History of Natural Sciences; Shanghai Institute of Nutrition and Health; Institut Pasteur of Shanghai; Center for Excellence in Brain Science and Intelligence Technology; Institute of Acoustics; Institute of Oceanology; Northeast Institute of Geography and Agroecology; Xinjiang Institute of Ecology and Geography; South China Sea Institute Of Oceanology; Nanjing Institute of Geology and Paleontology; Xinjiang Technical Institute of Physics & Chemistry; Shanghai Institutes for Biological Sciences; Northwest Institute of Eco-Environment and Resources; Wuhan Institute of Virology; Institute of Subtropical Agriculture; Yantai Institute of Coastal Zone Research; Computer Network Information Center; Institute of Applied Ecology; Institute of Electronics; Shanghai Advanced Research Institute; Institute of Automation; Institute of Biophysics; Shanghai Institute of Materia Medica; Shanghai Institute of Organic Chemistry; National Space Science Center; Botanical Society of China; Institutes of Science and Development; Fujian Institute of Research on the Structure of Matter; Institute of Microelectronics; Institute of Urban Environment; Institute of Engineering Thermophysics; Academy of Mathematics and Systems Science; South China Botanical Garden; Center for Excellence in Molecular Cell Science; Wuhan Botanical Garden; Chongqing Institute of Green and Intelligent Technology; Shanghai Institute of Applied Physics; Institute of Genetics and Developmental Biology; Institute of Mountain Hazards and Environment; Institute of Theoretical Physics; Institute of Geology and Geophysics; Institute of Metal Research; Institute of Remote Sensing and Digital Earth; Institute of Optics and Electronics, Chinese Academy of Sciences; Guangzhou Institute of Energy Conversion; Institute of Software; Institute of Electrical Engineering; Institute of Modern Physics; Institute of Psychology, Chinese Academy of Sciences; Institute of Process Engineering; Nanjing Institute of Geography and Limnology; Institute of Microbiology; Shanghai Institute of Optics and Fine Mechanics; Shanghai Institute of Technical Physics; Institute of Geochemistry; Institute of High Energy Physics; Aerospace Information Research Institute; Tianjin Institute of Industrial Biotechnology; Center for Excellence in Molecular Plant Sciences; Institute of Rock and Soil Mechanics; Technical Institute of Physics and Chemistry; Institute of Tibetan Plateau Research; National Center for Nanoscience and Technology; Research Center for Eco-Environmental Sciences; Xi'an Institute of Optics and Precision Mechanics; Shenzhen Institutes of Advanced Technology; Shanghai Institute of Microsystem and Information Technology; National Science Library; Institute of Semiconductors; Academy of Opto-Electronics; Institute of Atmospheric Physics; Chengdu Institute of Biology; Institute of Deep-Sea Science and Engineering; Institute of Chemistry; Institute of Information Engineering; Institute of Mechanics; Institute of Botany; Qingdao Institute of Bioenergy and Bioprocess Technology; Institute of Earth Environment; Institute of Physics; Institute of Coal Chemistry; Institute of Geographic Sciences and Natural Resources Research; Shanghai Institute of Ceramics; National Astronomical Observatories; University of Chinese Academy of Sciences; Beijing Advanced Sciences and Innovation Center; Ningbo Institute of Industrial Technology; Institute of Soil Science; Institute of Zoology; Key Laboratory of Zoological Systematics and Evolution; Innovation Academy for Microsatellites of Chinese Academy of Sciences; Northwest Institute of Plateau Biology; Sino-Africa Joint Research Center; Hangzhou Institute of Medicine, Chinese Academy of Sciences; Institute Academy for Precision Measurment Science and Technology, CAS; Qinghai Institute of Salt Lakes; Beijing Institute for Stem Cell and Regenerative Medicine; International Research Center of Big Data for Sustainable Development Goals",https://openalex.org/I126520041; https://openalex.org/I13850615; https://openalex.org/I142078773; https://openalex.org/I180585399; https://openalex.org/I18489884; https://openalex.org/I2799714274; https://openalex.org/I2801454379; https://openalex.org/I2801577699; https://openalex.org/I2802148028; https://openalex.org/I2802340896; https://openalex.org/I2802624667; https://openalex.org/I3018690959; https://openalex.org/I4210086028; https://openalex.org/I4210086287; https://openalex.org/I4210088164; https://openalex.org/I4210089297; https://openalex.org/I4210089584; https://openalex.org/I4210090176; https://openalex.org/I4210092495; https://openalex.org/I4210092817; https://openalex.org/I4210092888; https://openalex.org/I4210093645; https://openalex.org/I4210095609; https://openalex.org/I4210096013; https://openalex.org/I4210096219; https://openalex.org/I4210097554; https://openalex.org/I4210099069; https://openalex.org/I4210101167; https://openalex.org/I4210101301; https://openalex.org/I4210103115; https://openalex.org/I4210103685; https://openalex.org/I4210103797; https://openalex.org/I4210106108; https://openalex.org/I4210106477; https://openalex.org/I4210106526; https://openalex.org/I4210106882; https://openalex.org/I4210107235; https://openalex.org/I4210108244; https://openalex.org/I4210108629; https://openalex.org/I4210110024; https://openalex.org/I4210110458; https://openalex.org/I4210111959; https://openalex.org/I4210112150; https://openalex.org/I4210112540; https://openalex.org/I4210112820; https://openalex.org/I4210112946; https://openalex.org/I4210115570; https://openalex.org/I4210115799; https://openalex.org/I4210116191; https://openalex.org/I4210119098; https://openalex.org/I4210119392; https://openalex.org/I4210119653; https://openalex.org/I4210120320; https://openalex.org/I4210120485; https://openalex.org/I4210120696; https://openalex.org/I4210121447; https://openalex.org/I4210122269; https://openalex.org/I4210123021; https://openalex.org/I4210123885; https://openalex.org/I4210124606; https://openalex.org/I4210124748; https://openalex.org/I4210125404; https://openalex.org/I4210126061; https://openalex.org/I4210126304; https://openalex.org/I4210128053; https://openalex.org/I4210128284; https://openalex.org/I4210128491; https://openalex.org/I4210128818; https://openalex.org/I4210128819; https://openalex.org/I4210131271; https://openalex.org/I4210131870; https://openalex.org/I4210133325; https://openalex.org/I4210134482; https://openalex.org/I4210134982; https://openalex.org/I4210135349; https://openalex.org/I4210135723; https://openalex.org/I4210135735; https://openalex.org/I4210137180; https://openalex.org/I4210137199; https://openalex.org/I4210139473; https://openalex.org/I4210139738; https://openalex.org/I4210140379; https://openalex.org/I4210140689; https://openalex.org/I4210141476; https://openalex.org/I4210141483; https://openalex.org/I4210144289; https://openalex.org/I4210144662; https://openalex.org/I4210145761; https://openalex.org/I4210147322; https://openalex.org/I4210148850; https://openalex.org/I4210149211; https://openalex.org/I4210151155; https://openalex.org/I4210152758; https://openalex.org/I4210152908; https://openalex.org/I4210154862; https://openalex.org/I4210155088; https://openalex.org/I4210156404; https://openalex.org/I4210157653; https://openalex.org/I4210158097; https://openalex.org/I4210158139; https://openalex.org/I4210159790; https://openalex.org/I4210159876; https://openalex.org/I4210159903; https://openalex.org/I4210160793; https://openalex.org/I4210163874; https://openalex.org/I4210164580; https://openalex.org/I4210165038; https://openalex.org/I4210165198; https://openalex.org/I4210165339; https://openalex.org/I4210165559; https://openalex.org/I4210167311; https://openalex.org/I4387153529; https://openalex.org/I4387154354; https://openalex.org/I4387155266; https://openalex.org/I4387155549; https://openalex.org/I4405261136; https://openalex.org/I4405261497; https://openalex.org/I4405263408; https://openalex.org/I4405265004; https://openalex.org/I4405265946,,
https://openalex.org/I92039509,4,Guangzhou Medical University,education,China,Guangzhou,GMU,Guangzhou Medical College; Guangzhou Medical University; 广州医科大学,70904,5677085,3.5432773923049754,598,81734,https://en.wikipedia.org/wiki/Guangzhou_Medical_University,,,,
https://openalex.org/I66946132,4,"University of Maryland, College Park",education,United States,College Park,UMD,"Universidad de Maryland; University of Maryland, College Park; Université du Maryland",242445,24246427,4.023309852712469,1344,254942,"http://en.wikipedia.org/wiki/University_of_Maryland,_College_Park",Joint Global Change Research Institute; Virginia–Maryland College of Veterinary Medicine; Joint Center for Quantum Information and Computer Science; Earth System Science Interdisciplinary Center; Joint Quantum Institute; Applied Research Laboratory for Intelligence and Security; Institute for Bioscience and Biotechnology Research; Maryland Quantum Materials Center,https://openalex.org/I112475681; https://openalex.org/I39822340; https://openalex.org/I4210108409; https://openalex.org/I4210144776; https://openalex.org/I4210151733; https://openalex.org/I4388482636; https://openalex.org/I4389425230; https://openalex.org/I4405254040,University System of Maryland,https://openalex.org/I1317227900
https://openalex.org/I80143920,4,Shandong University of Science and Technology,education,China,Qingdao,SDUST,Shandong University of Science and Technology; Shāndōng Kējì Dàxué; 山东科技大学,52537,2144292,4.484661358537021,296,48508,http://en.wikipedia.org/wiki/Shandong_University_of_Science_and_Technology,,,,
https://openalex.org/I43313876,4,Dalian Maritime University,education,China,Dalian,,Dalian Marine College; Dalian Maritime University; 大连海事大学,33577,1191531,4.276839168730214,242,27953,https://en.wikipedia.org/wiki/Dalian_Maritime_University,,,,
https://openalex.org/I78988378,4,Renmin University of China,education,China,Beijing,RUC,People's University of China; Renmin University of China; Zhōngguó Rénmín Dàxué; 中国人民大学,46662,1462798,6.218378327355107,346,25751,http://en.wikipedia.org/wiki/Renmin_University_of_China,,,,
https://openalex.org/I37461747,4,Wuhan University,education,China,Wuhan,WHU,Wuhan University; 武汉大学,226956,17224788,5.070799375266222,869,297525,http://en.wikipedia.org/wiki/Wuhan_University,Duke Kunshan University; State Key Laboratory of Water Resources and Hydropower Engineering Science; State Key Laboratory of Virology; State Key Laboratory of Software Engineering,https://openalex.org/I4210159968; https://openalex.org/I4391768013; https://openalex.org/I4391768268; https://openalex.org/I4391768271,,
https://openalex.org/I25757504,4,China University of Mining and Technology,education,China,Xuzhou,CUMT,China University of Mining and Technology; Zhōngguó Kuàngyè Dàxué; 中国矿业大学,92186,4558419,4.710676880156985,358,106571,http://en.wikipedia.org/wiki/China_University_of_Mining_and_Technology,State Key Laboratory of Coal Resources and Safe Mining; State Key Laboratory for Geomechanics and Deep Underground Engineering,https://openalex.org/I4391767921; https://openalex.org/I4391768053,,
https://openalex.org/I150807315,4,Guangxi University,education,China,Nanning,GXU,Guangxi University; Guǎngxī Dàxué; 广西大学,68029,3367707,5.487667229047359,313,79047,https://en.wikipedia.org/wiki/Guangxi_University,State Key Laboratory For Conservation and Utilization of Subtropical Agro-Bioresources,https://openalex.org/I4391768241,,
https://openalex.org/I158842170,4,Chongqing University,education,China,Chongqing,CQU,Chongqing University; Chóngqìng Dàxué; 重庆大学,141637,8292559,5.708876974499058,483,170282,http://en.wikipedia.org/wiki/Chongqing_University,State Key Laboratory of Power Transmission and Distribution Equipment and System Safety and New Technology; State Key Laboratory of Coal Mine Disaster Dynamics and Control; State Key Laboratory of Mechanical Transmission,https://openalex.org/I4391767658; https://openalex.org/I4391767958; https://openalex.org/I4391768226,,
https://openalex.org/I83519826,4,Nanjing Medical University,education,China,Nanjing,NMU,Nanjing Medical College; Nanjing Medical University; National Jiangsu Medical College; 南京医科大学,108734,8353968,4.066430192962542,530,173559,https://en.wikipedia.org/wiki/Nanjing_Medical_University,State Key Laboratory of Reproductive Medicine,https://openalex.org/I4391767661,,
https://openalex.org/I98227222,4,China National Petroleum Corporation (China),company,China,Beijing,CNPC,China National Petroleum Corporation (China); 大庆油田有限责任公司油田建设设计研究院,25322,481795,2.099545033279973,177,11771,https://en.wikipedia.org/wiki/China_National_Petroleum_Corporation,Institute of Porous Flow and Fluid Mechanics; Research Institute of Petroleum Exploration and Development; Daqing Oilfield of CNPC; PetroChina Southwest Oil and Gas Field Company (China),https://openalex.org/I4210105834; https://openalex.org/I4210112595; https://openalex.org/I4387155657; https://openalex.org/I4387156274,,
https://openalex.org/I119454577,4,Nanjing Agricultural University,education,China,Nanjing,NAU,Nanjing Agricultural University; Nánjīng nóngyè dàxué; 南京农业大学,69042,6894049,4.896341368281457,485,128792,http://en.wikipedia.org/wiki/Nanjing_Agricultural_University,State Key Laboratory of Crop Genetics and Germplasm Innovation,https://openalex.org/I4391767919,,
https://openalex.org/I154099455,4,Shandong University,education,China,Jinan,SDU,"Shandong University; Shāndōng Dàxué,; 山东大学",199862,14640342,5.249956458635704,591,297559,http://en.wikipedia.org/wiki/Shandong_University,State Key Laboratory of Microbial Technology; State Key Laboratory of Crystal Materials,https://openalex.org/I4391767886; https://openalex.org/I4391768157,,
https://openalex.org/I9916479,4,Air Force Medical University,education,China,Xi'an,FMMU,Air Force Medical University; First Military Medical College of PLA; Fourth Military Medical University; People's Medical College of Northwestern Military Region; 空军军医大学,53775,4849377,4.55579423150075,404,94421,https://en.wikipedia.org/wiki/Air_Force_Medical_University,State Key Laboratory of Cancer Biology,https://openalex.org/I4391767982,,
https://openalex.org/I43922553,4,Wuhan University of Science and Technology,education,China,Wuhan,WUST,Wuhan University of Science and Technology; 武汉科技大学,40126,1493519,4.3460382477325314,250,35961,http://en.wikipedia.org/wiki/Wuhan_University_of_Science_and_Technology,,,,
https://openalex.org/I84218800,4,"University of California, Davis",education,United States,Davis,UCD,"UC Davis; Universidad de California en Davis; University of California, Davis; Université de Californie à Davis",300046,29678644,3.3402164496567064,1214,377919,"http://en.wikipedia.org/wiki/University_of_California,_Davis",NeuroMab; Tahoe Environmental Research Center,https://openalex.org/I4210092208; https://openalex.org/I4387155247,University of California System,https://openalex.org/I2803209242
https://openalex.org/I47689461,4,Northeast Forestry University,education,China,Harbin,NEFU,Dōngběi Línyè Dàxué; Northeast Forestry University; 东北林业大学,37590,1799405,5.001795378183591,292,39821,http://en.wikipedia.org/wiki/Northeast_Forestry_University,State Key Laboratory of Tree Genetics and Breeding,https://openalex.org/I4392021092,,
https://openalex.org/I89652312,4,Northwest A&F University,education,China,Yangling,NWAFU,Northwest A&F University; Xīběi Nónglín Kējì Dàxué; 西北农林科技大学,63532,6416946,6.012386089468751,431,129693,http://en.wikipedia.org/wiki/Northwest_A%26F_University,,,,
https://openalex.org/I159948400,4,Jinan University,education,China,Guangzhou,JNU,Jinan University; 暨南大学,71590,4924648,6.415244903874022,438,100109,http://en.wikipedia.org/wiki/Jinan_University,Guangdong-Hongkong-Macau Joint Laboratory of Collaborative Innovation for Environmental Quality; The Affiliated Shunde Hospital of Jinan University,https://openalex.org/I4210107815; https://openalex.org/I4392738306,,
https://openalex.org/I202126657,3,Qufu Normal University,education,China,Qufu,,Qufu Normal University; Qūfù Shīfàn Dàxué; 曲阜师范大学,23603,871555,3.8915491288372643,230,20457,http://en.wikipedia.org/wiki/Qufu_Normal_University,,,,
https://openalex.org/I4210143608,3,Henan Cancer Hospital,healthcare,China,Zhengzhou,,Henan Cancer Hospital; 河南省肿瘤医院,10625,436627,4.191318963812537,206,8400,,,,,
https://openalex.org/I27357992,3,Dalian University of Technology,education,China,Dalian,DUT,Dalian University of Technology; Dàlián Lǐgōng Dàxué; 大连理工大学,139082,9539413,5.156749974815235,569,185711,http://en.wikipedia.org/wiki/Dalian_University_of_Technology,"Joint Institute of the Dalian University of Technology and Belarusian State University; State Key Laboratory of Fine Chemicals; State Key Laboratory of Coastal and Offshore Engineering; State Key Laboratory of Structural Analysis for Industrial Equipment; City Institute, Dalian University of Technology",https://openalex.org/I4387155016; https://openalex.org/I4391767660; https://openalex.org/I4391768152; https://openalex.org/I4391768246; https://openalex.org/I4403386801,,
https://openalex.org/I4210131271,3,Institute of Modern Physics,facility,China,Lanzhou,IMP,Institute of Modern Physics; 中国科学院近代物理研究所,18826,1098603,3.0270638727594044,278,25711,,,,Chinese Academy of Sciences,https://openalex.org/I19820366
https://openalex.org/I4210116924,3,"Chinese University of Hong Kong, Shenzhen",education,China,Shenzhen,CUHKSZ,"Chinese University of Hong Kong, Shenzhen; 香港中文大學 (深圳)",21725,1210609,7.511007986186057,383,17346,"https://en.wikipedia.org/wiki/Chinese_University_of_Hong_Kong,_Shenzhen",,,Chinese University of Hong Kong; Shenzhen University,https://openalex.org/I177725633; https://openalex.org/I180726961
https://openalex.org/I194450716,3,Jilin University,education,China,Changchun,,Jilin University; Jílín Dàxué; 吉林大学,183761,14615184,5.688221856783614,626,302655,http://en.wikipedia.org/wiki/Jilin_University,State Key Laboratory on Integrated Optoelectronics; State Key Laboratory of Theoretical Chemical Computing; State Key Laboratory of Inorganic Synthesis and Preparative Chemistry; State Key Laboratory of Supramolecular Structure and Materials; State Key Laboratory of Superhard Materials; State Key Laboratory of Automotive Simulation and Control,https://openalex.org/I4210091786; https://openalex.org/I4391767662; https://openalex.org/I4391768096; https://openalex.org/I4391768123; https://openalex.org/I4391768279; https://openalex.org/I4392738231,,
https://openalex.org/I168719708,3,City University of Hong Kong,education,Hong Kong,Hong Kong,,City University of Hong Kong,116487,8026927,8.973153987832784,650,119036,http://en.wikipedia.org/wiki/City_University_of_Hong_Kong,Institute of Molecular Functional Materials; State Key Laboratory of Marine Pollution,https://openalex.org/I4210094881; https://openalex.org/I4391768037,,
https://openalex.org/I139024713,3,Guangdong University of Technology,education,China,Guangzhou,GDUT,Guangdong University of Technology; Guǎngdōng Gōngyè Dàxué; 广东工业大学,58795,3223120,6.345815338306505,355,67687,http://en.wikipedia.org/wiki/Guangdong_University_of_Technology,,,,
https://openalex.org/I4210125143,3,Chengdu University,education,China,Chengdu,CDU,Chengdu University,32329,1842274,5.35022051340043,286,39579,,,,,
https://openalex.org/I126520041,3,University of Science and Technology of China,education,China,Hefei,USTC,University of Science and Technology of China; 中国科学技术大学,208234,23040299,6.3970705633265075,973,354311,http://en.wikipedia.org/wiki/University_of_Science_and_Technology_of_China,Hefei National Center for Physical Sciences at Nanoscale; CAS Key Laboratory of Urban Pollutant Conversion; Hefei Material Science and Technology Center; Collaborative Innovation Center of Advanced Microstructures; National Synchrotron Radiation Laboratory; State Key Laboratory of Nuclear Detection and Nuclear Electronics; State Key Laboratory of Fire Science,https://openalex.org/I4210103894; https://openalex.org/I4210124140; https://openalex.org/I4210139613; https://openalex.org/I4210140493; https://openalex.org/I4210149848; https://openalex.org/I4391767989; https://openalex.org/I4391768148,Chinese Academy of Sciences,https://openalex.org/I19820366
https://openalex.org/I867280407,3,The University of Texas Southwestern Medical Center,healthcare,United States,Dallas,,The University of Texas Southwestern Medical Center; UT Southwestern,144311,21717044,4.47594733865393,1265,200548,https://en.wikipedia.org/wiki/University_of_Texas_Southwestern_Medical_Center,Texas Health Dallas; Institute for Exercise and Environmental Medicine; Harold C. Simmons Comprehensive Cancer Center,https://openalex.org/I2800861319; https://openalex.org/I4210145855; https://openalex.org/I4390039370,The University of Texas System,https://openalex.org/I16452829
https://openalex.org/I4210089761,3,West China Hospital of Sichuan University,healthcare,China,Chengdu,WCH,West China Hospital of Sichuan University,75201,4081712,4.288467105948838,408,91683,,,,,
https://openalex.org/I44675526,3,Shanghai Ocean University,education,China,Shanghai,SHOU,Shanghai Ocean University; 上海海洋大学; 上海海洋大學,31545,1161334,3.8147606171464927,223,28664,http://en.wikipedia.org/wiki/Shanghai_Ocean_University,,,,
https://openalex.org/I113940042,3,Shanghai University,education,China,Shanghai,SHU,Shanghai University; Shànghǎi Dàxué; 上海大学; 上海大學,100613,5150833,5.77187971004091,473,102926,http://en.wikipedia.org/wiki/Shanghai_University,,,,
https://openalex.org/I58200834,3,Southern Medical University,education,China,Guangzhou,SMU,First Military Medical University; Southern Medical University; 南方医科大学,87949,6276007,4.901013709301994,492,126344,https://en.wikipedia.org/wiki/Southern_Medical_University,,,,
https://openalex.org/I37796252,3,Beijing University of Technology,education,China,Beijing,,Beijing Polytechnic University; Beijing University of Technology; Běijīng Gōngyè Dàxué; 北京工业大学,80573,3847098,5.099532525388708,398,82011,http://en.wikipedia.org/wiki/Beijing_University_of_Technology,Beijing Institute of Big Data Research,https://openalex.org/I4210096250,,
https://openalex.org/I4210151987,3,Ministry of Agriculture and Rural Affairs,government,China,Beijing,MOA,Ministry of Agriculture and Rural Affairs; 中华人民共和国农业农村部,47956,4075164,6.4097831384015596,313,103036,https://en.wikipedia.org/wiki/Ministry_of_Agriculture_and_Rural_Affairs,Chinese Academy of Tropical Agricultural Sciences; Chinese Center For Disease Control and Prevention; National Animal Husbandry Service; Research Center for Rural Economy; Chinese Academy of Agricultural Engineering; Chinese Academy of Agricultural Sciences; China Association of Rural Energy Industry; Nanjing Institute of Agricultural Mechanization; China Agriculture Research System; Chinese Academy of Fishery Sciences,https://openalex.org/I107851509; https://openalex.org/I184490438; https://openalex.org/I4210117733; https://openalex.org/I4210119894; https://openalex.org/I4210120962; https://openalex.org/I4210138501; https://openalex.org/I4210157904; https://openalex.org/I4210166367; https://openalex.org/I4405256025; https://openalex.org/I46529539,State Council of the People's Republic of China,https://openalex.org/I4210127390
https://openalex.org/I3124059619,3,China University of Geosciences,education,China,Wuhan,CUG,Beijing Institute of Geology; China University of Geosciences; Hubei College of Geology; Wuhan College of Geology; 中国地质大学,67809,3927929,5.3025907863009225,385,78108,https://en.wikipedia.org/wiki/China_University_of_Geosciences_(Wuhan),State Key Laboratory of Biogeology and Environmental Geology; State Key Laboratory of Geological Processes and Mineral Resources,https://openalex.org/I4391767645; https://openalex.org/I4391767817,,
https://openalex.org/I148128674,3,University of Shanghai for Science and Technology,education,China,Shanghai,USST,University of Shanghai for Science and Technology; 上海理工大学; 上海理工大學,46680,2033289,5.721767265424523,294,43498,http://en.wikipedia.org/wiki/University_of_Shanghai_for_Science_and_Technology,,,,
https://openalex.org/I23171815,3,Zhengzhou University of Light Industry,education,China,Zhengzhou,,Zhengzhou University of Light Industry; Zhèngzhōu Qīnggōngyè Dàxué; 郑州轻工业学院,16826,758702,4.1899171994549835,216,16762,http://en.wikipedia.org/wiki/Zhengzhou_University_of_Light_Industry,,,,
https://openalex.org/I78757542,3,University of Newcastle Australia,education,Australia,Newcastle,UoN,Newcastle University; University of Newcastle Australia,77989,5290862,3.5339020209670347,597,77514,http://en.wikipedia.org/wiki/University_of_Newcastle_(Australia),ARC Centre of Excellence for Enabling Eco-Efficient Beneficiation of Minerals; The University of Newcastle Research Associates,https://openalex.org/I4210111152; https://openalex.org/I4405263413,,
https://openalex.org/I102322142,3,"Rutgers, The State University of New Jersey",education,United States,New Brunswick,RU,"Rutgers; Rutgers University; Rutgers, The State University of New Jersey",251767,21545589,3.617463649553916,1136,272592,http://en.wikipedia.org/wiki/Rutgers_University,Center for Discrete Mathematics and Theoretical Computer Science; New Jersey Space Grant Consortium; Palmer Long Term Ecological Research; Rutgers Health,https://openalex.org/I2799411422; https://openalex.org/I4210086200; https://openalex.org/I4387154979; https://openalex.org/I4390039302,,
https://openalex.org/I191208505,3,Xiamen University,education,China,Xiamen,XMU,Xiamen University; Xiàmén Dàxué; 厦门大学,119542,9580194,6.078788963020647,659,165639,http://en.wikipedia.org/wiki/Xiamen_University,Xiamen University Malaysia; State Key Laboratory of Cell Stress Biology; State Key Laboratory of Marine Environmental Science,https://openalex.org/I4210134189; https://openalex.org/I4391767808; https://openalex.org/I4391767883,,
https://openalex.org/I31683504,3,Beijing Forestry University,education,China,Beijing,BFU; BJFU,Beijing Forestry University; 北京林业大学,44007,2344445,4.577484487844573,330,50425,https://en.wikipedia.org/wiki/Beijing_Forestry_University,,,Ministry of Education of the People's Republic of China,https://openalex.org/I1327237609
https://openalex.org/I74872605,3,China Southern Power Grid (China),company,China,Guangzhou,CSG,China Southern Power Grid (China); Zhōngguó Nánfāng Diànwǎng,22994,227937,1.0394834276235894,124,4980,https://en.wikipedia.org/wiki/China_Southern_Power_Grid,,,,
https://openalex.org/I52357470,3,The Ohio State University,education,United States,Columbus,OSU,The Ohio State University; Universidad Estatal de Ohio; Université d'État de l'Ohio,371818,29164426,3.4056254064600044,1190,379896,http://en.wikipedia.org/wiki/Ohio_State_University,The Ohio State University at Mansfield; The Ohio State University at Marion; The Ohio State University at Lima; Center for Muscle Health and Neuromuscular Disorders; The Ohio State University Newark; Byrd Polar and Climate Research Center; NSF National eXtreme Ultrafast Science Facility; CHRR at The Ohio State University,https://openalex.org/I2800773976; https://openalex.org/I2801551205; https://openalex.org/I2801706460; https://openalex.org/I4210094986; https://openalex.org/I4210107394; https://openalex.org/I4400009048; https://openalex.org/I4405254524; https://openalex.org/I4405258085,University System of Ohio,https://openalex.org/I2802096936
https://openalex.org/I52158045,3,China Agricultural University,education,China,Beijing,CAU,China Agricultural University; Zhōngguó Nóngyè Dàxué; 中国农业大学,98098,9002696,5.127989546627823,572,162071,http://en.wikipedia.org/wiki/China_Agricultural_University,State Key Laboratory of Animal Nutrition; State Key Laboratory of Agricultural Biotechnology; State Key Laboratory of Plant Physiology and Biochemistry,https://openalex.org/I4391767711; https://openalex.org/I4391768130; https://openalex.org/I4391768222,,
https://openalex.org/I45928872,3,Alibaba Group (China),company,China,Hangzhou,,Alibaba; Alibaba Group; Alibaba Group (China); Alibaba Inc.; Qwen; Qwen Team; Qwen.AI; Ālǐbābā Jítuán Kònggǔ Yǒuxiàn Gōngsī; 阿里巴巴集团控股有限公司,6904,454825,4.481248078696588,245,7205,https://en.wikipedia.org/wiki/Alibaba_Group,Alibaba Group (Cayman Islands); Alibaba Group (United States),https://openalex.org/I4210086143; https://openalex.org/I4210095624,,
https://openalex.org/I25254941,3,Beijing Normal University,education,China,Beijing,BNU,Beijing Normal University; Běijīng Shīfàn Dàxué; 北京师范大学,119281,6655029,4.6530360571196345,587,118752,http://en.wikipedia.org/wiki/Beijing_Normal_University,State Key Laboratory of Earth Surface Processes and Resource Ecology; State Key Laboratory of Cognitive Neuroscience and Learning,https://openalex.org/I4391768099; https://openalex.org/I4391768142,,
https://openalex.org/I39333907,3,Yanshan University,education,China,Qinhuangdao,YSU,Yanshan University; Yānshān dàxué; 燕山大学,41146,2022583,4.899817850637523,292,47249,http://en.wikipedia.org/wiki/Yanshan_University,State Key Laboratory of Metastable Materials Science and Technology,https://openalex.org/I4391767811,,
https://openalex.org/I91125648,3,Wuhan Institute of Technology,education,China,Wuhan,WIT,Hubei Petrochemical Institute; Wuhan Institute of Technology; Wǔhàn Gōngchéng Dàxué; 武汉工程大学,23636,1002620,5.825636977590668,250,22723,https://en.wikipedia.org/wiki/Wuhan_Institute_of_Technology,,,,
https://openalex.org/I74485261,3,Shandong Agricultural University,education,China,Tai’an,SDAU,Shandong Agricultural University; Shāndōng Nóngyè Dàxué; 山东农业大学,29698,2275192,4.442561604179906,304,47025,https://en.wikipedia.org/wiki/Shandong_Agricultural_University,State Key Laboratory of Crop Biology,https://openalex.org/I4391767932,,
https://openalex.org/I95457486,3,"University of California, Berkeley",education,United States,Berkeley,UCB,"Cal Berkeley; UC Berkeley; Universidad de California en Berkeley; University of California at Berkeley; University of California, Berkeley; Université de Californie à Berkeley",450917,56376476,3.921076051423486,1876,493940,"http://en.wikipedia.org/wiki/University_of_California,_Berkeley",QB3; Chan Zuckerberg Biohub San Francisco; Innovative Genomics Institute; Tsinghua–Berkeley Shenzhen Institute; Center for Effective Global Action; Plant Gene Expression Center; Gump South Pacific Research Station; Pacific Earthquake Engineering Research Center; Space Sciences Laboratory; Institute of International Studies; CloudBank,https://openalex.org/I103922791; https://openalex.org/I4210100286; https://openalex.org/I4210109258; https://openalex.org/I4210114105; https://openalex.org/I4210135243; https://openalex.org/I4210144282; https://openalex.org/I4210144402; https://openalex.org/I4392738292; https://openalex.org/I4405256501; https://openalex.org/I4405259112; https://openalex.org/I4405259881,University of California System,https://openalex.org/I2803209242
https://openalex.org/I153473198,3,North China Electric Power University,education,China,Beijing,NCEPU,Huáběi diànlì dàxué; North China Electric Power University; 华北电力大学,88514,3364967,4.047139071121345,385,68329,http://en.wikipedia.org/wiki/North_China_Electric_Power_University,Suzhou Institute of North China Electric Power University; State Key Laboratory of Alternate Electrical Power System with Renewable Energy Sources,https://openalex.org/I4387155539; https://openalex.org/I4391767892,,
https://openalex.org/I162868743,3,Tianjin University,education,China,Tianjin,TJU,Peiyang University; Tianjin University; 天津大学,170568,12505450,5.915096404180659,611,237731,http://en.wikipedia.org/wiki/Tianjin_University,Collaborative Innovation Center of Chemical Science and Engineering Tianjin; State Key Laboratory of Precision Testing Technology and Instruments; State Key Laboratory of Hydraulic Engineering Simulation and Safety; State Key Laboratory of Internal Combustion Engines,https://openalex.org/I4210151209; https://openalex.org/I4391767736; https://openalex.org/I4391767769; https://openalex.org/I4392021117,,
https://openalex.org/I4210129465,2,Wuhan Ship Development & Design Institute,facility,China,Wuhan,WSDDI,Wuhan Ship Development & Design Institute; 武汉船舶设计研究院,10343,124146,2.9420843745406438,104,3184,,,,,
https://openalex.org/I41198531,2,Nanjing University of Posts and Telecommunications,education,China,Nanjing,NJUPT; NUPT,Nanjing Institute of Posts and Telecommunications; Nanjing University of Posts and Telecommunications; 南京邮电大学,44875,2054477,5.01024479394579,355,40720,https://en.wikipedia.org/wiki/Nanjing_University_of_Posts_and_Telecommunications,The Synergetic Innovation Center for Advanced Materials,https://openalex.org/I4210159340,,
https://openalex.org/I50180762,2,Chongqing Three Gorges University,education,China,Chongqing,CTGU,Chongqing Three Gorges University; 重庆三峡学院,10209,198720,3.6106634434595755,135,4939,http://en.wikipedia.org/wiki/Chongqing_Three_Gorges_University,,,,
https://openalex.org/I53592917,2,Jiangxi Normal University,education,China,Nanchang,JXNU,Jiangxi Normal University; Jiāngxī Shīfàn Dàxué; 江西师范大学,22166,937652,5.3060881474103585,237,20619,http://en.wikipedia.org/wiki/Jiangxi_Normal_University,,,,
https://openalex.org/I40963666,2,Central China Normal University,education,China,Wuhan,CCNU,Central China Normal University; Huazhong Normal University; 华中师范大学,43323,3758508,4.601604902246863,467,57019,http://en.wikipedia.org/wiki/Central_China_Normal_University,,,,
https://openalex.org/I4210154338,2,Hubei Engineering University,education,China,Xiaogan,HBEU,Hubei Engineering University; 湖北工程大学,5006,131741,5.478373478373478,142,2734,,,,,
https://openalex.org/I131434179,2,Nanjing University of Chinese Medicine,education,China,Nanjing,NJUCM,Nanjing University of Chinese Medicine; Nánjīng Zhōng Yīyào Dàxué; 南京中医药大学,34990,1819650,3.889511514167475,282,43186,https://en.wikipedia.org/wiki/Nanjing_University_of_Chinese_Medicine,,,,
https://openalex.org/I4210097066,2,Shanghai Ninth People's Hospital,healthcare,China,Shanghai,,Bethel Hospital; Shanghai Ninth People's Hospital; 上海第九人民医院,24134,1838058,5.093603420364452,286,39400,,,,,
https://openalex.org/I9086337,2,Taiyuan University of Technology,education,China,Taiyuan,,Taiyuan University of Technology; 太原理工大学,47700,2428115,4.644733628719953,276,60033,https://en.wikipedia.org/wiki/Taiyuan_University_of_Technology,,,,
https://openalex.org/I4210138501,2,Chinese Academy of Agricultural Sciences,government,China,Beijing,CAAS,Chinese Academy of Agricultural Sciences; 中国农业科学院,91658,8685441,5.386170479062615,572,171070,https://en.wikipedia.org/wiki/Chinese_Academy_of_Agricultural_Sciences,Agricultural Genomics Institute at Shenzhen; Lanzhou Veterinary Research Institute; Agricultural Information Institute; Institute of Bast Fiber Crops; Tobacco Research Institute; Poultry Research Institute; Institute of Plant Protection; Shanghai Veterinary Research Institute; Institute of Food Science and Technology; Citrus Research Institute; Guangxi Buffalo Research Institute; Lanzhou Institute of Husbandry and Pharmaceutical Sciences; Institute of Agricultural Economics and Development; Cotton Research Institute; Institute of Sugar Beet; Institute of Agricultural Resources and Regional Planning; Institute of Agro-Products Processing Science and Technology; Institute of Vegetables and Flowers; Agro-Environmental Protection Institute; Biogas Institute of Ministry of Agriculture; Institute of Pomology; Zhengzhou Fruit Research Institute; Sericultural Research Institute; Oil Crops Research Institute; Institute of Environment and Sustainable Development in Agriculture; Farmland Irrigation Research Institute; Sweet Potato Research Institute; Institute of Apiculture Research; Feed Research Institute; Institute of Animal Sciences; Tea Research Institute; Institute of Special Animal and Plant Sciences; Institute of Grassland Research; Institute of Crop Sciences; China National Rice Research Institute; Institute of Quality Standards and Testing Technology for Agro Products; Biotechnology Research Institute; Harbin Veterinary Research Institute,https://openalex.org/I4210088191; https://openalex.org/I4210090981; https://openalex.org/I4210093981; https://openalex.org/I4210094438; https://openalex.org/I4210094602; https://openalex.org/I4210095026; https://openalex.org/I4210097978; https://openalex.org/I4210098832; https://openalex.org/I4210099012; https://openalex.org/I4210100403; https://openalex.org/I4210103937; https://openalex.org/I4210104008; https://openalex.org/I4210104598; https://openalex.org/I4210106793; https://openalex.org/I4210107411; https://openalex.org/I4210108914; https://openalex.org/I4210116605; https://openalex.org/I4210119469; https://openalex.org/I4210132100; https://openalex.org/I4210134666; https://openalex.org/I4210136608; https://openalex.org/I4210137117; https://openalex.org/I4210139005; https://openalex.org/I4210142396; https://openalex.org/I4210143868; https://openalex.org/I4210147183; https://openalex.org/I4210148312; https://openalex.org/I4210148465; https://openalex.org/I4210149219; https://openalex.org/I4210149494; https://openalex.org/I4210149916; https://openalex.org/I4210155662; https://openalex.org/I4210156847; https://openalex.org/I4210158190; https://openalex.org/I4210160522; https://openalex.org/I4210160718; https://openalex.org/I4210167153; https://openalex.org/I72212903,Ministry of Agriculture and Rural Affairs,https://openalex.org/I4210151987
https://openalex.org/I72951846,2,Washington State University,education,United States,Pullman,WSU,Universidad Estatal de Washington; Université d'État de washington; Washington State University,108060,7649406,2.1625510204081633,724,103354,http://en.wikipedia.org/wiki/Washington_State_University,Washington State University Vancouver; Washington State University Tri-Cities; Washington State University Spokane; Bioproducts Institute; Nuclear Science and Technology Institute; Advanced Grid Institute,https://openalex.org/I137317281; https://openalex.org/I16109614; https://openalex.org/I170632171; https://openalex.org/I4387152799; https://openalex.org/I4387153113; https://openalex.org/I4387156145,,
https://openalex.org/I885383172,2,National University of Malaysia,education,Malaysia,Bangi,NUM; UKM,National University of Malaysia; Universiti Kebangsaan Malaysia; 马来西亚国民大学,90248,3221583,3.098548768140398,408,64655,http://en.wikipedia.org/wiki/National_University_of_Malaysia,,,,
https://openalex.org/I4210162190,2,"China University of Petroleum, East China",education,China,Qingdao,,"China University of Petroleum, East China; 中国石油大学",45351,3256532,5.709055516040879,340,71673,https://en.wikipedia.org/wiki/China_University_of_Petroleum,,,,
https://openalex.org/I4210105529,2,Daqing Oilfield General Hospital,healthcare,China,Daqing,,Daqing First Hospital; Daqing Oilfield General Hospital,11871,141219,1.789820788530466,103,3512,,,,,
https://openalex.org/I31595395,2,Chengdu University of Technology,education,China,Chengdu,CDUT,Chengdu University of Technology; 成都理工大学,34638,1055480,4.239096702687725,226,25634,http://en.wikipedia.org/wiki/Chengdu_University_of_Technology,State Key Laboratory of Geohazard Prevention and Geoenvironment Protection,https://openalex.org/I4387155973,,
https://openalex.org/I98677209,2,University of Edinburgh,education,United Kingdom,Edinburgh,,Oilthigh Dhùn Èideann; University of Edinburgh,281745,26149654,4.105792026448007,1330,282184,http://en.wikipedia.org/wiki/University_of_Edinburgh,Roslin Institute; Edinburgh Cancer Research; British Heart Foundation Centre for Cardiovascular Science; MRC Centre for Regenerative Medicine; MRC Centre for Reproductive Health; Maxwell Institute for Mathematical Sciences; International Centre for Mathematical Sciences; Wellcome Centre for Cell Biology; Centre for Inflammation Research; Zhejiang University-University of Edinburgh Institute; Institute of Genetics and Cancer; The Queen's Medical Research Institute; Scottish Collaboration for Public Health Research and Policy; MRC Human Genetics Unit; Asthma UK Centre for Applied Research; South-East Scotland School of Anaesthesia; Scottish Longitudinal Study Development & Support Unit; Smart Data Foundry,https://openalex.org/I133960621; https://openalex.org/I2802581871; https://openalex.org/I4210087520; https://openalex.org/I4210108209; https://openalex.org/I4210116174; https://openalex.org/I4210117017; https://openalex.org/I4210130014; https://openalex.org/I4210134627; https://openalex.org/I4210151647; https://openalex.org/I4210158570; https://openalex.org/I4210158898; https://openalex.org/I4210164624; https://openalex.org/I4210166564; https://openalex.org/I4387154614; https://openalex.org/I4392738210; https://openalex.org/I4394709252; https://openalex.org/I4405258840; https://openalex.org/I4405261767,,
https://openalex.org/I4210112946,2,Shanghai Institute of Organic Chemistry,facility,China,Shanghai,SIOC,Shanghai Institute of Organic Chemistry; 中国科学院上海有机化学研究所,22647,2273972,7.428709055876686,382,37406,,State Key Laboratory of Synthetic Chemistry; Interdisciplinary Research Center of Biology and Chemistry; State Key Laboratory of Organometallic Chemistry; State Key Laboratory of Life Organic Chemistry,https://openalex.org/I4210130449; https://openalex.org/I4210137099; https://openalex.org/I4391767815; https://openalex.org/I4391767955,Chinese Academy of Sciences,https://openalex.org/I19820366
https://openalex.org/I165745306,2,Southwest Petroleum University,education,China,Chengdu,SWPU,Southwest Petroleum University; 西南石油大学,33076,1483220,4.074126133771814,224,37611,http://en.wikipedia.org/wiki/Southwest_Petroleum_University,,,,
https://openalex.org/I4210111179,2,Michigan United,nonprofit,United States,Kalamazoo,,Michigan United,23710,1590123,4.313113807047949,430,19524,,,,,
https://openalex.org/I64449678,2,Putian University,education,China,Putian,,Putian University; 莆田学院,6955,77002,2.6208730741012474,83,2141,https://en.wikipedia.org/wiki/Putian_University,,,,
https://openalex.org/I4210086486,2,Zhaotong University,education,China,Zhaotong,,Zhaotong University; 昭通学院,11452,47665,2.710040522287258,80,1083,,Yunnan Engineering Research Center of Green Planting and Processing of Gastrodia Elata; Yunnan Key Laboratory of Gastrodia Elata and Fungal Symbiotic Biology,https://openalex.org/I4396570615; https://openalex.org/I4396570637,,
https://openalex.org/I64852412,2,Sichuan University of Science and Engineering,education,China,Zigong,SUSE ,Sichuan University of Science and Engineering; sìchuān lǐgōng xuéyuàn; 四川理工学院,12957,335992,3.556808326105811,153,8540,http://en.wikipedia.org/wiki/Sichuan_University_of_Science_and_Engineering,,,,
https://openalex.org/I4210119109,2,Indiana University Bloomington,education,United States,Bloomington,IU,Indiana University Bloomington; Universidad de Indiana Bloomington; Université de l'Indiana à Bloomington,109746,11074215,3.6691518287869487,884,125203,https://en.wikipedia.org/wiki/Indiana_University_Bloomington,Indiana Geological and Water Survey,https://openalex.org/I4210101670,Indiana University,https://openalex.org/I592451
https://openalex.org/I59553526,2,Stony Brook University,education,United States,Stony Brook,SBU,SUNY Stony Brook; State University of New York Stony Brook; Stony Brook University; Universidad de Stony Brook; Université d'État de new york à stony brook,130666,13898354,3.7219001309145314,925,162868,http://en.wikipedia.org/wiki/Stony_Brook_University,New York Sea Grant,https://openalex.org/I4210134430,State University of New York,https://openalex.org/I1327163397
https://openalex.org/I28006308,2,Shandong Normal University,education,China,Jinan,SDNU,Shandong Normal College; Shandong Normal University; 山东师范大学,32129,1633849,5.2657973452981865,304,33803,https://en.wikipedia.org/wiki/Shandong_Normal_University,,,,
https://openalex.org/I4210163399,2,Shandong First Medical University,education,China,Jinan,,Shandong Academy of Medical Science; Shandong First Medical University; Shandong First Medical University & Shandong Academy of Medical Sciences; Shandong Medical Sciences; 山东省医学科学院; 山东第一医科大学; 山东第一医科大学（山东省医学科学院),42709,2125576,3.4962698040231093,283,39073,,,,,
https://openalex.org/I91656880,2,China Medical University,education,China,Shenyang,CMU,China Medical University; 中国医科大学,63066,4266959,5.8420837984030225,374,101360,https://en.wikipedia.org/wiki/China_Medical_University_(PRC),,,,
https://openalex.org/I55538621,2,China Jiliang University,education,China,Hangzhou,,China Institute of Metrology; China Jiliang University,23000,901127,4.494719195305952,217,22028,http://en.wikipedia.org/wiki/China_Jiliang_University,,,,
https://openalex.org/I32574673,2,Shantou University,education,China,Shantou,STU,Shantou University; Shàntóu Dàxué; 汕头大学,35278,1815343,3.7477981084858136,326,37337,http://en.wikipedia.org/wiki/Shantou_University,,,,
https://openalex.org/I36258959,2,University of California San Diego,education,United States,San Diego,UCSD,"UC San Diego; University of California San Diego; University of California, San Diego",355699,50665070,4.0485286306172314,1742,462479,"http://en.wikipedia.org/wiki/University_of_California,_San_Diego",Scripps Institution of Oceanography; San Diego Supercomputer Center; California Sea Grant; California Space Grant Consortium; UCSD-CNRS Joint Research Chemistry Laboratory; Center for Wireless Communications; CloudBank; Swartz Center for Computational Neuroscience,https://openalex.org/I150209017; https://openalex.org/I181653535; https://openalex.org/I4210136348; https://openalex.org/I4210159531; https://openalex.org/I4387154842; https://openalex.org/I4392738179; https://openalex.org/I4405259881; https://openalex.org/I4405263016,University of California System,https://openalex.org/I2803209242
https://openalex.org/I4210113369,2,Microsoft Research Asia (China),company,China,Beijing,,Microsoft Research Asia (China),9246,1892566,16.12567501227295,504,12227,https://en.wikipedia.org/wiki/Microsoft_Research_Asia,,,Microsoft (United States),https://openalex.org/I1290206253
https://openalex.org/I4210149647,2,Yunnan Metallurgical Group (China),company,China,Kunming,,Yunnan Metallurgical Group (China); 云南冶金集团股份有限公司,1361,49396,4.2808691043985165,75,1523,,State Key Laboratory of Pressurized Hydrometallurgy Technology for Co-Associated Nonferrous Metal Resources,https://openalex.org/I4391767786,,
https://openalex.org/I198091727,2,Tiangong University,education,China,Tianjin,TJPU,Tiangong University; Tianjin Polytechnic University; 天津工业大学,28772,1475667,5.721889655698326,265,33876,https://en.wikipedia.org/wiki/Tianjin_Polytechnic_University,,,,
https://openalex.org/I4210155088,2,Institute of Chemistry,facility,China,Beijing,ICCAS,Institute of Chemistry; 中国科学院化学研究所,26441,4632750,12.793319939728779,575,62762,,State Key Laboratory of Polymer Physics and Chemistry; State Key Laboratory for Structural Chemistry of Unstable and Stable Species,https://openalex.org/I4210152478; https://openalex.org/I4391768210,Chinese Academy of Sciences,https://openalex.org/I19820366
https://openalex.org/I17747738,2,Beijing University of Chinese Medicine,education,China,Beijing,BUCM,Beijing University of Chinese Medicine; 北京中医药大学,29787,1422104,3.7289963942307693,293,33562,http://en.wikipedia.org/wiki/Beijing_University_of_Chinese_Medicine,,,,
https://openalex.org/I43337087,2,Hebei University,education,China,Baoding,,Hebei University; Tianjin Business Institute; Tianjin Normal College; Tianjin Normal University; Tsin Ku University; 河北大学,39385,1308225,3.7547051442910915,248,31863,https://en.wikipedia.org/wiki/Hebei_University,,,,
https://openalex.org/I4392738113,2,China Electric Power Research Institute,facility,China,Beijing,CEPRI,"China Electric Power Research Institute; China Electric Power Research Institute Co.; China Electric Power Research Institute Co., Ltd.; 中国电力科学研究院; 中国电力科学研究院有限公司",17862,241576,1.404282229650375,141,5396,,,,State Grid Corporation of China (China),https://openalex.org/I17442442
https://openalex.org/I41156924,2,Victoria University of Wellington,education,New Zealand,Wellington,,Te Herenga Waka; Victoria University of Wellington,62575,1958457,2.387435339980508,396,33052,http://en.wikipedia.org/wiki/Victoria_University_of_Wellington,Wellington UniVentures (New Zealand); The Dodd-Walls Centre for Photonic and Quantum Technologies; MacDiarmid Institute for Advanced Materials and Nanotechnology,https://openalex.org/I4210123682; https://openalex.org/I4210148749; https://openalex.org/I99121787,,
https://openalex.org/I59028903,2,Ocean University of China,education,China,Qingdao,OUC,Ocean University of China; Zhōngguó Hǎiyáng Dàxué; 中国海洋大学,73223,4321399,4.110816456540097,393,94834,http://en.wikipedia.org/wiki/Ocean_University_of_China,,,,
https://openalex.org/I4210161896,2,Fu Wai Hospital,healthcare,China,Beijing,,Fu Wai Hospital; 中国医学科学院阜外心血管病医院,11387,755100,2.9516330092246323,290,12543,,,,,
https://openalex.org/I4210151302,2,Green Chemistry,other,Poland,Szczecin,,"Association West Pomeranian Chemical Cluster ""Green Chemistry”; Green Chemistry; Zielona Chemia",6984,705003,4.530800542740841,269,12506,,,,,
https://openalex.org/I4210097354,2,Sun Yat-sen Memorial Hospital,healthcare,China,Guangzhou,,Second Affiliated Hospital of Sun Yat-sen; Sun Yat-sen Memorial Hospital,18855,1464130,4.1670653712835035,316,27318,,,,,
https://openalex.org/I70908550,2,Anhui Polytechnic University,education,China,Wuhu,AUTS,Anhui Mechanical University; Anhui Polytechnic University; Anhui University of Technology and Science; Wuhu Mechanical School; 安徽工程大学,11012,304476,4.373901009443178,146,8019,https://en.wikipedia.org/wiki/Anhui_Polytechnic_University,,,,
https://openalex.org/I51622183,2,Shaanxi University of Science and Technology,education,China,Xi'an,SUST,Beijing Institute of Light Industry; Northwest Institute of Light Industry; Shaanxi University of Science and Technology; 陕西科技大学,24101,1608326,6.715949322643883,273,35749,https://en.wikipedia.org/wiki/Shaanxi_University_of_Science_and_Technology,,,,
https://openalex.org/I4210158318,2,Second Affiliated Hospital of Zhejiang University,healthcare,China,Hangzhou,SAHZU,Second Affiliated Hospital of Zhejiang University,31353,2226195,5.2488873015000825,348,44707,,,,,
https://openalex.org/I4210105312,2,Shanghai Power Equipment Research Institute,facility,China,Minhang,SPERI,Shanghai Power Equipment Research Institute; 上海电力设备研究院,3323,39797,2.323388581952118,68,963,,,,,
https://openalex.org/I7350606,2,Dalian Jiaotong University,education,China,Dalian,,Dalian Jiaotong University; Dàlián Jiāotōng Dàxué; 大连交通大学,10802,204838,2.9319960861056753,137,4826,https://en.wikipedia.org/wiki/Dalian_Jiaotong_University,,,,
https://openalex.org/I10660446,2,Kunming University of Science and Technology,education,China,Kunming,KMUST; KUST,Kunming University of Science and Technology; 昆明理工大学,60908,2762363,4.969434263697021,297,69205,https://en.wikipedia.org/wiki/Kunming_University_of_Science_and_Technology,,,,
https://openalex.org/I2800710378,2,Naval University of Engineering,education,China,Wuhan,NUEPLA,Naval University of Engineering; Zhōngguó Rénmín Jiěfàngjūn Haǐjūn Gōngchéng Dàxué; 中国人民解放军海军工程大学,20069,294401,2.7971385181040684,124,7832,https://en.wikipedia.org/wiki/PLA_Naval_University_of_Engineering,,,,
https://openalex.org/I2802541053,2,Academy of Military Medical Sciences,facility,China,Beijing,,Academy of Military Medical Sciences; 中国人民解放军军事医学科学院,15892,913618,2.961759410100317,303,15979,https://en.wikipedia.org/wiki/Academy_of_Military_Medical_Sciences,State Key Laboratory of Proteomics; State Key Laboratory of Pathogenic Microorganism Biosafety; Beijing Institute of Microbiology and Epidemiology; Institute of Health Service and Transfusion Medicine,https://openalex.org/I4391768116; https://openalex.org/I4391768248; https://openalex.org/I4405260518; https://openalex.org/I4405261396,,
https://openalex.org/I53411278,2,Chengdu University of Traditional Chinese Medicine,education,China,Chengdu,CDUTCM,Chengdu University of Traditional Chinese Medicine; Chéngdū zhōng yīyào Dàxué; 成都中医药大学,22074,1158904,4.528769590050927,256,27028,http://en.wikipedia.org/wiki/Chengdu_University_of_Traditional_Chinese_Medicine,,,,
https://openalex.org/I181547552,2,Baylor College of Medicine,education,United States,Houston,BCM,Baylor College of Medicine; Escuela de Medicina de Baylor,165137,27501555,4.061146017409516,1447,236706,https://en.wikipedia.org/wiki/Baylor_College_of_Medicine,Center for Theoretical Biological Physics; Dan L Duncan Comprehensive Cancer Center,https://openalex.org/I4210145836; https://openalex.org/I4390039366,Harris Health System,https://openalex.org/I2801539370
https://openalex.org/I72816309,2,Drexel University,education,United States,Philadelphia,,Drexel Institute; Drexel Institute of Technology; Drexel University,83856,6047338,4.351700457815566,761,71493,http://en.wikipedia.org/wiki/Drexel_University,Drexel University Elkins Park Campus,https://openalex.org/I103850315,,
https://openalex.org/I4210147389,2,Hunan Provincial People's Hospital,healthcare,China,Changsha,,Hunan Provincial People's Hospital; 湖南省人民医院,5552,164306,3.4398359161349132,120,4462,,,,,
https://openalex.org/I4210153856,2,Second Xiangya Hospital of Central South University,healthcare,China,Changsha,,Second Xiangya Hospital; Second Xiangya Hospital of Central South University,29684,2085502,4.802931188561216,351,43743,,,,,
https://openalex.org/I79619799,2,University of Birmingham,education,United Kingdom,Birmingham,,Birmingham University; Prifysgol Birmingham; University of Birmingham,217741,22933547,4.817822544977244,1194,258016,http://en.wikipedia.org/wiki/University_of_Birmingham,Walsall College; Cancer Research UK Clinical Trials Unit; Centre for Printing History and Culture,https://openalex.org/I2801802167; https://openalex.org/I4210135017; https://openalex.org/I4210150698,,
https://openalex.org/I62853816,2,Beijing University of Civil Engineering and Architecture,education,China,Beijing,,Beijing University of Civil Engineering and Architecture; 北京建筑工程学院,14569,453607,4.498544395924308,209,10005,http://en.wikipedia.org/wiki/Beijing_University_of_Civil_Engineering_and_Architecture,,,,
https://openalex.org/I3018263800,2,Huzhou University,education,China,Huzhou,,Huzhou Teachers College; Huzhou University,18896,515988,4.403039862345856,189,12177,,,,,
https://openalex.org/I4210116048,2,Beijing National Laboratory for Molecular Sciences,facility,China,Beijing,BNLMS,Beijing National Laboratory for Molecular Sciences; 北京分子科学国家实验室,34472,7732881,11.816908758806646,703,97542,,,,,
https://openalex.org/I170215575,2,National University of Defense Technology,education,China,Changsha,NUDT,Guófáng Kēxuéjìshù Dàxué; National University of Defense Technology; 中国人民解放军国防科学技术大学,88062,3172632,3.1293175211867297,350,72501,http://en.wikipedia.org/wiki/National_University_of_Defense_Technology,State Key Laboratory of Complex Electromagnetic Environment Effects on Electronics and Information System; State Key Laboratory of Automatic Target Recognition; State Key Laboratory of Pulsed Power Laser Technology,https://openalex.org/I4391767685; https://openalex.org/I4391767751; https://openalex.org/I4392021190,,
https://openalex.org/I98285908,2,The University of Osaka,education,Japan,Osaka,,Osaka University; The University of Osaka; Ōsaka daigaku; 大阪大学,289159,25699214,3.195566561250671,1096,405655,http://en.wikipedia.org/wiki/Osaka_University,Spintronics Research Network of Japan; Osaka University Hospital,https://openalex.org/I4210125833; https://openalex.org/I4210155576,,
https://openalex.org/I4750791,2,Henan Agricultural University,education,China,Zhengzhou,,Henan Agricultural University; 河南农业大学,25153,1313945,3.9529502083790304,237,31971,https://en.wikipedia.org/wiki/Henan_Agricultural_University,,,,
https://openalex.org/I4210159102,2,Huawei Technologies (Sweden),company,Sweden,Stockholm,,Huawei Technologies (Sweden),2066,187040,5.4485566247224275,155,2095,https://en.wikipedia.org/wiki/Huawei,,,Huawei Technologies (China),https://openalex.org/I2250955327
https://openalex.org/I91935597,2,University of South China,education,China,Hengyang,,University of South China; 南华大学,32351,1409267,4.354917958889289,250,33871,http://en.wikipedia.org/wiki/University_of_South_China,,,,
https://openalex.org/I3017480383,2,Southwest Medical University,funder,China,Luzhou,SMU,Luzhou Medical College; Southwest Medical University; 泸州医学院,16455,722482,4.695310149163908,217,17113,https://en.wikipedia.org/wiki/Southwest_Medical_University,,,,
https://openalex.org/I15062923,2,Tianjin Normal University,education,China,Tianjin,TNU,Tianjin Normal University; 天津师范大学,15442,540445,3.760733801717408,209,12432,http://en.wikipedia.org/wiki/Tianjin_Normal_University,,,,
https://openalex.org/I115592961,2,Jiangsu University,education,China,Zhenjiang,,Jiangsu University; Jiāngsū Dàxué; 江苏大学,97079,7176624,7.027343992388359,453,146655,http://en.wikipedia.org/wiki/Jiangsu_University,,,,
https://openalex.org/I87182695,2,Universidad del Noreste,education,Mexico,Tampico,UNE,Northeastern University; Universidad del Noreste,27182,461029,1.7241826299870373,216,8369,http://en.wikipedia.org/wiki/Universidad_del_Noreste,,,,
https://openalex.org/I4210146235,2,Yan'an Hospital Affiliated To Kunming Medical University,healthcare,China,Kunming,,Yan'an Hospital Affiliated To Kunming Medical University; 昆明市延安医院,2091,39218,2.349957007738607,61,1220,,,,,
https://openalex.org/I4210160507,2,Center for Life Sciences,education,China,Beijing,CLS,Center for Life Sciences; 生命科学联合中心,15479,2486567,9.061320328727536,522,23800,,,,Peking University; Tsinghua University,https://openalex.org/I20231570; https://openalex.org/I99065089
https://openalex.org/I4210164793,2,National Laboratory for Superconductivity,facility,China,Beijing,NLSC,National Laboratory for Superconductivity; 超导国家重点实验室,5068,844977,12.803585763981804,354,10577,,,,Institute of Physics,https://openalex.org/I4210159876
https://openalex.org/I4210160793,2,Institute of Geographic Sciences and Natural Resources Research,facility,China,Beijing,IGSNRR,Institute of Geographic Sciences and Natural Resources Research; 中国科学院地理科学与资源研究所,33826,2566884,5.812435053688951,435,43093,,State Key Laboratory of Resources and Environmental Information System,https://openalex.org/I4391767971,Chinese Academy of Sciences,https://openalex.org/I19820366
https://openalex.org/I55022517,2,Heilongjiang University,education,China,Harbin,,Heilongjiang University; Hēilóngjiāng Dàxué; 黑龙江大学,21817,1320233,5.075467753736803,313,24755,http://en.wikipedia.org/wiki/Heilongjiang_University,,,,
https://openalex.org/I139660479,2,Central South University,education,China,Changsha,CSU,Central South University; 中南大学,255062,18808671,5.7072393999663955,716,385518,http://en.wikipedia.org/wiki/Central_South_University,State Key Laboratory of High Performance Complex Manufacturing; State Key Laboratory of Powder Metallurgy,https://openalex.org/I4391767934; https://openalex.org/I4391768205,,
https://openalex.org/I5740404,2,Tianjin Medical University,education,China,Tianjin,TMU,Tianjin Medical University; Tiānjīn Yīkē Dàxué; 天津医科大学,51569,2415043,3.5066622112693704,310,53753,https://en.wikipedia.org/wiki/Tianjin_Medical_University,,,,
https://openalex.org/I4210164862,2,Artificial Intelligence in Medicine (Canada),company,Canada,Toronto,AIM,Artificial Intelligence in Medicine (Canada),9920,219493,2.4150389190776913,179,2298,,,,,
https://openalex.org/I4210159865,2,Xiangya Hospital Central South University,healthcare,China,Changsha,,Xiangya Hospital Central South University; 中南大学湘雅医院,38869,3034694,5.677936044848693,415,62477,,,,,
https://openalex.org/I76214153,2,Lanzhou University,education,China,Lanzhou,,Lanzhou University; 兰州大学,107689,7593082,3.959705527017983,517,154961,http://en.wikipedia.org/wiki/Lanzhou_University,State Key Laboratory of Applied Organic Chemistry; State Key Laboratory of Herbage Improvement and Grassland Agro-ecosystems,https://openalex.org/I4391768068; https://openalex.org/I4391768087,,
https://openalex.org/I4210106541,2,Chengdu Organic Chemicals (China),company,China,Chengdu,COCC,Chengdu Institute of Organic Chemistry; Chengdu Organic Chemicals (China); 中国科学院成都有机化学有限公司,3426,299028,4.416094822208359,185,6139,,,,,
https://openalex.org/I75867142,2,Xiamen University of Technology,education,China,Xiamen,XMUT,Xiamen University of Technology; Xiàmén Lǐgōng Xuéyuàn; 厦门理工学院,21203,709515,3.674221091833954,228,15959,https://en.wikipedia.org/wiki/Xiamen_University_of_Technology,,,,
https://openalex.org/I4210156571,2,Collaborative Innovation Center of Chemistry for Energy Materials,facility,China,Shanghai,,Collaborative Innovation Center of Chemistry for Energy Materials; iChEM,13660,4041005,14.898411577832686,651,42006,,,,,
https://openalex.org/I63966007,2,Massachusetts Institute of Technology,education,United States,Cambridge,MIT,Instituto Tecnológico de Massachusetts; Massachusetts Institute of Technology,348190,64835086,7.020634071715526,2261,477369,http://en.wikipedia.org/wiki/Massachusetts_Institute_of_Technology,"McGovern Institute for Brain Research; Ragon Institute of MGH, MIT and Harvard; Massachusetts Space Grant Consortium; Cambridge–MIT Institute; Institute for Soldier Nanotechnologies; MIT Lincoln Laboratory; MIT Sea Grant; Athinoula A. Martinos Center for Biomedical Imaging; Novartis-MIT Center for Continuous Manufacturing; Whitehead Institute for Biomedical Research; MIT-Harvard Center for Ultracold Atoms; The NSF AI Institute for Artificial Intelligence and Fundamental Interactions; Institute for Collaborative Biotechnologies; Koch Institute for Integrative Cancer Research At MIT; MIT Computer Science and Artificial Intelligence Laboratory",https://openalex.org/I144112489; https://openalex.org/I2802422659; https://openalex.org/I4210087444; https://openalex.org/I4210093068; https://openalex.org/I4210109539; https://openalex.org/I4210122954; https://openalex.org/I4210125891; https://openalex.org/I4210127055; https://openalex.org/I4210129287; https://openalex.org/I4210157710; https://openalex.org/I4210159271; https://openalex.org/I4210160315; https://openalex.org/I4388482662; https://openalex.org/I4390039253; https://openalex.org/I4405258931,,
https://openalex.org/I4210135349,2,Shanghai Institute of Optics and Fine Mechanics,facility,China,Shanghai,SIOM,Shanghai Institute of Optics and Fine Mechanics; 中国科学院上海光学精密机械研究所,16097,817819,2.5977732035928143,240,19686,,State Key Laboratory of High Field Laser Physics,https://openalex.org/I4391767874,Chinese Academy of Sciences,https://openalex.org/I19820366
https://openalex.org/I90149893,2,China Earthquake Administration,facility,China,Beijing,CEA; NEB,China Earthquake Administration; National Earthquake Bureau; Zhōngguó dìzhèn jú; 中国地震台网中心; 中国地震局,18989,595401,2.4382945602352333,213,13165,https://en.wikipedia.org/wiki/China_Earthquake_Administration,"Institute of Disaster Prevention; Heilongjiang Earthquake Agency; Zhangjiakou City Science and Technology and Seismological Bureau; Ningxia Seismological Bureau; Hebei Seismological Bureau; Fushun Seismological Bureau; Institute of Geology, China Earthquake Administration; Institute of Engineering Mechanics, China Earthquake Administration; Institute of Earthquake Forecasting, China Earthquake Administration",https://openalex.org/I4210098369; https://openalex.org/I4210100745; https://openalex.org/I4210100862; https://openalex.org/I4210125232; https://openalex.org/I4210133073; https://openalex.org/I4210156653; https://openalex.org/I4391768021; https://openalex.org/I4405254566; https://openalex.org/I4405255691,,
https://openalex.org/I24201400,2,Chengdu University of Information Technology,education,China,Chengdu,CUIT,Chengdu University of Information Technology; 成都信息工程大学,18853,426580,2.6235638044734517,171,10455,http://en.wikipedia.org/wiki/Chengdu_University_of_Information_Technology,,,,
https://openalex.org/I4210103863,2,Affiliated Hospital of Hangzhou Normal University,healthcare,China,Hangzhou,,Affiliated Hospital of Hangzhou Normal University,3691,198606,4.1112207151664615,198,3393,,,,,
https://openalex.org/I4391768055,2,State Key Laboratory of Rare Earth Materials Chemistry and Application,facility,China,Beijing,,State Key Lab of Rare Earth Materials Chemistry and Application; State Key Laboratory of Rare Earth Materials Chemistry and Application; 稀土材料化学及应用国家重点实验室,2953,638070,11.625954198473282,293,8427,,,,Peking University,https://openalex.org/I20231570
https://openalex.org/I20089843,2,Princeton University,education,United States,Princeton,,College of New Jersey; Princeton University; Universidad de Princeton; Université de princeton,212337,27124516,7.0805050045495905,1549,226968,http://en.wikipedia.org/wiki/Princeton_University,Center for Discrete Mathematics and Theoretical Computer Science; Princeton Plasma Physics Laboratory; National Spherical Torus Experiment – Upgrade,https://openalex.org/I2799411422; https://openalex.org/I2799567181; https://openalex.org/I4390039301,,
https://openalex.org/I143804889,2,Loughborough University,education,United Kingdom,Loughborough,,Loughborough University; Prifysgol Loughborough,91145,3753491,1.7101008655840904,505,61522,http://en.wikipedia.org/wiki/Loughborough_University,NIHR Leicester Biomedical Research Centre,https://openalex.org/I4210166781,,
https://openalex.org/I96673099,2,Technical University of Denmark,education,Denmark,Kongens Lyngby,DTU,Danmarks Tekniske Universitet; Dänemarks Technische Universität; Technical University of Denmark,150167,12078311,4.124839820599071,986,144221,http://en.wikipedia.org/wiki/Technical_University_of_Denmark,Nordic Laboratory for Luminescence Dating; DTU Space,https://openalex.org/I4210112235; https://openalex.org/I4396570579,,
https://openalex.org/I4210147322,2,Shanghai Institute of Microsystem and Information Technology,facility,China,Shanghai,SIMIT,Shanghai Institute of Metallurgy; Shanghai Institute of Microsystem and Information Technology; 中国科学院上海微系统与信息技术研究所,13865,902520,5.254294411828658,268,18189,,State Key Laboratory of Transducer Technology; State Key Laboratory of Functional Materials for Informatics,https://openalex.org/I4210107198; https://openalex.org/I4391768079,Chinese Academy of Sciences,https://openalex.org/I19820366
https://openalex.org/I901403493,2,NuVasive (United States),company,United States,San Diego,,NuVasive (United States),436,13827,0.9953271028037384,52,262,,,,,
https://openalex.org/I204823248,2,Huazhong Agricultural University,education,China,Wuhan,HZAU,Huazhong Agricultural University; 华中农业大学,61706,6588372,4.994293913507741,529,116168,http://en.wikipedia.org/wiki/Huazhong_Agricultural_University,State Key Laboratory of Crop Genetic Improvement; State Key Laboratory of Agricultural Microbiology,https://openalex.org/I4391767768; https://openalex.org/I4391768000,,
https://openalex.org/I22716506,2,Lanzhou University of Technology,education,China,Lanzhou,LUT,Gansu University of Technology; Gansu provincial Technical School; Lanzhou Polytechnic Institute; Lanzhou University of Technology; Lánzhōu Lǐgōng Dàxué; 兰州理工大学,32963,1247522,4.514859752120026,242,29987,http://en.wikipedia.org/wiki/Lanzhou_University_of_Technology,,,,
https://openalex.org/I4210146959,2,Beijing Academy of Agricultural and Forestry Sciences,funder,China,Beijing,BAAFS,Beijing Academy of Agricultural and Forestry Sciences; 北京市农林科学院,8898,504583,4.433633349123638,213,10924,,,,,
https://openalex.org/I4210152154,2,State Key Laboratory of Food Science and Technology,facility,China,Wuxi,SKLF,State Key Laboratory of Food Science and Technology; 食品科学与技术国家重点实验室,22506,3223727,7.467911804818912,339,61880,,,,Jiangnan University; Nanchang University,https://openalex.org/I111599522; https://openalex.org/I141649914
https://openalex.org/I2802939634,2,Chinese PLA General Hospital,healthcare,China,Beijing,PLAGH,301 Military Hospital; Chinese PLA General Hospital; 中国人民解放军总医院,53977,2859399,3.296379180726262,399,58848,https://en.wikipedia.org/wiki/301_Military_Hospital,State Key Laboratory of Kidney Diseases,https://openalex.org/I4391767906,,
https://openalex.org/I4510145,2,Jiangxi University of Science and Technology,education,China,Ganzhou,,Jiangxi University of Science and Technology; 江西理工大学,17990,785742,5.233341882533983,203,19000,https://en.wikipedia.org/wiki/Jiangxi_University_of_Science_and_Technology,,,,
https://openalex.org/I899859998,2,Qiqihar Medical University,education,China,Qiqihar,QMU,Qiqihar Medical University; 齐齐哈尔医学院,5190,157656,2.4916635791033714,104,4375,https://en.wikipedia.org/wiki/Qiqihar_Medical_University,,,,
https://openalex.org/I4210134769,2,University of Pittsburgh Medical Center,healthcare,United States,Pittsburgh,UPMC,University of Pittsburgh Medical Center,52663,5169025,3.2342897894118634,617,63522,https://en.wikipedia.org/wiki/University_of_Pittsburgh_Medical_Center,UPMC Hamot; Harrisburg Hospital; UPMC Altoona; UPMC Central Pa; Uniontown Hospital Radiation Oncology; Shadyside Hospital; Magee-Womens Hospital; UPMC Presbyterian; Children's Hospital of Pittsburgh; UPMC Montefiore; UPMC McKeesport; McGowan Institute for Regenerative Medicine,https://openalex.org/I1308699925; https://openalex.org/I2799551006; https://openalex.org/I2800558167; https://openalex.org/I2800817755; https://openalex.org/I4210088698; https://openalex.org/I4210090793; https://openalex.org/I4210106153; https://openalex.org/I4210115995; https://openalex.org/I4210130600; https://openalex.org/I4210138181; https://openalex.org/I4210142409; https://openalex.org/I4210155891,UPMC Health System,https://openalex.org/I4210098814
https://openalex.org/I4210121771,2,First Affiliated Hospital of Xi'an Jiaotong University,healthcare,China,Xi'an,,First Affiliated Hospital of Xi'an Jiaotong University,27510,1619180,3.770440251572327,300,36343,,,,,
https://openalex.org/I17145004,2,Northwestern Polytechnical University,education,China,Xi'an,NPU; NWPU,Northwestern Polytechnical University; State Northwest Institute of Engineering; Xīběi Gōngyè Dàxué; Северо-западный политехнический университет; 西北工业大学,138099,7513765,7.004372886286774,493,155440,https://en.wikipedia.org/wiki/Northwestern_Polytechnical_University,State Key Laboratory of Solidification Processing,https://openalex.org/I4391768207,,
https://openalex.org/I204983213,2,Harbin Institute of Technology,education,China,Harbin,HIT,Harbin Institute of Technology; 哈尔滨工业大学,223136,14261771,5.807804414466098,612,285019,https://en.wikipedia.org/wiki/Harbin_Institute_of_Technology,State Key Laboratory of Robotics and Systems; State Key Laboratory of Urban Water Resources and Water Environment; State Key Laboratory of Advanced Welding and Joining,https://openalex.org/I4391767639; https://openalex.org/I4391767770; https://openalex.org/I4391767836,,
https://openalex.org/I59433898,2,Brunel University of London,education,United Kingdom,London,,Brunel University London; Brunel University of London,53169,3282986,3.8259491030454735,508,48251,http://en.wikipedia.org/wiki/Brunel_University_London,,,University of London,https://openalex.org/I124357947
https://openalex.org/I109935558,2,Ningbo University,education,China,Ningbo,NBU,Ningbo University; Níngbō Dàxué; 宁波大学,63901,2736810,4.4331946304899255,294,68159,http://en.wikipedia.org/wiki/Ningbo_University,,,,
https://openalex.org/I154425047,2,University of Alberta,education,Canada,Edmonton,,UAlberta; University of Alberta; Université de l'Alberta,264876,21054652,3.729319121858097,1071,296298,http://en.wikipedia.org/wiki/University_of_Alberta,Bamfield Marine Sciences Centre; Alberta Gambling Research Institute; Canadian Glycomics Network; The Steadward Centre for Personal & Physical Achievement,https://openalex.org/I2802902549; https://openalex.org/I4210140388; https://openalex.org/I4399657927; https://openalex.org/I4405267574,,
https://openalex.org/I59130452,1,University of Nebraska Medical Center,healthcare,United States,Omaha,UNMC,Centro Médico de la Universidad de Nebraska; University of Nebraska Medical Center,54280,4865702,3.0602008215426744,602,71113,http://en.wikipedia.org/wiki/University_of_Nebraska_Medical_Center,Central States Center for Agricultural Safety and Health,https://openalex.org/I4394709129,University of Nebraska System,https://openalex.org/I2802450327
https://openalex.org/I4210114963,1,Chinese Academy of Surveying and Mapping,facility,China,Beijing,CASM,Chinese Academy of Surveying and Mapping; 中国测绘科学研究院,4173,75312,3.0364464692482915,91,1945,,,,,
https://openalex.org/I4391768265,1,NASA Earth Science,government,United States,Washington,ESD,Earth Sciences Division; NASA Earth Science; NASA Earth Sciences Division,802,66399,7.319444444444445,132,802,https://en.wikipedia.org/wiki/NASA_Earth_Science,,,National Aeronautics and Space Administration,https://openalex.org/I4210124779
https://openalex.org/I42852656,1,Shenyang University,education,China,Shenyang,,Shenyang University; Shěnyáng Dàxué,8383,159952,3.0028333628475297,122,3721,http://en.wikipedia.org/wiki/Shenyang_University,,,,
https://openalex.org/I71503853,1,University of Algarve,education,Portugal,Faro,UAlg,Universidade do Algarve; University of Algarve,21518,1059125,2.708930938893576,265,19079,http://en.wikipedia.org/wiki/University_of_the_Algarve,Centro de Investigação em Artes e Comunicação; Centro de Investigação em Turismo Sustentabilidade e Bem-Estar; Centro Interdisciplinar de Arqueologia e Evolução do Comportamento Humano; Centro de Investigacao em Quimica do Algarve,https://openalex.org/I4210090690; https://openalex.org/I4405256787; https://openalex.org/I4405257984; https://openalex.org/I4405260240,,
https://openalex.org/I1300757298,1,Heilongjiang University of Science and Technology,education,China,Harbin,USTH,Heilongjiang University of Science and Technology; 黑龙江工程学院,5457,111441,2.6825039405539295,110,2466,https://en.wikipedia.org/wiki/Heilongjiang_University_of_Science_and_Technology,,,,
https://openalex.org/I882086362,1,Wipro (Singapore),company,Singapore,Singapore,,Western India Palm Refined Oils Limited; Western India Products Limited; Wipro (Singapore),1282,16929,0.5,52,307,https://en.wikipedia.org/wiki/Wipro,,,Wipro (India),https://openalex.org/I4210090636
https://openalex.org/I4210104681,1,Tongliao Academy of Agricultural Sciences,facility,China,Tongliao,,Tongliao Academy of Agricultural Sciences; Tongliao Agricultural Science Research Institute; 通辽市农业科学研究院,1519,15313,2.0630722278738554,51,386,,,,,
https://openalex.org/I119045251,1,Huaqiao University,education,China,Xiamen,,Huaqiao University; Huáqiáo Dàxué; 华侨大学,25308,1177947,5.628632879280869,267,24183,http://en.wikipedia.org/wiki/Huaqiao_University,,,,
https://openalex.org/I6645349,1,Southwest Minzu University,education,China,Chengdu,SWUN,Southwest Minzu University; Southwest University for Nationalities; 西南民族大学,11795,287902,3.198945447170959,150,6975,https://en.wikipedia.org/wiki/Southwest_Minzu_University,,,,
https://openalex.org/I94722563,1,University of Jyväskylä,education,Finland,Jyväskylä,,Jyväskylän Yliopisto; University of Jyväskylä,48848,3189933,2.7235708251196846,438,52830,http://en.wikipedia.org/wiki/University_of_Jyv%C3%A4skyl%C3%A4,Helsinki Institute of Physics,https://openalex.org/I2800229700,,
https://openalex.org/I38877650,1,Zhengzhou University,education,China,Zhengzhou,,Zhengzhou University; 郑州大学,120865,7325597,5.676070335793156,490,153291,http://en.wikipedia.org/wiki/Zhengzhou_University,,,,
https://openalex.org/I78715868,1,University of Arkansas at Fayetteville,education,United States,Fayetteville,,Universidad de Arkansas; University of Arkansas at Fayetteville; Université de l'arkansas,57665,2834090,2.3316808309726156,442,47907,http://en.wikipedia.org/wiki/University_of_Arkansas,,,University of Arkansas System,https://openalex.org/I2799691083
https://openalex.org/I1335486098,1,Electric Power Research Institute,nonprofit,United States,Palo Alto,EPRI,Electric Power Research Institute,20391,373804,1.0398933883586965,219,5945,https://en.wikipedia.org/wiki/Electric_Power_Research_Institute,,,,
https://openalex.org/I4210121200,1,Second Affiliated Hospital of Shantou University Medical College,healthcare,China,Shantou,,Second Affiliated Hospital of Shantou University Medical College,2868,102129,4.017647058823529,101,2830,,,,,
https://openalex.org/I4210099079,1,Institute of Intelligent Machines,facility,China,Hefei,IIM,Hefei Institute of Intelligent Machines; Institute of Intelligent Machines; 中国科学院合肥智能机械研究所,3997,385151,5.0466798159105855,233,5620,,,,Hefei Institutes of Physical Science,https://openalex.org/I2802624667
https://openalex.org/I905225518,1,Shanghai University of International Business and Economics,education,China,Shanghai,SUIBE,Shanghai Institute of Foreign Trade; Shanghai University of International Business and Economics; 上海对外经贸大学; 上海对外贸易学院; 上海對外經貿大學,4157,43683,3.63416149068323,85,944,https://en.wikipedia.org/wiki/Shanghai_University_of_International_Business_and_Economics,,,,
https://openalex.org/I34949971,1,University of Jinan,education,China,Jinan,,Jǐnán Dàxué; University of Jinan; 济南大学,37201,2331999,5.045103128750454,317,48324,https://en.wikipedia.org/wiki/University_of_Jinan,,,,
https://openalex.org/I90871651,1,University of Toledo,education,United States,Toledo,,University of Toledo; Université de toledo,45957,2335888,3.120025318458739,463,35046,http://en.wikipedia.org/wiki/University_of_Toledo,,,University System of Ohio,https://openalex.org/I2802096936
https://openalex.org/I4210119942,1,Wuhan Textile University,education,China,Wuhan,WTU,Wuhan Textile University,13430,747101,7.184666975023127,199,17163,,,,,
https://openalex.org/I73417466,1,Coventry University,education,United Kingdom,Coventry,,Coventry University,29643,964166,3.288742480664566,298,17086,http://en.wikipedia.org/wiki/Coventry_University,,,,
https://openalex.org/I2801396871,1,North West Regional Hospital,healthcare,Australia,Burnie,,North West Regional Hospital,352,8103,1.380952380952381,45,177,https://en.wikipedia.org/wiki/North_West_Regional_Hospital,,,,
https://openalex.org/I4210135984,1,Saudi Arabia Basic Industries (Saudi Arabia),company,Saudi Arabia,Riyadh,SABIC,Saudi Arabia Basic Industries (Saudi Arabia); الشركة السعودية للصناعات الأساسية ، سابك,1493,66904,3.5737704918032787,104,1193,https://en.wikipedia.org/wiki/SABIC,Saudi Arabia Basic Industries (Netherlands); Saudi Arabia Basic Industries (United States),https://openalex.org/I4210145418; https://openalex.org/I51409038,,
https://openalex.org/I51185872,1,Jining Medical University,education,China,Jining,,Jining Medical College; Jining Medical University; 济宁医学院,7736,263442,3.8077255693283365,141,5866,https://en.wikipedia.org/wiki/Jining_Medical_University,,,,
https://openalex.org/I4210156034,1,Sichuan Research Center of New Materials,facility,China,Chengdu,,Sichuan Research Center of New Materials; 四川省新材料研究中心,2374,126693,5.317862165963432,144,2577,,,,,
https://openalex.org/I92156820,1,University of Cincinnati Medical Center,healthcare,United States,Cincinnati,UCMC,University of Cincinnati Academic Health Center; University of Cincinnati Medical Center,52066,5167850,3.430607222571968,593,70483,https://en.wikipedia.org/wiki/University_of_Cincinnati_Academic_Health_Center,,,,
https://openalex.org/I4210166367,1,Nanjing Institute of Agricultural Mechanization,facility,China,Nanjing,NIAM,Nanjing Institute of Agricultural Mechanization; 农业部南京农业机械化研究所,1275,39988,3.4703947368421053,79,1050,,,,Ministry of Agriculture and Rural Affairs,https://openalex.org/I4210151987
https://openalex.org/I45935490,1,National Institute of Water and Atmospheric Research,facility,New Zealand,Auckland,NIWA,National Institute of Water and Atmospheric Research; Taihoro Nukurangi,12509,996472,2.6037503842606826,348,12091,https://en.wikipedia.org/wiki/National_Institute_of_Water_and_Atmospheric_Research,,,,
https://openalex.org/I4403386537,1,The Engineering & Technical College of Chengdu University of Technology,education,China,Chengdu,CDUTETC,"Chengdu University of Technology Engineering and Technical College; College of Engineering and Technology, Chengdu University of Technology; Engineering & Technical College of Chengdu University of Technology; Engineering and Technical College of Chengdu University of Technology; The Engineering & Technical College of Chengdu University of Technology; 成理工程; 成都理工大学工程技术学院",337,4447,4.08256880733945,26,117,,,,,
https://openalex.org/I4210144214,1,Jiangsu University of Technology,education,China,Changzhou,JSUT,Changzhou Teachers College of Technology; Jiangsu Institute of Technology; Jiangsu University of Technology; 江苏理工学院,11338,248612,4.52732607898276,135,6389,,,,,
https://openalex.org/I4575257,1,Hanyang University,education,South Korea,Seoul,,Hanyang University; 한양대학교,93186,5830494,4.448411995444768,530,105536,http://en.wikipedia.org/wiki/Hanyang_University,Hanyang University Medical Center,https://openalex.org/I4210152466,,
https://openalex.org/I101479585,1,South China Agricultural University,education,China,Guangzhou,SCAU,South China Agricultural College; South China Agricultural University; 华南农业大学,57218,4118583,4.570049798050253,402,83751,http://en.wikipedia.org/wiki/South_China_Agricultural_University,State Key Laboratory For Conservation and Utilization of Subtropical Agro-Bioresources,https://openalex.org/I4391768241,,
https://openalex.org/I4390039355,1,Alvin J. Siteman Cancer Center,healthcare,United States,St Louis,,Alvin J. Siteman Cancer Center,1107,264837,4.733576642335766,204,2190,https://en.wikipedia.org/wiki/Alvin_J._Siteman_Cancer_Center,,,Barnes-Jewish Hospital,https://openalex.org/I1299725459
https://openalex.org/I4391767781,1,State Key Laboratory of Software Development Environment,facility,China,Beijing,,State Key Lab of Software Development Environment; State Key Laboratory of Software Development Environment; 软件开发环境国家重点实验室,334,17279,7.5256410256410255,67,310,,,,Beihang University,https://openalex.org/I82880672
https://openalex.org/I71030271,1,Heidelberg Institute for Theoretical Studies,facility,Germany,Heidelberg,HITS,Heidelberg Institute for Theoretical Studies; Heidelberger Institut für Theoretische Studien,8083,616090,4.025979381443299,287,4725,http://en.wikipedia.org/wiki/Heidelberg_Institute_for_Theoretical_Studies,,,,
https://openalex.org/I4210128526,1,UPMC Hillman Cancer Center,facility,United States,Pittsburgh,UPCI,Hillman Cancer Center; Hillman Cancer Center at UPMC; Hillman Cancer Center at the University of Pittsburgh Medical Center; UPMC Hillman Cancer Center; University of Pittsburgh Cancer Institute; University of Pittsburgh Medical Center Hillman Cancer Center,16980,3027251,7.6492177218891655,618,26595,https://en.wikipedia.org/wiki/University_of_Pittsburgh_Cancer_Institute,,,University of Pittsburgh,https://openalex.org/I170201317
https://openalex.org/I4391768268,1,State Key Laboratory of Virology,facility,China,Wuhan,,State Key Lab of Virology; State Key Laboratory of Virology; 病毒学国家重点实验室,1049,211490,6.992,203,3149,,,,Wuhan University; Wuhan Institute of Virology,https://openalex.org/I37461747; https://openalex.org/I4210106882
https://openalex.org/I5388228,1,University of Rochester,education,United States,Rochester,UR,Universidad de Rochester; University of Rochester; Université de Rochester,146867,15871667,3.83764168401573,1029,182407,http://en.wikipedia.org/wiki/University_of_Rochester,University of Rochester Medical Center; Golisano Children's Hospital; Laboratory for Laser Energetics,https://openalex.org/I28792581; https://openalex.org/I4210122714; https://openalex.org/I4405262925,,
https://openalex.org/I41317344,1,Jiangxi Science and Technology Normal University,education,China,Nanchang,JXSTNU,Jiangxi Science and Technology Normal University; Jiāngxī Kējì Shīfàn Daxue; 江西科技师范大学,9931,421755,5.263321015615687,165,10333,http://en.wikipedia.org/wiki/Jiangxi_Science_and_Technology_Normal_University,,,,
https://openalex.org/I4210143726,1,Advanced Materials and Devices (United States),company,United States,Reno,,Advanced Materials and Devices (United States),2340,153156,4.265756302521009,159,2657,,,,,
https://openalex.org/I4391768205,1,State Key Laboratory of Powder Metallurgy,facility,China,Changsha,,State Key Lab of Powder Metallurgy; State Key Laboratory of Powder Metallurgy; 粉末冶金国家重点实验室,1318,243172,16.050447518307568,220,2984,,,,Central South University,https://openalex.org/I139660479
https://openalex.org/I127077003,1,IMT School for Advanced Studies Lucca,education,Italy,Lucca,,"IMT Institute for Advanced Studies Lucca; IMT School for Advanced Studies Lucca; Institute for Advanced Studies Lucca; Institutions, Markets, Technologies Institute for Advanced Studies; Scuola IMT Alti Studi Lucca",5561,219687,3.3573785950023574,191,3039,https://en.wikipedia.org/wiki/IMT_School_for_Advanced_Studies_Lucca,,,,
https://openalex.org/I4210160841,1,Hubei Cancer Hospital,healthcare,China,Wuhan,HBCH,Hubei Cancer Hospital; 湖北省肿瘤医院,3441,180562,4.693399846508059,168,3031,,,,,
https://openalex.org/I4210120813,1,"Centre de Recherche sur les Ions, les Matériaux et la Photonique",facility,France,Caen,CIMAP,"Centre de Recherche sur les Ions, les Matériaux et la Photonique; UMR 6252; UMR6252",3662,147958,1.2123893805309736,124,3556,,,,Centre National de la Recherche Scientifique; École Nationale Supérieure d'Ingénieurs de Caen; Commissariat à l'Énergie Atomique et aux Énergies Alternatives; Institut de Physique; Université de Caen Normandie,https://openalex.org/I1294671590; https://openalex.org/I194210350; https://openalex.org/I2738703131; https://openalex.org/I4210098836; https://openalex.org/I98702875
https://openalex.org/I4210109164,1,Teleflex (United States),company,United States,Wayne,,Teleflex (United States),87,2047,2.121212121212121,24,60,https://en.wikipedia.org/wiki/Teleflex,Teleflex (Canada); Teleflex (Australia); Teleflex (Germany); Teleflex (Ireland),https://openalex.org/I4210105471; https://openalex.org/I4210112664; https://openalex.org/I4210147423; https://openalex.org/I4210152037,,
https://openalex.org/I4210106477,1,Shanghai Institutes for Biological Sciences,facility,China,Shanghai,SIBS,Shanghai Institutes for Biological Sciences; 上海生命科学研究院,15295,3862978,6.9974093264248705,608,41830,,State Key Laboratory of Cell Biology; State Key Laboratory of Molecular Biology; State Key Laboratory of Neuroscience; State Key Laboratory of Plant Molecular Genetics,https://openalex.org/I4391767705; https://openalex.org/I4391767724; https://openalex.org/I4391767951; https://openalex.org/I4391768256,Chinese Academy of Sciences,https://openalex.org/I19820366
https://openalex.org/I4210112150,1,Institute of Automation,facility,China,Beijing,CASIA,Institute of Automation; 自动化研究所,14398,1146428,4.881822496440437,371,15491,"https://en.wikipedia.org/wiki/Institute_of_Automation,_Chinese_Academy_of_Sciences",State Key Laboratory of Complex System Management and Control; State Key Laboratory of Pattern Recognition,https://openalex.org/I4391767837; https://openalex.org/I4391768261,Chinese Academy of Sciences,https://openalex.org/I19820366
https://openalex.org/I4210099512,1,Second Affiliated Hospital & Yuying Children's Hospital of Wenzhou Medical University,healthcare,China,Wenzhou,,Second Affiliated Hospital & Yuying Children's Hospital of Wenzhou Medical University; 温州医科大学附属第二医院,9151,700679,5.239904597417551,208,16883,https://en.wikipedia.org/wiki/The_2nd_Affiliated_Hospital_%26_Yuying_Children%27s_Hospital,,,,
https://openalex.org/I4210151209,1,Collaborative Innovation Center of Chemical Science and Engineering Tianjin,facility,China,Tianjin,,Collaborative Innovation Center of Chemical Science and Engineering Tianjin; 天津化学化工协同创新中心,14472,2885377,13.020323014804845,473,40739,,,,Tianjin University; Nankai University,https://openalex.org/I162868743; https://openalex.org/I205237279
https://openalex.org/I80432865,1,Hainan Tropical Ocean University,education,China,Sanya,HTOU,Hainan Tropical Ocean University; Qiongzhou University; 海南热带海洋学院,4711,64513,2.7313854853911406,85,1647,https://en.wikipedia.org/wiki/Hainan_Tropical_Ocean_University,,,,
https://openalex.org/I4210160531,1,Chinese People's Liberation Army,funder,China,Beijing,PLA,Chinese People's Liberation Army; 中国人民解放军,14237,636061,3.438649242511854,204,15281,https://en.wikipedia.org/wiki/People%27s_Liberation_Army,PLA Navy Submarine Academy; Army Infantry College of PLA; People's Liberation Army Air Force; Army Command College,https://openalex.org/I4387155616; https://openalex.org/I4402553999; https://openalex.org/I4402554004; https://openalex.org/I4402554050,,
https://openalex.org/I98358874,1,Delft University of Technology,education,The Netherlands,Delft,,Delft University of Technology; TU Delft; Technische Universiteit Delft,175250,10975121,3.231753197893153,794,162878,http://en.wikipedia.org/wiki/Delft_University_of_Technology,QuTech; TU Delft OPEN Publishing,https://openalex.org/I4210145640; https://openalex.org/I4387153198,,
https://openalex.org/I4210097709,1,National Laboratory of Energy and Geology,facility,Portugal,Lisbon,LNEG,Laboratório Nacional de Energia e Geologia; National Laboratory of Energy and Geology,2537,159665,3.339640491958373,146,2757,,Laboratório de Energia Solar; Infraestrutura de Investigação para a Biomassa e a Bioenergia; Infraestrutura Nacional de Investigação para Energia Solar de Concentração; Research Infrastructure on Integration of Solar Energy Systems in Buildings,https://openalex.org/I4405252914; https://openalex.org/I4405255058; https://openalex.org/I4405256728; https://openalex.org/I4405257562,,
https://openalex.org/I4210164024,1,First Affiliated Hospital of Nanchang University,healthcare,China,Nanchang,,First Affiliated Hospital of Nanchang University; 南昌大学第一附属医院,14427,721721,3.2180767209668946,178,17070,,,,,
https://openalex.org/I4210141849,1,"National Administration of Surveying, Mapping and Geoinformation of China",government,China,Beijing,NASG,"National Administration of Surveying, Mapping and Geoinformation of China; 国家测绘地理信息局主站",1982,87437,2.769633507853403,113,1267,,,,,
https://openalex.org/I4210110024,1,Institute of Applied Ecology,facility,China,Shenyang,IAE,Institute of Applied Ecology; Institute of Forestry and Soil Sciences; 中国科学院沈阳应用生态研究所,10370,817318,4.682493065752977,275,14062,,,,Chinese Academy of Sciences,https://openalex.org/I19820366
https://openalex.org/I103890011,1,Shenyang Pharmaceutical University,education,China,Shenyang,SPU,Shenyang Pharmaceutical University; Shěnyáng Yào Kē Dàxué,21336,1837958,4.7324423619615565,276,44109,http://en.wikipedia.org/wiki/Shenyang_Pharmaceutical_University,,,,
https://openalex.org/I4210125326,1,Public Health Ontario,healthcare,Canada,Toronto,PHO; SPO,Public Health Ontario; Santé publique Ontario,20416,1357714,3.5192929510670403,356,18997,https://en.wikipedia.org/wiki/Ontario_Agency_for_Health_Protection_and_Promotion,,,,
https://openalex.org/I4210157719,1,Yancheng Institute of Technology,education,China,Yancheng,YIT,Yancheng Institute of Technology; 盐城工学院,13025,440987,5.928305158214131,177,10505,,,,,
https://openalex.org/I4210132465,1,NIHR Bristol Cardiovascular Biomedical Research Unit,government,United Kingdom,Bristol,,NIHR Bristol Cardiovascular Biomedical Research Unit,2161,234147,1.7868852459016393,206,2950,,,,National Institute for Health and Care Research,https://openalex.org/I34931013
https://openalex.org/I200296433,1,Chinese Academy of Medical Sciences & Peking Union Medical College,education,China,Beijing,CAMS; CAMS&PUMC; PUMC,Chinese Academy of Medical Sciences; Chinese Academy of Medical Sciences & Peking Union Medical College; Peking Union Medical College; 中国医学科学院; 中国医学科学院北京协和医学院; 北京协和医学院,197297,17546431,4.260637575922093,1025,289114,https://en.wikipedia.org/wiki/Peking_Union_Medical_College,Institute of Basic Medical Sciences of the Chinese Academy of Medical Sciences; State Key Laboratory of Virus Genetic Engineering; Institute of Chinese Materia Medica,https://openalex.org/I4391767653; https://openalex.org/I4391767676; https://openalex.org/I4392738151,,
https://openalex.org/I135714990,1,North University of China,education,China,Taiyuan,NUC,"North University of China; Taihang Industrial School, North China Vocational School of Ordnance; Taiyuan Institute of Machinery; 中北大学",28208,1117812,4.83705926999241,220,27709,https://en.wikipedia.org/wiki/North_University_of_China,,,,
https://openalex.org/I4210126991,1,China Nonferrous Metal Mining (China),company,China,Beijing,CNMC,China Nonferrous Metal Mining (China); 中国有色矿业集团有限公司,2523,96886,3.844252873563218,121,2115,https://en.wikipedia.org/wiki/China_Non-Ferrous_Metal_Mining,,,,
https://openalex.org/I4210145869,1,Center for High Pressure Science & Technology Advanced Research,facility,China,Changchun,HPSTAR,Center for High Pressure Science & Technology Advanced Research; 北京高压科学研究中心,794,38731,3.9470989761092152,87,781,,,,Center for High Pressure Science & Technology Advanced Research,https://openalex.org/I4210143697
https://openalex.org/I4210122556,1,Energy Foundation,nonprofit,China,Beijing,,China Sustainable Energy Program; Energy Foundation,2392,51904,5.370060437006043,104,990,,,,,
https://openalex.org/I4210156066,1,State Key Laboratory of Chemical Engineering,facility,China,Hangzhou,,State Key Laboratory of Chemical Engineering; 化学工程联合国家重点实验室,21271,2604786,6.656577121957372,394,49553,,,,,
https://openalex.org/I4210090337,1,Shaanxi Provincial Meteorological Bureau,government,China,Xi'an,,Shaanxi Provincial Meteorological Bureau; 陕西省气象局,1139,21184,2.0923566878980893,71,368,,,,,
https://openalex.org/I4210157861,1,Harvard Stem Cell Institute,facility,United States,Cambridge,HSCI,Harvard Stem Cell Institute,6948,2248688,7.187400318979266,672,11626,,,,Harvard University,https://openalex.org/I136199984
https://openalex.org/I4210147887,1,Institute of Hematology & Blood Diseases Hospital,healthcare,China,Tianjin,,Institute of Hematology & Blood Diseases Hospital; Institute of Hematology and Blood Diseases Hospital; 中国医学科学院血液病医院,7080,490325,3.216589434661724,201,10010,,,,,
https://openalex.org/I4210158865,1,Affiliated Hospital of Guangdong Medical College Hospital,healthcare,China,Zhanjiang,,Affiliated Hospital of Guangdong Medical College Hospital,2427,61664,2.828003725551071,89,1453,,,,,
https://openalex.org/I74656192,1,University of Göttingen,education,Germany,Göttingen,GAU,Georg-August-Universität Göttingen; University of Göttingen,167067,13542843,2.1197323799258654,866,182569,http://en.wikipedia.org/wiki/University_of_G%C3%B6ttingen,Gesellschaft für wissenschaftliche Datenverarbeitung mbH Göttingen; Institute for Small Business Economics; Leibniz ScienceCampus Primate Cognition; Niedersächsische Staats-und Universitätsbibliothek Göttingen; Multiscale Bioimaging; Göttingen Campus Institut für Dynamic biologischer Netzwerke; Universitätsverlag Göttingen; Campus-Institut Data Science (CIDAS),https://openalex.org/I4210091733; https://openalex.org/I4210126419; https://openalex.org/I4210151565; https://openalex.org/I4387154063; https://openalex.org/I4387156107; https://openalex.org/I4405259601; https://openalex.org/I4405263319; https://openalex.org/I4405263634,,
https://openalex.org/I72212903,1,Harbin Veterinary Research Institute,facility,China,Harbin,HVRI,Harbin Veterinary Research Institute; 中国农业科学院哈尔滨兽医研究所,5512,616229,3.5336973478939155,266,12325,,State Key Laboratory of Veterinary Biotechnology,https://openalex.org/I4391767943,Chinese Academy of Agricultural Sciences,https://openalex.org/I4210138501
https://openalex.org/I87424562,1,Ithaca College,education,United States,Ithaca,,Colegio Ithaca; Ithaca College,13813,927958,2.9617910447761195,342,9701,https://en.wikipedia.org/wiki/Ithaca_College,,,,
https://openalex.org/I98251732,1,McMaster University,education,Canada,Hamilton,,McMaster University,182612,18270560,3.9040091483923045,1183,201559,http://en.wikipedia.org/wiki/McMaster_University,National Collaborating Centre for Methods and Tools; CanChild Centre for Childhood-onset Disability Research,https://openalex.org/I4391767890; https://openalex.org/I4405262926,,
https://openalex.org/I129604602,1,The University of Sydney,education,Australia,Sydney,USYD,Sydney University; The University of Sydney; University of Sydney,334423,26957464,4.8083633524891605,1277,357190,http://en.wikipedia.org/wiki/University_of_Sydney,ARC Centre of Excellence for All-sky Astrophysics; Sydney Microscopy & Microanalysis; Charles Perkins Centre Histology Facility,https://openalex.org/I4210155937; https://openalex.org/I4387154357; https://openalex.org/I4405258618,,
https://openalex.org/I4210164787,1,Puyang Vocational and Technical College,education,China,Puyang,,Puyang Vocational and Technical College; 濮阳职业技术学院,1917,7580,1.562982005141388,37,206,,,,,
https://openalex.org/I148283060,1,Lawrence Berkeley National Laboratory,facility,United States,Berkeley,LBL; LBNL,Berkeley Lab; Laboratoire national lawrence-berkeley; Lawrence Berkeley National Laboratory; United States Department of Energy Office of Science Lawrence Berkeley National Laboratory,161601,30765696,5.204725169920201,1607,267956,https://en.wikipedia.org/wiki/Lawrence_Berkeley_National_Laboratory,Joint Genome Institute; Energy Sciences Network; National Energy Research Scientific Computing Center; Joint Center for Artificial Photosynthesis; Advanced Light Source; Environmental System Science Data Infrastructure for a Virtual Ecosystem; Molecular Foundry; National Microbiome Data Collaborative,https://openalex.org/I196679689; https://openalex.org/I4210126023; https://openalex.org/I4210151627; https://openalex.org/I4210156299; https://openalex.org/I4387152530; https://openalex.org/I4387152767; https://openalex.org/I4387154492; https://openalex.org/I4387155554,University of California System; Office of Science,https://openalex.org/I2803209242; https://openalex.org/I39565521
https://openalex.org/I91712215,1,Saarland University,education,Germany,Saarbrücken,,Saarland University; Universität des Saarlandes,73743,4882705,2.8987510964454284,565,78924,http://en.wikipedia.org/wiki/Saarland_University,European School of Materials; Europa-Institut,https://openalex.org/I4210087912; https://openalex.org/I4210116825,,
https://openalex.org/I4210165559,1,Institute of Soil Science,facility,China,Nanjing,ISSAS,Institute of Soil Science; 中国科学院南京土壤研究所,13495,1582534,8.517029080429657,371,22563,,State Key Laboratory of Soil and Sustainable Agriculture,https://openalex.org/I4391767712,Chinese Academy of Sciences,https://openalex.org/I19820366
https://openalex.org/I125904092,1,Shenyang Aerospace University,education,China,Shenyang,SAU,Shenyang Aerospace University; Shenyang Institute of Aeronautical Engineering; 沈阳航空航天大学,15408,341020,3.4642549526270456,156,8220,https://en.wikipedia.org/wiki/Shenyang_Aerospace_University,,,,
https://openalex.org/I183816158,1,Zhaoqing University,education,China,Zhaoqing,ZQU,Zhaoqing University; Zhàoqìng Dàxué; 肇庆学院,7587,99440,2.912402611076016,106,2405,http://en.wikipedia.org/wiki/Zhaoqing_University,,,,
https://openalex.org/I3131412887,1,Jiangxi University of Technology,education,China,Jiangxi,JXUT,Jiangxi Blue Sky University; Jiangxi University of Technology; 江西科技学院,4259,55437,3.8998057174576743,79,1488,https://en.wikipedia.org/wiki/Jiangxi_University_of_Technology,,,,
https://openalex.org/I4210160344,1,Tongji Hospital,healthcare,China,Wuhan,,Tongji Hospital,47613,4286309,5.526466844115264,506,76047,,,,,
https://openalex.org/I4210113111,1,China National Bamboo Research Center,facility,China,Hangzhou,,China National Bamboo Research Center; 国家林业局竹子研究开发中心,902,39482,5.039009752438109,76,1011,,,,Chinese Academy of Forestry,https://openalex.org/I4210128615
https://openalex.org/I51317819,1,Institute of Medical Sciences,education,India,Varanasi,IMS-BHU,Institute of Medical Sciences,45810,1038648,1.5034527207439463,269,21162,"https://en.wikipedia.org/wiki/Institute_of_Medical_Sciences,_Banaras_Hindu_University",,,Banaras Hindu University,https://openalex.org/I91357014
https://openalex.org/I4210156834,1,Institute of Economics,facility,China,Beijing,,Institute of Economics; 中国社会科学院经济研究所,5816,95880,4.232813932172319,132,1550,,,,Chinese Academy of Social Sciences,https://openalex.org/I114218197
https://openalex.org/I4210149885,1,Taishan Medical University,education,China,Taishan,TMU,Taishan Medical University; 泰山医学院,4740,171671,0.2761286332714904,132,3898,,,,,
https://openalex.org/I4391768043,1,State Key Laboratory of Oral Diseases,facility,China,Chengdu,,State Key Lab of Oral Diseases; State Key Laboratory of Oral Diseases; 口腔疾病研究国家重点实验室,6148,867822,8.322620266120778,254,17168,,,,Sichuan University,https://openalex.org/I24185976
https://openalex.org/I4210142484,1,Second Affiliated Hospital of Jilin University,healthcare,China,Changchun,,Second Affiliated Hospital of Jilin University,9992,593230,4.974468672370963,222,12642,,,,,
https://openalex.org/I4210142345,1,Pulmonary Associates,healthcare,United States,Phoenix,PA,Pulmonary Associates,6798,547184,1.6293592862935928,287,6658,,,,,
https://openalex.org/I151727225,1,Harbin Engineering University,education,China,Harbin,HEU,Harbin Engineering University; Hāěrbīn Gōngchéng Dàxué; 哈尔滨工程大学,64251,2857725,4.3843978802688985,357,60660,https://en.wikipedia.org/wiki/Harbin_Engineering_University,,,,
https://openalex.org/I4210120234,1,Zhongnan Hospital of Wuhan University,healthcare,China,Wuhan,,Zhongnan Hospital of Wuhan University,21211,2232793,4.922263782728899,447,30079,,,,,
https://openalex.org/I42131985,1,National Health and Medical Research Council,government,Australia,Canberra,NHMRC,National Health and Medical Research Council,8793,1946147,10.081148121899362,564,14289,https://en.wikipedia.org/wiki/National_Health_and_Medical_Research_Council,Dementia Collaborative Research Centres,https://openalex.org/I4210102735,Department of Health and Aged Care,https://openalex.org/I3149551504
https://openalex.org/I4210115385,1,Powder Metallurgy Institute,facility,Belarus,Minsk,IPM,Powder Metallurgy Institute; ИНСТИТУТ ПОРОШКОВОЙ МЕТАЛЛУРГИИ,1462,72791,4.100484261501211,128,1180,,,,Department of Physical and Technical Sciences,https://openalex.org/I4210113715
https://openalex.org/I4210119098,1,Fujian Institute of Research on the Structure of Matter,facility,China,Fuzhou,FJIRSM,Fujian Institute of Research on the Structure of Matter; 中国科学院福建物质结构研究所,19470,2702068,8.694296888681338,385,47447,,State Key Laboratory of Structural Chemistry,https://openalex.org/I4391767757,Chinese Academy of Sciences,https://openalex.org/I19820366
https://openalex.org/I4210160222,1,Liaocheng People's Hospital,healthcare,China,Liaocheng,,Liaocheng People's Hospital; 聊城市人民医院,6149,182291,2.825544267053701,123,4992,,,,,
https://openalex.org/I24306055,1,Suffolk University,education,United States,Boston,,Suffolk University; Universidad de Suffolk,8079,213132,1.755023923444976,187,3433,http://en.wikipedia.org/wiki/Suffolk_University,,,,
https://openalex.org/I44461941,1,University of Houston,education,United States,Houston,UH,Universidad de Houston; University of Houston; Université de houston,104604,6623812,3.5985465756441313,659,96552,http://en.wikipedia.org/wiki/University_of_Houston,Center for Theoretical Biological Physics,https://openalex.org/I4210145836,University of Houston System,https://openalex.org/I2801525821
https://openalex.org/I4210141483,1,National Center for Nanoscience and Technology,nonprofit,China,Beijing,NCNST,National Center for Nanoscience and Technology; 国家纳米科学中心,13679,3180657,10.816763678696159,545,34506,https://en.wikipedia.org/wiki/National_Center_for_Nanoscience_and_Technology,,,Chinese Academy of Sciences,https://openalex.org/I19820366
https://openalex.org/I4210087596,1,Qualcomm (United States),company,United States,San Diego,,Qualcomm (United States),5898,358327,3.456932773109244,237,4600,https://en.wikipedia.org/wiki/Qualcomm,Qualcomm (United Kingdom); Qualcomm (Canada),https://openalex.org/I19268510; https://openalex.org/I4210125860,,
https://openalex.org/I368840534,1,University of Mississippi,education,United States,Oxford,,Universidad de Misisipi; University of Mississippi; Université du Mississippi,62218,3034908,1.126806765761148,520,41515,http://en.wikipedia.org/wiki/University_of_Mississippi,,,Mississippi Institutions of Higher Learning,https://openalex.org/I4210141039
https://openalex.org/I4391768045,1,State Key Laboratory of Pharmaceutical Biotechnology,facility,China,Nanjing,,State Key Lab of Pharmaceutical Biotechnology; State Key Laboratory of Pharmaceutical Biotechnology; 医药生物技术国家重点实验室,927,138603,6.718940936863544,137,2529,,,,Nanjing University,https://openalex.org/I881766915
https://openalex.org/I4210117453,1,Dana-Farber Cancer Institute,facility,United States,Boston,,Dana-Farber Cancer Institute,88631,27129114,6.942185658598495,1654,150453,https://en.wikipedia.org/wiki/Dana%E2%80%93Farber_Cancer_Institute,Dana-Farber/Harvard Cancer Center; Dana-Farber Brigham Cancer Center; Dana-Farber/Boston Children's Cancer and Blood Disorders Center,https://openalex.org/I4210134579; https://openalex.org/I4210161994; https://openalex.org/I4210166317,,
https://openalex.org/I78675632,1,Beijing Information Science & Technology University,education,China,Beijing,BISTU,Beijing Information Science & Technology University; 北京信息科技大学,17564,286405,2.8652879414572063,141,7022,https://en.wikipedia.org/wiki/Beijing_Information_Science_&_Technology_University,,,,
https://openalex.org/I4391767838,1,State Key Laboratory of Industrial Control Technology,facility,China,Hangzhou,,State Key Lab of Industrial Control Technology; State Key Laboratory of Industrial Control Technology; 工业控制技术国家重点实验室,4583,299808,5.152273675427618,179,6103,,,,Zhejiang University,https://openalex.org/I76130692
https://openalex.org/I39521962,1,Hunan City University,education,China,Yiyang,,Hunan City University; Húnán Chéngshì Xuéyuàn; 湖南城市学院,5536,67150,4.6097457627118645,90,1632,https://en.wikipedia.org/wiki/Hunan_City_University,,,,
https://openalex.org/I2802612298,1,The Wallace H. Coulter Department of Biomedical Engineering,education,United States,Atlanta,BME,The Wallace H. Coulter Department of Biomedical Engineering; Wallace H. Coulter Department of Biomedical Engineering at Georgia Tech and Emory University,6846,848669,6.552584211879661,324,10287,https://en.wikipedia.org/wiki/Wallace_H._Coulter_Department_of_Biomedical_Engineering,,,Georgia Institute of Technology; Emory University,https://openalex.org/I130701444; https://openalex.org/I150468666
https://openalex.org/I72090969,1,Nokia (United States),company,United States,Coppell,,Nokia (United States),18254,1547602,2.984375,448,17219,https://en.wikipedia.org/wiki/Nokia,,,Nokia (Finland),https://openalex.org/I2738502077
https://openalex.org/I4210127563,1,Inflammation Research Foundation,nonprofit,United States,Peabody,,Inflammation Research Foundation,1738,145551,3.7596685082872927,179,1414,,,,,
https://openalex.org/I108468826,1,Stevens Institute of Technology,education,United States,Hoboken,SIT,Stevens Institute of Technology,23191,939826,2.794534126309827,307,15767,https://en.wikipedia.org/wiki/Stevens_Institute_of_Technology,Systems Engineering Research Center,https://openalex.org/I4388482676,,
https://openalex.org/I875511016,1,ENVIRON (United States),company,United States,Arlington,,ENVIRON (United States); Ramboll Environ,1972,94074,0.7755102040816326,135,1253,https://en.wikipedia.org/wiki/Ramboll_Environ,,,,
https://openalex.org/I114027177,1,University of North Carolina at Chapel Hill,education,United States,Chapel Hill,UNC,UNC-Chapel Hill; Universidad de Carolina del Norte en Chapel Hill; University of North Carolina at Chapel Hill; Université de la Caroline du Nord à Chapel Hill,354863,34840565,2.2106421744931897,1593,346461,http://en.wikipedia.org/wiki/University_of_North_Carolina_at_Chapel_Hill,UNC/NCSU Joint Department of Biomedical Engineering; Carolina Institute for NanoMedicine; Triangle Center for Evolutionary Medicine; UNC Lineberger Comprehensive Cancer Center,https://openalex.org/I4210131205; https://openalex.org/I4210157879; https://openalex.org/I4387153507; https://openalex.org/I4390039329,University of North Carolina System,https://openalex.org/I4210158053
https://openalex.org/I165143802,1,The University of Queensland,education,Australia,Brisbane,UQ,The University of Queensland; University of Queensland,277914,27446099,4.634284896458335,1466,311528,http://en.wikipedia.org/wiki/University_of_Queensland,Centre for Quantum Computation and Communication Technology; ARC Centre of Excellence for Environmental Decisions; ARC Centre of Excellence for Engineered Quantum Systems; ARC Centre of Excellence for Innovations in Peptide and Protein Science; ARC Centre of Excellence for Children and Families over the Life Course; ARC Centre of Excellence for Plant Success in Nature and Agriculture; Centre for Microscopy and Microanalysis,https://openalex.org/I4210096034; https://openalex.org/I4210106392; https://openalex.org/I4210129739; https://openalex.org/I4210139041; https://openalex.org/I4210153852; https://openalex.org/I4210155873; https://openalex.org/I4401200257,,
https://openalex.org/I96062909,1,Babson College,education,United States,Wellesley,,Babson College,4649,240633,5.0,234,1959,https://en.wikipedia.org/wiki/Babson_College,,,,
https://openalex.org/I4210124809,1,Peking University People's Hospital,healthcare,China,Beijing,PKUPH,Peking University People's Hospital; 北京大学人民医院,28212,1422089,2.589582397844634,338,28109,,,,,
https://openalex.org/I9360294,1,University of Bologna,education,Italy,Bologna,UNIBO,Alma Mater Studiorum - Università di Bologna; Universitat de Bolonya; University of Bologna; Università di Bologna; Universität Bologna; Université de Bologne,221986,18623643,3.0895562892939528,901,293236,http://en.wikipedia.org/wiki/University_of_Bologna,,,,
https://openalex.org/I4391768157,1,State Key Laboratory of Crystal Materials,facility,China,Jinan,,State Key Lab of Crystal Materials; State Key Laboratory of Crystal Materials; 晶体材料国家重点实验室,9261,1249642,10.346399270738377,305,23570,,,,Shandong University,https://openalex.org/I154099455
https://openalex.org/I4210106799,1,Orthopädische Universitätsklinik,healthcare,Germany,Magdeburg,,Orthopädische Universitätsklinik,10368,170693,0.18579234972677597,137,3928,,,,University Hospital Magdeburg,https://openalex.org/I4210138551
https://openalex.org/I4210128628,1,Peking University Shenzhen Hospital,healthcare,China,Shenzhen,,Peking University Shenzhen Hospital; Shenzhen Central Hospital; 北京大学深圳医院,13327,784030,4.573550159649514,284,13432,,,,,
https://openalex.org/I8204097,1,Ludwig-Maximilians-Universität München,education,Germany,Munich,LMU,LMU München; Ludwig Maximilian University of Munich; Ludwig-Maximilians-Universität München; Ludwig-Maximilians-Universität in Munich; University of Munich; Universität München,276966,28972131,3.7363232604720023,1142,351770,http://en.wikipedia.org/wiki/Ludwig_Maximilian_University_of_Munich,"Center for Integrated Protein Science Munich; Center for NanoScience; LMU Klinikum; Nanosystems Initiative Munich; Excellence Cluster Origins; Rachel Carson Center for Environment and Society; Munich Cluster for Systems Neurology; Centre for Advanced Laser Applications; Munich Center for Quantum Science and Technology; Zentrum für Klinische Tiermedizin; Munich Center for Machine Learning; LMU Open Science Center; Walther-Straub-Institut für Pharmakologie und Toxikologie; Physiologisches Institut; Institut für Medizinische Psychologie; Institut für Rechtsmedizin; Institut für Immunologie; Pathologisches Institut; Anatomische Anstalt; Institut für Ethik, Geschichte und Theorie der Medizin; Institut für Kardiovaskuläre Physiologie und Pathophysiologie; Adolf-Butenandt-Institut für Physiologische Chemie, Physikalische Biochemie und Zellbiologie; Institut für Medizinische Informationsverarbeitung, Biometrie und Epidemiologie; Institut für Neuropathologie; Max-von-Pettenkofer-Institut für Hygiene und Medizinische Mikrobiologie; Institut für deutsche Kultur und Geschichte Südosteuropas; Cluster of Excellence Cross-Cultural Philology",https://openalex.org/I189554337; https://openalex.org/I2801304276; https://openalex.org/I3018771216; https://openalex.org/I414166113; https://openalex.org/I4210099156; https://openalex.org/I4210107006; https://openalex.org/I4210113080; https://openalex.org/I4210137376; https://openalex.org/I4210142743; https://openalex.org/I4392738062; https://openalex.org/I4403386549; https://openalex.org/I4405254827; https://openalex.org/I4405255325; https://openalex.org/I4405258533; https://openalex.org/I4405258781; https://openalex.org/I4405259119; https://openalex.org/I4405259207; https://openalex.org/I4405259543; https://openalex.org/I4405260209; https://openalex.org/I4405260264; https://openalex.org/I4405260491; https://openalex.org/I4405260761; https://openalex.org/I4405260893; https://openalex.org/I4405260960; https://openalex.org/I4405261663; https://openalex.org/I4405261922; https://openalex.org/I4405263804,,
https://openalex.org/I31847773,1,Zhejiang Ocean University,education,China,Zhoushan,ZJOU,Zhejiang Fishery University; Zhejiang Ocean University; Zhoushan Junior Teachers College; 浙江海洋学院,20494,872973,5.120364346128822,255,19368,https://en.wikipedia.org/wiki/Zhejiang_Ocean_University,,,,
https://openalex.org/I130828816,1,University of Leeds,education,United Kingdom,Leeds,,Prifysgol Leeds; University of Leeds,195780,13856259,3.2463484442803066,938,180968,http://en.wikipedia.org/wiki/University_of_Leeds,"Centre for the Observation and Modelling of Earthquakes, Volcanoes and Tectonics; Centre for Climate Change Economics and Policy",https://openalex.org/I4210147017; https://openalex.org/I4392738207,,
https://openalex.org/I4210086543,1,Industrial Development Bureau,government,Taiwan,Taipei,IDB,Industrial Development Bureau; 經濟部工業局,832,7161,1.3714285714285714,40,196,https://en.wikipedia.org/wiki/Industrial_Development_Bureau,,,Ministry of Economic Affairs,https://openalex.org/I1327533815
https://openalex.org/I205237279,1,Nankai University,education,China,Tianjin,NKU,Nankai University; Nánkāi Dàxué; 南开大学,115569,10049527,6.188270215821171,672,168973,http://en.wikipedia.org/wiki/Nankai_University,Collaborative Innovation Center of Chemical Science and Engineering Tianjin; State Key Laboratory of Medicinal Chemical Biology; State Key Laboratory of Elemental Organic Chemistry,https://openalex.org/I4210151209; https://openalex.org/I4391767646; https://openalex.org/I4391768085,,
https://openalex.org/I49332381,1,University of Oklahoma Health Sciences Center,healthcare,United States,Oklahoma City,OUHSC,University of Oklahoma Health Sciences Center,37307,3321285,3.3591759481691783,523,44704,https://en.wikipedia.org/wiki/University_of_Oklahoma_Health_Sciences_Center,,,,
https://openalex.org/I7597260,1,Hungarian Academy of Sciences,government,Hungary,Budapest,MTA,Hungarian Academy of Sciences; Magyar Tudományos Akadémia,65023,4775154,3.129819040125885,570,76641,http://en.wikipedia.org/wiki/Hungarian_Academy_of_Sciences,Alfréd Rényi Institute of Mathematics; HUN-REN Szegedi Biológiai Kutatóközpont; ELTE Research Centre for the Humanities; Centre for Social Sciences; Library and Information Centre of the Hungarian Academy of Sciences; MTA-SZTE Research Group on Artificial Intelligence; Hungarian Young Academy,https://openalex.org/I127817813; https://openalex.org/I2800351701; https://openalex.org/I4210131266; https://openalex.org/I4210137611; https://openalex.org/I4210140733; https://openalex.org/I4210152167; https://openalex.org/I4405258100,,
https://openalex.org/I104338594,1,Inje University,education,South Korea,Gimhae,,Inje University; 인제대학교,15553,883298,4.142762940982526,267,15478,http://en.wikipedia.org/wiki/Inje_University,Inje University Paik Hospital,https://openalex.org/I4405258751,,
https://openalex.org/I4210132125,1,Hôpital Lapeyronie,healthcare,France,Montpellier,,Hôpital Lapeyronie,7315,422195,2.1202290076335877,223,6606,,,,Centre Hospitalier Universitaire de Montpellier,https://openalex.org/I4210093292
https://openalex.org/I184983240,1,Northeast Normal University,education,China,Changchun,NENU,Dōngběi Shīfàn Dàxué; Northeast Normal University; 东北师范大学,38268,2919356,6.61334823320874,367,57842,http://en.wikipedia.org/wiki/Northeast_Normal_University,,,,
https://openalex.org/I32062511,1,Heriot-Watt University,education,United Kingdom,Edinburgh,,Heriot-Watt University,34995,1847088,4.168920863309353,368,32609,http://en.wikipedia.org/wiki/Heriot-Watt_University,Maxwell Institute for Mathematical Sciences; International Centre for Mathematical Sciences,https://openalex.org/I4210117017; https://openalex.org/I4210130014,,
https://openalex.org/I4210157459,1,Biostatistical Consulting (United States),company,United States,Lexington,BCI,Biostatistical Consulting (United States),1905,130412,1.8641025641025641,168,1528,,,,,
https://openalex.org/I201459984,1,Guangdong University Of Finances and Economics,education,China,Guangzhou,GUFE,Guangdong University Of Finances and Economics; 广东商学院,8749,86245,3.023871425194989,99,2016,https://en.wikipedia.org/wiki/Guangdong_University_Of_Finance_and_Economics,,,,
https://openalex.org/I4210102011,1,Hanalei Watershed Hui,nonprofit,United States,Lihue,,Hanalei Watershed Hui; The Hui,6276,30479,1.1300448430493273,73,422,,,,,
https://openalex.org/I4210140816,1,Gilead Sciences (United States),company,United States,Foster City,,Gilead Sciences (United States),6486,1414898,5.156713716974303,461,13190,https://en.wikipedia.org/wiki/Gilead_Sciences,Gilead Sciences (Canada); Gilead Sciences (United Kingdom); Gilead Sciences (Spain); Gilead Sciences (Italy); Gilead Sciences (Australia); Gilead Sciences (Germany); Gilead Sciences (France); Gilead Sciences (Portugal),https://openalex.org/I4210105541; https://openalex.org/I4210106787; https://openalex.org/I4210123473; https://openalex.org/I4210131864; https://openalex.org/I4210142028; https://openalex.org/I4210156700; https://openalex.org/I4210162951; https://openalex.org/I4405256694,,
https://openalex.org/I32971472,1,Yale University,education,United States,New Haven,,Collegiate School; Universidad Yale; Yale College; Yale University,411025,51909529,2.5779456002312577,1801,473955,http://en.wikipedia.org/wiki/Yale_University,Center for Light Energy Activated Redox Processes; Tropical Resources Institute; Yale Peabody Museum; Chan Zuckerberg Biohub New York; Paul Mellon Centre,https://openalex.org/I4210087539; https://openalex.org/I4387152637; https://openalex.org/I4387153325; https://openalex.org/I4396570641; https://openalex.org/I4405262601,,
https://openalex.org/I161716053,1,China Pharmaceutical University,education,China,Nanjing,CPU,China Pharmaceutical University; 中国药科大学,38474,3538720,5.34208211949651,353,77761,http://en.wikipedia.org/wiki/China_Pharmaceutical_University,State Key Laboratory of Natural Medicine,https://openalex.org/I4391767909,,
https://openalex.org/I2800091995,1,West China Medical Center of Sichuan University,healthcare,China,Chengdu,WCUMS,West China Medical Center of Sichuan University; West China University of Medical Sciences; 四川大学华西医学中心,11743,513382,5.674154828763352,208,11476,https://en.wikipedia.org/wiki/West_China_Medical_Center_of_Sichuan_University,,,Sichuan University,https://openalex.org/I24185976
https://openalex.org/I62916508,1,Technical University of Munich,education,Germany,Munich,TUM,Technical University of Munich; Technische Universitaet Muenchen; Technische Universität München,227511,18820687,3.91783789034044,1021,261587,http://en.wikipedia.org/wiki/Technische_Universit%C3%A4t_M%C3%BCnchen,Center for Integrated Protein Science Munich; TUM Klinikum; Munich Cluster for Systems Neurology; Centre for Advanced Laser Applications; Deutsches Herzzentrum München; Institute of Biological and Medical Imaging; Munich Center for Machine Learning; Hochschule für Politik München,https://openalex.org/I189554337; https://openalex.org/I2802619606; https://openalex.org/I4210113080; https://openalex.org/I4210137376; https://openalex.org/I4210148371; https://openalex.org/I4387155950; https://openalex.org/I4403386549; https://openalex.org/I4405265300,,
https://openalex.org/I136199984,1,Harvard University,education,United States,Cambridge,,Harvard University; Universidad de Harvard,704074,143964651,7.266199138681666,2772,1100875,http://en.wikipedia.org/wiki/Harvard_University,"Harvard University Press; Ragon Institute of MGH, MIT and Harvard; Gordon Center for Medical Imaging; Center for Astrophysics Harvard & Smithsonian; Athinoula A. Martinos Center for Biomedical Imaging; Berenson Allen Center for Noninvasive Brain Stimulation; Dana-Farber/Harvard Cancer Center; Sleep and Human Health Institute; Center for Vascular Biology Research; Center for Systems Biology; Harvard Stem Cell Institute; MIT-Harvard Center for Ultracold Atoms; The NSF AI Institute for Artificial Intelligence and Fundamental Interactions; Arnold Arboretum; Harvard Forest Long Term Ecological Research; Real Colegio Complutense; Wyss Institute for Biologically Inspired Engineering",https://openalex.org/I2801851002; https://openalex.org/I2802422659; https://openalex.org/I4210087356; https://openalex.org/I4210124175; https://openalex.org/I4210127055; https://openalex.org/I4210133893; https://openalex.org/I4210134579; https://openalex.org/I4210135193; https://openalex.org/I4210143899; https://openalex.org/I4210155419; https://openalex.org/I4210157861; https://openalex.org/I4210159271; https://openalex.org/I4210160315; https://openalex.org/I4387154449; https://openalex.org/I4387154927; https://openalex.org/I4392738166; https://openalex.org/I44142251,,
https://openalex.org/I87354575,1,National Chengchi University,education,Taiwan,Taipei,NCCU,National Chengchi University,11793,279204,1.4447429009976975,186,5043,http://en.wikipedia.org/wiki/National_Chengchi_University,,,,
https://openalex.org/I4387153518,1,Lianyungang Technical College,education,China,Lianyungang,LTC,Lianyungang Technical College; 连云港职院,841,1159,4.380952380952381,18,32,https://zh.wikipedia.org/wiki/%E8%BF%9E%E4%BA%91%E6%B8%AF%E8%81%8C%E4%B8%9A%E6%8A%80%E6%9C%AF%E5%AD%A6%E9%99%A2,,,,
https://openalex.org/I205349734,1,Hokkaido University,education,Japan,Sapporo,,Hokkaido University; Hokkaidō daigaku; 北海道大学,254728,11713871,0.9884794820527468,649,224190,http://en.wikipedia.org/wiki/Hokkaido_University,,,,
https://openalex.org/I54108979,1,Norwegian University of Life Sciences,education,Norway,Ås,NMBU,Norges miljø- og biovitenskapelige universitet; Norjan ympäristötieteen ja biologian yliopisto; Norwegian University of Life Sciences,28900,1916384,2.35026464060099,392,30671,http://en.wikipedia.org/wiki/Norwegian_University_of_Life_Sciences,,,,
https://openalex.org/I4210112519,1,Peng Huanwu Center for Fundamental Theory,facility,China,Hefei,,Peng Huanwu Center for Fundamental Theory,3783,17261,4.329470198675497,53,436,,,,,
https://openalex.org/I4210162928,1,Ōtani University,education,Japan,Kyoto,,Ohtani Daigaku; Ootani Daigaku; Shinshuu University; Shinshū University; Ōtani Daigaku; Ōtani University; おおたにだいがく; オオタニダイガク; 大谷大学; 真宗大学,10547,282099,1.1772639691714837,182,5088,https://en.wikipedia.org/wiki/%C5%8Ctani_University,,,,
https://openalex.org/I66217453,1,Cadence Design Systems (United States),company,United States,San Jose,,Cadence Design Systems (United States),3247,92575,1.6229508196721312,123,1778,https://en.wikipedia.org/wiki/Cadence_Design_Systems,Cadence Design Systems (Germany); Cadence Design Systems (India); Cadence Design Systems (United Kingdom),https://openalex.org/I4210089203; https://openalex.org/I4210111610; https://openalex.org/I4210113463,,
https://openalex.org/I154526488,1,Inserm,government,France,Paris,INSERM,French Institute of Health and Medical Research; Inserm; Institut National de la Santé et de la Recherche Médicale,486381,76403080,2.9569778741119555,1937,896184,https://en.wikipedia.org/wiki/Inserm,"Délégation Paris 5; Délégation Paris 7; Electrophysiology and Heart Modeling Institute; Laboratoire d'Optique et Biosciences; Institut Necker Enfants Malades; Physiologie et Médecine Expérimentale du Coeur et des Muscles; Génomes, biologie cellulaire et thérapeutiques; Institut de génétique et de biologie moléculaire et cellulaire; Centre de Recherches en Cancérologie de Toulouse; Centre de Référence Déficits Immunitaires Héréditaires; Oncogenesis Stress Signaling; Institut Langevin; Centre de Recherche des Cordeliers; Centre de Recherche en Cancérologie et Immunologie Intégrée Nantes Angers; Délégation Régionale Nord Ouest; Imaging, Brain, and Neuropsychiatry; Institut thématique Bases moléculaires et structurales du vivant; Centre de Recherche en Neurosciences de Lyon; Institut thématique Immunologie, inflammation, infectiologie et microbiologie; Institute for Regenerative Medicine & Biotherapy; Nutrition et obésité : approches systémiques; Physiopathologie, métabolisme et nutrition; Délégation Paris 12; Laboratory of Pathogens and Host Immunity; Learning Planet Institute; Endothélium, valvulopathies et insuffisance cardiaque; Centre de Biologie Structurale; Institut d'Économie Publique; COMETE - Mobilités : Vieillissement, pathologie, santé; Centre de recherche en Epidémiologie et Santé des Populations; Laboratoire Traitement du Signal et de l'Image; Délégation Régionale Grand Ouest; Bordeaux Population Health; Hypertension pulmonaire : physiopathologie et innovation thérapeutique; Délégation Régionale Occitanie Méditerranée; Institut de Biologie Paris-Seine; The Enteric Nervous System in Gut and Brain Disorders; Institut de Recherche en Santé, Environnement et Travail; Immunité et Cancer; Inserm Transfert; Institut de Neurosciences des Systèmes; Délégation Régionale Provence-Alpes-Côte d’Azur et Corse; Theories and Approaches of Genomic Complexity; Institut thématique Biologie cellulaire, développement et évolution; Centre Interdisciplinaire de Recherche en Biologie; Institut de Myologie; Institut Jacques Monod; Virologie et Immunologie Moléculaires; CIC Rennes; Institut de Biologie Valrose; Laboratoire d’Imagerie Biomédicale; Institut thématique Génétique, génomique et bioinformatique; Centre Méditerranéen de Médecine Moléculaire; Institut de Recherche sur le Cancer et le Vieillissement de Nice; Institut de Neurobiologie de la Méditerranée; Centre de Recherche en Cancérologie de Lyon; Neurocentre Magendie; Equipe Soutenue par la Région et par l'Inserm; Laboratoire de recherche en cardiovasculaire, métabolisme, diabétologie et nutrition; Metabolism and Renal Physiology; Centre d'Immunologie et des Maladies Infectieuses; Institut de Biologie de l'École Normale Supérieure; Handicap neuromusculaire : Physiopathologie, Biothérapie et Pharmacologie appliquées; Délégation Paris 6; Institut Cellule Souche et Cerveau; Centre de Recherche sur l'Inflammation; Adaptateurs de Signalisation en Hématologie; Paris Cardiovascular Research Center; Centre de Recherche Médecine, Sciences, Santé, Santé Mentale, Société; Laboratoire d’immunologie intégrative du cancer; Institut Pierre Louis d‘Épidémiologie et de Santé Publique; Laboratoire de Recherche Vasculaire Translationnelle; Institute for Neurosciences of Montpellier; Unit of Functional and Adaptive Biology; Laboratoire de Biologie, Bioingéniérie et Bioimagerie ostéoarticulaire; Modèles Insectes de l'Immunité Innée; Centre de Recherche en Acquisition et Traitement de l'Image pour la Santé; Institut de Recherche Interdisciplinaire sur les Enjeux Sociaux; Centre de recherche Translationnelle en Médecine moléculaire; Unité de Technologies Chimiques et Biologiques pour la Santé; Institut de Recherche en Cancérologie de Montpellier; Institut Cochin; Délégation Régionale Est; Cognitive Neuroimaging Lab; Centre d’Immunologie de Marseille-Luminy; Institut du Thorax; Skin Research Center; Institut Européen de Chimie et Biologie; Centre de Recherche en Cancérologie de Marseille; Institut thématique Santé Publique; Délégation Régionale Occitanie Pyrénées; Cognition, Action, and Sensorimotor Plasticity; Unité de recherche sur les maladies cardiovasculaires et métaboliques; Hemostase Inflammation Thrombosis; Délégation Régionale Nouvelle-Aquitaine; Institut Systèmes Intelligents et de Robotique; Grenoble Institute of Neurosciences; Institut du Cerveau; Processus Infectieux en Milieu Insulaire Tropical; Fondation pour l’innovation en Cadiométabolisme et Nutrition; Physiopathologie et Epidémiologie des Maladies Respiratoires; Délégation Régionale Auvergne-Rhône-Alpes; Institut de Génomique Fonctionnelle; Récepteurs Nucléaires, Maladies Cardiovasculaires et Diabète; Institut Thématique Cancer; Institut Mondor de Recherche Biomédicale; Structure Fédérative de Recherche en Biologie et Santé de Rennes; Institut pour l'avancée des biosciences; Délégation Paris 11; Centre International de Recherche en Infectiologie; Interactions Cellulaires et Physiopathologie Hépathique; Laboratoire Adhésion et inflammation; Institut Génétique, Reproduction et Développement; Institut thématique Neurosciences, sciences cognitives, neurologie, psychiatrie; Institut de Biologie de Lille; Nutrition, Obésité et Risque Thrombotique; Institut des Maladies Génétiques Imagine; Inflammation, Microbiome and Immunosurveillance; Structure et Instabilité des Génomes; Immunologie intégrative des tumeurs et immunothérapie du cancer; Institute for Translational Research in Inflammation; OncoThAI; Nutrition-Génétique et Exposition aux Risques Environnementaux; Ischémie Reperfusion, Métabolisme et Inflammation Stérile en Transplantation; Empenn; Mécanismes moléculaires dans les démences neurodégénératives; Mobilités: Vieillissement, Pathologie, Santé; Laboratoire de Physiologie Cellulaire; BISCEm - Biologie Intégrative Santé Chimie Environnement; CANTHER - Hétérogénéité, Plasticité et Résistance aux Thérapies des Cancers; Neurophysiologie respiratoire expérimentale et clinique; Laboratory for the Bioengineering of Tissues; Innovations Thérapeutiques en Hémostase; RESTORE; Centre d'Investigation Clinique de Besançon; Radiothérapie Moléculaire et Innovation Thérapeutique; Stabilité Génétique, Cellules Souches et Radiations; RMeS - Regenerative Medicine and Skeleton; Physiologie et Physiopathlogie Endocriniennes; Centre d’Investigation Clinique des Hôpitaux Universitaires de Strasbourg; Centre d'Étude des Pathologies Respiratoires; Institut Droit et Santé; Pathogénèse Bactérienne et Réponses Cellulaires; Cancer et génome: Bioinformatique, biostatistiques et épidémiologie des systèmes complexes; Génomique fonctionnelle comparative; Micro et Nanomédecines translationnelles; Prédicteurs moléculaires et nouvelles cibles en oncologie; Institut d’Epidémiologie et de Neurologie Tropicale; Pharmacologie & Transplantation; Chimie et Modélisation pour la Biologie du Cancer; Institute for Translational Medicine and Liver Disease; Physique pour la médecine Paris; Contrôle transcriptionnel et épigénétique de l’hématopoïèse maligne; Nutrition, Diabète et Cerveau; Biologie des interactions hôte-parasite; Plateformes Lilloises en Biologie et Santé; Institut Toulousain des Maladies Infectieuses et Inflammatoires; L’Inserm dans Paris et l’Île-de-France Centre Nord; Biologie et pharmacologie des plaquettes sanguines : hémostase, thrombose, transfusion; Genopolys; Physiopathologie et imagerie des troubles neurologiques; Laboratoire d'imagerie translationnelle en oncologie; Recherches Translationnelles sur le VIH et les Maladies Infectieuses; Physiopathologie, autoimmunité, maladies neuromusculaire et thérapie régénératrice; Pharmacologie des anti-infectieux et antibiorésistance; Physiopathogénèse et Traitement des Maladies du Foie; Médicaments et Molécules pour Agir sur les Systèmes Vivants; Pathologies Pulmonaires et Plasticité Cellulaire; Acides nucléiques: Régulations naturelles et artificielles; Génétique et biologie du développement; Plateforme d'information et de services pour les maladies rares et les médicaments orphelins; Nutrition, Inflammation et axe Microbiote-Intestin-Cerveau; Centre de Recherche Épidémiologie et Statistique; Microenvironment and B-cells: Immunopathology, Cell, Differentiation and Cancer; HIPI -  Immunologie humaine, physiopathologie et immunithérapie; Laboratoire Physiopathologie et Génétique du Neurone et du Muscle; Centre d'Investigation Clinique Antilles Guyane; Recherche translationnelle sur le diabète; Pathogenèse des infections vasculaires; Bacterial Virulence and Chronic Infections; Optimisation Thérapeutique en Neuropsychopharmacologie; IMPact de l'Environnement Chimique sur la Santé humaine; Biologie des maladies cardiovasculaires; TBM-Core; Groupe de Recherches sur l’Analyse Multimodale de la Fonction Cérébrale; Centre d'investigation clinique Quinze-Vingts; Chimie et Biologie de la Cellule; Centre d'Investigation Clinique - Innovation Technologique de Lille; Lille Neurosciences & Cognition; Bordeaux Imaging Center; Centre d'Immunophénomique; Maladies Rares: Génétique et Métabolisme; France Génomique; Neuropsychologie et Imagerie de la Mémoire Humaine; Bacterial RNAs & Medicine; Laboratoire de Neurosciences Cognitives et Computationnelles; Centre de Génétique Médicale de Marseille; Mitochondrial and Cardiovascular Physiopathology; NeuroDiderot; Anti-infectieux : supports moléculaires des résistances et innovations thérapeutiques; Organisation Nucléaire et Oncogenèse; Systèmes avancés de délivrance de principes actifs; Centre d'Investigation Clinique - Epidémiologie Clinique Saint-Etienne; Imagerie Moléculaire et Stratégies Théranostiques; Défaillance Cardiovasculaire Aiguë et Chronique; Cancer, Hétérogénéité, Instabilité et Plasticité; Research on healthcare performance; Infection, Anti-microbiens, Modélisation, Evolution; Centre d’Investigation Clinique 1436; (Epi)génomique fonctionnelle métabolique et des dysfonctions dans le diabète de type 2 et des maladies associées; Etude longitudinale française depuis l'enfance; Immunologie - Immunopathologie - Immunothérapie; Physiopathologie, cibles et thérapies de la polyarthrite rhumatoïde; Hypoxie et Poumon; Interdisciplinarité en Santé Publique Interventions et Instruments de mesure complexes – Région Est; Laboratoire de Neurosciences Expérimentales et Cliniques; Nutrition, métabolismes et cancer; Centre d'Investigation Clinique de Vaccinologie Cochin-Pasteur; Replication des chromosomes eucaryotes et ses points de contrôle; PremUP; Laboratoire d'Informatique Médicale et d'Ingénierie des Connaissances en e-Santé; Fondation Voir & Entendre; Centre d'Acquisition et de Traitement des Images; Maladies génétiques d’expression pédiatrique; Centre de Recherche en Myologie; Tara Oceans Systems Ecology & Evolution; UMS Phénotypage du petit animal; Maladies rénales fréquentes et rares : des mécanismes moléculaires à la médecine personnalisée; Cohortes épidémiologiques en population; Infection et inflammation; Laboratoire physiopathologie et pharmacologie clinique de la douleur; Laboratoire d'Excellence en Recherche sur le Médicament et l'Innovation Thérapeutique; Génomique du cancer et du cerveau; Translational Research in Gene Therapy; Neuroendocrine, Endocrine and Germinal Differentiation Communication; Dynamique Microbienne associée aux Infections Urinaires et Respiratoires; Unité de recherche interdisciplinaire pour la prévention et le traitement des cancers; Immunologie et Nouveaux Concepts en Immunothérapie; Center for Research in Transplantation and Translational Immunology; methodS in Patient-centered outcomes and HEalth ResEarch; Laboratoire de Génétique Médicale; Neuroscience et Psychiatrie Translationnelle de Strasbourg; Immuno-Rhumathologie moléculaire; UMS BioCore; Brain Tech Laboratory; Laboratoire Biologie et Biotechnologie pour la Santé; Laboratoire Biosciences et bioingénierie pour la Santé; Haute Technologie Animale Grenobloise; Hypoxie et Physiopathologies cardiovasculaires et respiratoires; Structure Fédérative de Recherche Santé Lyon Est; BioCampus Montpellier; Développement Embryonnaire, Fertilité et Environnement; Institut de Science des Données de Montpellier; Institut Desbrest d'Epidémiologie et de Santé Publique; Pathogenesis and Control of Chronic and Emerging Infections; Synchrotron Radiation for Biomedicine; Centre d'Investigation Clinique Bichat; CArcinose Péritoine Paris-Technologies; Marqueurs cardiovasculaires en situation de stress; Centre d'Investigation Clinique Hôpital Européen Georges Pompidou; Centre d'Investigation Clinique Biothérapies Necker; Structure fédérative de recherche Necker; Evolution et ingénierie de systèmes dynamiques; Centre d'Investigation Clinique Robert Debré; Ecotaxie, Microenvironnement et développement lymphocytaire; Membrane dynamics in and outside the cell; Centre d'Investigation Clinique Saint-Louis; Physiologie De L'Axe Gonadotrope; Fédération de recherche en imagerie multi-modalité; Biomedtech Facilities; Trajectoires développementales & psychiatrie; Chimie médicinale et recherche translationnelle; Hématopoïèse normale et pathologique : Emergence, environnement et recherche translationnelle; France Cohortes; Structure Fédérative de Recherche Biosciences; Dynamique des Cellules Tumorales; Maladies et hormones du système nerveux; Signalisation, radiobiologie et cancer; Neuro-SU; Laboratoire de Signalisation et Physiopathologie Cardiovasculaire; Centre d'Investigation Clinique - Innovation Technologique de Garches; Immunologie anti-tumorale et immunothérapie des cancers; Analyse moléculaire, modélisation et imagerie de la maladie cancéreuse; Modèles de cellules souches malignes et thérapeutiques; Développement Adaptation et Vieillissement; Cellules souches hématopoïétiques et développement des hémopathies myéloïdes; Institut Biomédical du Val de Bièvre; Ingénierie et Plateformes au Service de l'Innovation Thérapeutique; Centre d'Imagerie Multimodale; Interactions Cellules souches-niches: physiologie, tumeurs et réparation tissulaire; Interactions Hôte-Greffon-Tumeur & Ingénierie Cellulaire et Génique; Membrane Signalling and Inflammation in reperfusion Injuries; Heka : Méthodes basées sur les données et modèles en santé pour l'acquisition de connaissances; Mécanismes en sciences intégratives du vivant; Pathobiologie et thérapie des maladies du foie; Santé Orale; Laboratoire d'Imagerie Biomédicale Multimodale Paris-Saclay; Neurodéveloppement humain et pathologies associées; BoRdeaux Institute of onCology; FC3R - Groupement d’Intérêt Scientifique French Center 3R; Morphogénèse et antigénicité du VIH et des virus des hépatites et émergents; Methods and Applied Research for Trial; Centre de RÉférence, d'Innovation, d'eXpertise et de transfert; Analyse des Systèmes Biologiques; Immunologie des Maladies Virales, Auto-immunes, Hématologiques et Bactériennes; Niche, Nutrition, Cancer et métabolisme oxydatif; Neurinfo; Nanomédecine, Biologie extracellulaire Intégratome et Innovations en santé; Genotoul coordination; Toulouse NeuroImaging Center; Centre d'Epidémiologie et de Recherche en santé des POPulations de Toulouse; Imagerie, Radiothérapie Innovante et médecine des Systèmes; Unité Technologies pour la Santé et le Médicament; Innovation thérapeutique : de la physiopathologie à l'appliqué dans les pathologies neuro-Musculaires, la rePROduction et le déVEloppement",https://openalex.org/I110736937; https://openalex.org/I169173203; https://openalex.org/I4210086115; https://openalex.org/I4210086343; https://openalex.org/I4210086369; https://openalex.org/I4210086516; https://openalex.org/I4210086835; https://openalex.org/I4210086872; https://openalex.org/I4210087620; https://openalex.org/I4210088138; https://openalex.org/I4210090689; https://openalex.org/I4210091942; https://openalex.org/I4210092322; https://openalex.org/I4210092509; https://openalex.org/I4210093160; https://openalex.org/I4210093987; https://openalex.org/I4210094820; https://openalex.org/I4210095118; https://openalex.org/I4210095197; https://openalex.org/I4210095750; https://openalex.org/I4210096450; https://openalex.org/I4210097229; https://openalex.org/I4210098000; https://openalex.org/I4210098026; https://openalex.org/I4210098463; https://openalex.org/I4210099304; https://openalex.org/I4210100279; https://openalex.org/I4210101753; https://openalex.org/I4210102986; https://openalex.org/I4210103698; https://openalex.org/I4210105651; https://openalex.org/I4210105774; https://openalex.org/I4210106115; https://openalex.org/I4210106344; https://openalex.org/I4210106734; https://openalex.org/I4210107326; https://openalex.org/I4210108033; https://openalex.org/I4210108239; https://openalex.org/I4210109573; https://openalex.org/I4210110092; https://openalex.org/I4210110495; https://openalex.org/I4210111578; https://openalex.org/I4210112918; https://openalex.org/I4210113054; https://openalex.org/I4210113621; https://openalex.org/I4210113666; https://openalex.org/I4210113761; https://openalex.org/I4210114484; https://openalex.org/I4210116274; https://openalex.org/I4210117840; https://openalex.org/I4210118047; https://openalex.org/I4210118410; https://openalex.org/I4210118704; https://openalex.org/I4210119200; https://openalex.org/I4210125028; https://openalex.org/I4210125048; https://openalex.org/I4210125684; https://openalex.org/I4210126598; https://openalex.org/I4210126950; https://openalex.org/I4210128217; https://openalex.org/I4210128915; https://openalex.org/I4210129409; https://openalex.org/I4210129617; https://openalex.org/I4210129850; https://openalex.org/I4210129939; https://openalex.org/I4210130096; https://openalex.org/I4210130508; https://openalex.org/I4210131199; https://openalex.org/I4210132422; https://openalex.org/I4210133830; https://openalex.org/I4210133907; https://openalex.org/I4210134185; https://openalex.org/I4210134790; https://openalex.org/I4210137329; https://openalex.org/I4210137432; https://openalex.org/I4210138494; https://openalex.org/I4210138704; https://openalex.org/I4210138893; https://openalex.org/I4210139033; https://openalex.org/I4210139070; https://openalex.org/I4210140335; https://openalex.org/I4210141964; https://openalex.org/I4210141980; https://openalex.org/I4210143253; https://openalex.org/I4210144005; https://openalex.org/I4210144168; https://openalex.org/I4210144311; https://openalex.org/I4210144489; https://openalex.org/I4210144608; https://openalex.org/I4210145195; https://openalex.org/I4210145734; https://openalex.org/I4210147393; https://openalex.org/I4210147641; https://openalex.org/I4210148039; https://openalex.org/I4210149963; https://openalex.org/I4210150358; https://openalex.org/I4210151160; https://openalex.org/I4210152724; https://openalex.org/I4210153434; https://openalex.org/I4210154657; https://openalex.org/I4210154739; https://openalex.org/I4210155509; https://openalex.org/I4210156758; https://openalex.org/I4210157332; https://openalex.org/I4210157735; https://openalex.org/I4210159433; https://openalex.org/I4210159878; https://openalex.org/I4210160510; https://openalex.org/I4210160774; https://openalex.org/I4210161906; https://openalex.org/I4210162761; https://openalex.org/I4210162817; https://openalex.org/I4210163188; https://openalex.org/I4210163442; https://openalex.org/I4210163910; https://openalex.org/I4210164276; https://openalex.org/I4210165077; https://openalex.org/I4210166412; https://openalex.org/I4210166728; https://openalex.org/I4387152196; https://openalex.org/I4387152267; https://openalex.org/I4387152273; https://openalex.org/I4387152275; https://openalex.org/I4387152379; https://openalex.org/I4387152452; https://openalex.org/I4387152481; https://openalex.org/I4387152496; https://openalex.org/I4387152514; https://openalex.org/I4387152534; https://openalex.org/I4387152542; https://openalex.org/I4387152586; https://openalex.org/I4387152649; https://openalex.org/I4387152685; https://openalex.org/I4387152741; https://openalex.org/I4387152810; https://openalex.org/I4387152811; https://openalex.org/I4387152861; https://openalex.org/I4387152865; https://openalex.org/I4387152901; https://openalex.org/I4387152908; https://openalex.org/I4387152941; https://openalex.org/I4387152995; https://openalex.org/I4387153037; https://openalex.org/I4387153074; https://openalex.org/I4387153192; https://openalex.org/I4387153258; https://openalex.org/I4387153260; https://openalex.org/I4387153261; https://openalex.org/I4387153263; https://openalex.org/I4387153276; https://openalex.org/I4387153412; https://openalex.org/I4387153500; https://openalex.org/I4387153514; https://openalex.org/I4387153581; https://openalex.org/I4387153587; https://openalex.org/I4387153745; https://openalex.org/I4387153827; https://openalex.org/I4387153840; https://openalex.org/I4387153899; https://openalex.org/I4387153918; https://openalex.org/I4387153933; https://openalex.org/I4387153944; https://openalex.org/I4387153971; https://openalex.org/I4387154053; https://openalex.org/I4387154066; https://openalex.org/I4387154117; https://openalex.org/I4387154141; https://openalex.org/I4387154171; https://openalex.org/I4387154178; https://openalex.org/I4387154225; https://openalex.org/I4387154228; https://openalex.org/I4387154241; https://openalex.org/I4387154308; https://openalex.org/I4387154398; https://openalex.org/I4387154437; https://openalex.org/I4387154458; https://openalex.org/I4387154479; https://openalex.org/I4387154483; https://openalex.org/I4387154534; https://openalex.org/I4387154649; https://openalex.org/I4387154652; https://openalex.org/I4387154702; https://openalex.org/I4387154723; https://openalex.org/I4387154898; https://openalex.org/I4387154899; https://openalex.org/I4387154922; https://openalex.org/I4387154930; https://openalex.org/I4387154933; https://openalex.org/I4387155073; https://openalex.org/I4387155075; https://openalex.org/I4387155156; https://openalex.org/I4387155295; https://openalex.org/I4387155354; https://openalex.org/I4387155412; https://openalex.org/I4387155446; https://openalex.org/I4387155456; https://openalex.org/I4387155458; https://openalex.org/I4387155524; https://openalex.org/I4387155530; https://openalex.org/I4387155602; https://openalex.org/I4387155603; https://openalex.org/I4387155654; https://openalex.org/I4387155787; https://openalex.org/I4387155818; https://openalex.org/I4387155877; https://openalex.org/I4387156011; https://openalex.org/I4387156042; https://openalex.org/I4387156044; https://openalex.org/I4387156050; https://openalex.org/I4387156116; https://openalex.org/I4387156186; https://openalex.org/I4387156255; https://openalex.org/I4387156304; https://openalex.org/I4387156355; https://openalex.org/I4387156389; https://openalex.org/I4387156401; https://openalex.org/I4387156410; https://openalex.org/I4387156468; https://openalex.org/I4389425247; https://openalex.org/I4389425249; https://openalex.org/I4389425324; https://openalex.org/I4389425357; https://openalex.org/I4389425361; https://openalex.org/I4389425373; https://openalex.org/I4389425387; https://openalex.org/I4389425412; https://openalex.org/I4389425460; https://openalex.org/I4390039341; https://openalex.org/I4390039343; https://openalex.org/I4390039363; https://openalex.org/I4390039364; https://openalex.org/I4391768231; https://openalex.org/I4392021138; https://openalex.org/I4392021141; https://openalex.org/I4392021159; https://openalex.org/I4392021173; https://openalex.org/I4392021178; https://openalex.org/I4392021193; https://openalex.org/I4392021198; https://openalex.org/I4392021239; https://openalex.org/I4394709158; https://openalex.org/I4394709185; https://openalex.org/I4394709198; https://openalex.org/I4400008889; https://openalex.org/I4400008982; https://openalex.org/I4400009043; https://openalex.org/I4400009065; https://openalex.org/I4400573281; https://openalex.org/I4400600947; https://openalex.org/I4401200263; https://openalex.org/I4402554039; https://openalex.org/I4402554101; https://openalex.org/I4402554122; https://openalex.org/I4402554172; https://openalex.org/I4402554173; https://openalex.org/I4402554203; https://openalex.org/I4403386480; https://openalex.org/I4403386506; https://openalex.org/I4403386518; https://openalex.org/I4403386531; https://openalex.org/I4403386578; https://openalex.org/I4403386587; https://openalex.org/I4403386609; https://openalex.org/I4403386629; https://openalex.org/I4403386632; https://openalex.org/I4403386642; https://openalex.org/I4403386661; https://openalex.org/I4403386693; https://openalex.org/I4403386707; https://openalex.org/I4403386744; https://openalex.org/I4403386761; https://openalex.org/I4403386800; https://openalex.org/I4403928344; https://openalex.org/I4403928347; https://openalex.org/I4405253049; https://openalex.org/I4405253846; https://openalex.org/I4405254696; https://openalex.org/I4405254847; https://openalex.org/I4405255169; https://openalex.org/I4405255443; https://openalex.org/I4405255629; https://openalex.org/I4405255793; https://openalex.org/I4405255799; https://openalex.org/I4405255986; https://openalex.org/I4405256027; https://openalex.org/I4405257098; https://openalex.org/I4405257261; https://openalex.org/I4405257443; https://openalex.org/I4405257681; https://openalex.org/I4405257812; https://openalex.org/I4405257954; https://openalex.org/I4405258175; https://openalex.org/I4405258428; https://openalex.org/I4405258652; https://openalex.org/I4405258877; https://openalex.org/I4405258897; https://openalex.org/I4405259047; https://openalex.org/I4405259162; https://openalex.org/I4405259646; https://openalex.org/I4405259658; https://openalex.org/I4405259912; https://openalex.org/I4405259992; https://openalex.org/I4405260353; https://openalex.org/I4405260800; https://openalex.org/I4405260931; https://openalex.org/I4405261664; https://openalex.org/I4405261777; https://openalex.org/I4405261788; https://openalex.org/I4405263539; https://openalex.org/I4405264399; https://openalex.org/I4405265615; https://openalex.org/I4405266781; https://openalex.org/I4405267208; https://openalex.org/I4405267883,,
https://openalex.org/I251738,1,Edinburgh Napier University,education,United Kingdom,Edinburgh,,Edinburgh Napier University,18048,588703,2.8683385579937304,248,9572,http://en.wikipedia.org/wiki/Edinburgh_Napier_University,,,,
https://openalex.org/I2801228662,1,Peking Union Medical College Hospital,healthcare,China,Beijing,PUMCH,Beijing Xiehe Hospital; Peking Union Medical College Hospital; 北京协和医院,81965,3661970,2.2129705993803355,430,75328,https://en.wikipedia.org/wiki/Peking_Union_Medical_College_Hospital,,,,
https://openalex.org/I5023651,1,McGill University,education,Canada,Montreal,,McGill University; Université McGill,296988,27393927,3.9394032170697817,1225,331487,http://en.wikipedia.org/wiki/McGill_University,"Canadian Institute for International Peace and Security; Group for Research in Decision Analysis; International Laboratory for Brain, Music and Sound Research; International Laboratory on Learning Systems; Institut du cancer Rosalind & Morris Goodman; Collège MacDonald",https://openalex.org/I4210088084; https://openalex.org/I4210133247; https://openalex.org/I4210166983; https://openalex.org/I4403928267; https://openalex.org/I4405260784; https://openalex.org/I4405261831,,
https://openalex.org/I4210120592,1,Sentient Science (United States),company,United States,Buffalo,,Sentient Science (United States),873,27935,1.9766536964980546,70,363,,,,,
https://openalex.org/I125687163,1,City College of New York,education,United States,New York,CCNY,City College; City College of New York; City College of the City University of New York,32845,1917028,3.4597428288822947,432,25181,https://en.wikipedia.org/wiki/City_College_of_New_York,,,City University of New York,https://openalex.org/I174216632
https://openalex.org/I130541836,1,Beijing Institute of Petrochemical Technology,education,China,Beijing,BIPT,Beijing Institute of Petrochemical Technology; 北京石油化工学院,11064,376613,4.315403142562221,166,9824,https://en.wikipedia.org/wiki/Beijing_Institute_of_Petrochemical_Technology,,,,
https://openalex.org/I2799736854,1,Nanjing Institute of Technology,education,China,Nanjing,NJIT,Nanjing Institute of Technology,13435,233806,3.1924019607843137,124,6110,https://en.wikipedia.org/wiki/Nanjing_Institute_of_Technology,,,,
https://openalex.org/I219193219,1,Purdue University West Lafayette,education,United States,West Lafayette,,Purdue University West Lafayette; Université de Purdue,286313,20486593,3.0028296888546384,945,287719,http://en.wikipedia.org/wiki/Purdue_University,Indiana Space Grant Consortium; Illinois Indiana Sea Grant; Purdue University in Indianapolis,https://openalex.org/I2800392643; https://openalex.org/I2800461586; https://openalex.org/I4388446363,Purdue University System,https://openalex.org/I2801333002
https://openalex.org/I139894009,1,University of Bradford,education,United Kingdom,Bradford,,University of Bradford,35114,1434316,3.383437131795994,334,24897,http://en.wikipedia.org/wiki/University_of_Bradford,,,,
https://openalex.org/I130769515,1,Pennsylvania State University,education,United States,State College,PSU,Penn State; Pennsylvania State University; Universidad Estatal de Pensilvania; Université d'État de Pennsylvanie,335150,27589022,4.08519359584101,1262,327285,http://en.wikipedia.org/wiki/Pennsylvania_State_University,Pennsylvania Space Grant Consortium; Pennsylvania Sea Grant; Center for Dielectrics & Piezoelectrics; Applied Research Laboratory at Penn State,https://openalex.org/I4210109596; https://openalex.org/I4210128234; https://openalex.org/I4210150080; https://openalex.org/I4388482640,,
https://openalex.org/I923382979,1,ExxonMobil (United States),company,United States,Irving,,ExxonMobil (United States),19822,1609188,4.9069045771916215,414,19613,https://en.wikipedia.org/wiki/ExxonMobil,ExxonMobil (Qatar); ExxonMobil (Germany); ExxonMobil (Norway); ExxonMobil (Canada); ExxonMobil (United Kingdom); ExxonMobil (France),https://openalex.org/I4210095331; https://openalex.org/I4210101890; https://openalex.org/I4210104286; https://openalex.org/I4210107022; https://openalex.org/I4210115133; https://openalex.org/I4210139131,,
https://openalex.org/I58610484,1,Seattle University,education,United States,Seattle,SU,Seattle U; Seattle University; Universidad de Seattle; Université de seattle,57158,8264391,3.383202663516271,1005,49743,http://en.wikipedia.org/wiki/Seattle_University,,,,
https://openalex.org/I4210113914,1,Beijing Institute of Neurosurgery,facility,China,Beijing,,Beijing Institute of Neurosurgery,5644,531623,4.490267639902676,241,8977,,,,,
https://openalex.org/I183519381,1,Capital Medical University,education,China,Beijing,CCMU; CMU; CUMS,Capital Medical University; 首都医科大学,133786,8228744,3.3869008388256443,627,172864,https://en.wikipedia.org/wiki/Capital_University_of_Medical_Sciences,,,,
https://openalex.org/I198357462,1,Changsha University,education,China,Changsha,CCSU,Changsha University; 长沙学院,12097,711508,3.498147167813658,272,12324,https://en.wikipedia.org/wiki/Changsha_University,,,,
https://openalex.org/I4210098777,1,Fujian Research Institute of Light Industry,facility,China,Cangshan,,Fujian Research Institute of Light Industry; 福建省轻工业研究所,2261,41333,3.339622641509434,82,976,,,,,
https://openalex.org/I11701301,1,Griffith University,education,Australia,Brisbane,,Griffith University,98121,5470244,4.29080274701804,543,84712,http://en.wikipedia.org/wiki/Griffith_University,,,,
https://openalex.org/I143593769,1,East China University of Science and Technology,education,China,Shanghai,ECUST,East China University of Science and Technology; Huádōng Lǐgōng Dàxué; 华东理工大学; 華東理工大學,71227,6335146,6.257997181138606,503,123038,http://en.wikipedia.org/wiki/East_China_University_of_Science_and_Technology,State Key Laboratory of Bioreactor Engineering,https://openalex.org/I4391768089,,
https://openalex.org/I4210119107,1,Institute of Human Genetics,facility,Poland,Poznań,,Institute of Human Genetics; Instytutu Genetyki Człowieka PAN,7239,1081472,3.008159102498725,380,9655,,,,Polish Academy of Sciences,https://openalex.org/I99542240
https://openalex.org/I2801240477,1,Military Hospital,healthcare,Pakistan,Rawalpindi,MH,Indian Military Hospital Rawalpindi; Military Hospital,9499,128026,0.4704086084048277,134,2411,https://en.wikipedia.org/wiki/Military_Hospital_Rawalpindi,,,,
https://openalex.org/I96679780,1,Chuo University,education,Japan,Hachiōji,,Chuo Daigaku; Chuo University; Chūō Daigaku; ちゅうおうだいがく; チュウオウダイガク; 中央大学,16182,399510,3.5843974924541446,187,8957,http://en.wikipedia.org/wiki/Chuo_University,,,,
https://openalex.org/I193531525,1,George Washington University,education,United States,Washington,GW; GWU,George Washington University; Universidad George Washington,117873,6441594,2.8457749947231408,751,84949,http://en.wikipedia.org/wiki/George_Washington_University,"Corcoran College of Art and Design; Epigenetics, Data, Politics",https://openalex.org/I2800969880; https://openalex.org/I4387154817,,
https://openalex.org/I1850255,1,University of Basel,education,Switzerland,Basel,,University of Basel; Università di Basilea; Universität Basel; Université de Bâle,109877,10601387,4.062122910356998,869,130910,http://en.wikipedia.org/wiki/University_of_Basel,Swiss Nanoscience Institute; Institut für Rechtsmedizin der Universität Basel,https://openalex.org/I4387154311; https://openalex.org/I4405267636,,
https://openalex.org/I4210130600,1,Children's Hospital of Pittsburgh,healthcare,United States,Pittsburgh,,Children's Hospital of Pittsburgh; Children’s Hospital of Pittsburgh of UPMC,19983,1941702,3.3458276797829036,402,26091,https://en.wikipedia.org/wiki/Children%27s_Hospital_of_Pittsburgh_of_UPMC,,,University of Pittsburgh Medical Center,https://openalex.org/I4210134769
https://openalex.org/I887064364,1,University of Amsterdam,education,The Netherlands,Amsterdam,UvA,Universiteit van Amsterdam; University of Amsterdam,237410,25422586,3.80215354770587,1154,313080,http://en.wikipedia.org/wiki/University_of_Amsterdam,Amsterdam Institute for Addiction Research; Delta Institute for Theoretical Physics; Advanced Research Center for Nanolithography (Netherlands); Van Leeuwenhoek Centre for Advanced Microscopy; Institute of Physics; Digital Communication Methods Lab,https://openalex.org/I4210109446; https://openalex.org/I4210114434; https://openalex.org/I4210145651; https://openalex.org/I4387156196; https://openalex.org/I4405255903; https://openalex.org/I4405261174,,
https://openalex.org/I139322472,1,Universiti Sains Malaysia,education,Malaysia,George Town,USM,Universiti Sains Malaysia; University of Science Malaysia; மலேசிய அறிவியல் பல்கலைக்கழகம்; 马来西亚理科大学,79551,3743923,3.278161486597599,454,69643,http://en.wikipedia.org/wiki/Universiti_Sains_Malaysia,,,,
https://openalex.org/I4210152758,1,Institute of Atmospheric Physics,facility,China,Beijing,IAP,Institute of Atmospheric Physics; Institute of Meteorology of Academia Sinica; 中国科学院大气物理研究所,25025,1630994,2.569408820769471,364,25745,,State Key Laboratory of Atmospheric Boundary Layer Physics and Atmospheric Chemistry; State Key Laboratory of Numerical Modeling for Atmospheric Sciences and Geophysical Fluid Dynamics,https://openalex.org/I4391767706; https://openalex.org/I4391768180,Chinese Academy of Sciences,https://openalex.org/I19820366
https://openalex.org/I2800966917,1,Bangur Institute of Neurosciences,healthcare,India,Kolkata,BIN,Bangur Institute of Neurology; Bangur Institute of Neurosciences,3125,30847,0.990990990990991,69,658,https://en.wikipedia.org/wiki/Bangur_Institute_of_Neurosciences,,,,
https://openalex.org/I170201317,1,University of Pittsburgh,education,United States,Pittsburgh,,Universidad de Pittsburgh; University of Pittsburgh; Université de Pittsburgh,296679,33964129,3.7491447525761403,1331,386498,http://en.wikipedia.org/wiki/University_of_Pittsburgh,Center for the Neural Basis of Cognition; University of Pittsburgh at Bradford; University of Pittsburgh at Titusville; University of Pittsburgh at Greensburg; UPMC Hillman Cancer Center; University of Pittsburgh at Johnstown; McGowan Institute for Regenerative Medicine,https://openalex.org/I4210086114; https://openalex.org/I4210086901; https://openalex.org/I4210116096; https://openalex.org/I4210117416; https://openalex.org/I4210128526; https://openalex.org/I4210134124; https://openalex.org/I4210155891,,
https://openalex.org/I1298353152,1,SRI International,nonprofit,United States,Menlo Park,SRI,SRI International; Stanford Research Institute,20416,1917515,3.6339622641509433,499,22035,https://en.wikipedia.org/wiki/SRI_International,,,,
https://openalex.org/I111088046,1,Boston University,education,United States,Boston,BU,Boston U; Boston University; Universidad de Boston; Université de Boston,199154,24716975,4.149923363672489,1357,250100,http://en.wikipedia.org/wiki/Boston_University,Framingham Heart Study; Clinical and Translational Science Institute,https://openalex.org/I4210123017; https://openalex.org/I4405260963,,
https://openalex.org/I33374188,1,Kao Yuan University,education,Taiwan,Kaohsiung City,KYU,Kao Yuan University; Kao Yuan University of Science and Technology; Private Kao Yuan Industrial College; 高苑科技大學,4153,56605,1.7904761904761906,89,1066,https://en.wikipedia.org/wiki/Kao_Yuan_University,,,,
https://openalex.org/I4210105374,1,Beibu Gulf University,education,China,Qinzhou,,Beibu Gulf University; Qinzhou College; Qinzhou University; 北部湾大学; 钦州学院,4574,30898,2.240518962075848,71,729,,,,,
https://openalex.org/I29801172,1,Thomas Jefferson National Accelerator Facility,facility,United States,Newport News,TJNAF,JLab; Jefferson Lab; Office of Science Thomas Jefferson National Accelerator Facility; Thomas Jefferson National Accelerator Facility; U.S. Department of Energy Office of Science Thomas Jefferson National Accelerator Facility; United States Department of Energy Office of Science Thomas Jefferson National Accelerator Facility,11726,1315694,4.53320631464344,378,16252,https://en.wikipedia.org/wiki/Thomas_Jefferson_National_Accelerator_Facility,Continuous Electron Beam Accelerator Facility,https://openalex.org/I4390039233,Office of Science,https://openalex.org/I39565521
https://openalex.org/I162714631,1,George Mason University,education,United States,Fairfax,,George Mason University; Universidad George Mason,84439,3344150,1.9943224088648734,553,46525,http://en.wikipedia.org/wiki/George_Mason_University,Virginia Serious Game Institute; Roy Rosenzweig Center for History and New Media,https://openalex.org/I4401041601; https://openalex.org/I4401200287,,
https://openalex.org/I46247651,1,University of Manitoba,education,Canada,Winnipeg,,University of Manitoba; Université du manitoba,116976,7573606,2.885755141779238,639,120130,http://en.wikipedia.org/wiki/University_of_Manitoba,George & Fay Yee Centre for Healthcare Innovation; Winnipeg Institute for Theoretical Physics; Research Institute in Oncology and Hematology; Centre for Earth Observation Science,https://openalex.org/I4210098764; https://openalex.org/I4210100849; https://openalex.org/I4210166742; https://openalex.org/I4405261682,,
https://openalex.org/I4210165985,1,Harbor–UCLA Medical Center,healthcare,United States,Torrance,,Harbor–UCLA Medical Center,17598,1724733,5.170440408061707,431,22481,https://en.wikipedia.org/wiki/Harbor%E2%80%93UCLA_Medical_Center,,,Los Angeles County Department of Health Services,https://openalex.org/I1328359107
https://openalex.org/I4210141930,1,Unité de catalyse et de chimie du solide de Lille,facility,France,Lille,UCCS,Laboratory of Catalysis and Solid State Chemistry; UMR 8181; UMR8181; Unité de catalyse et de chimie du solide de Lille,5988,303574,4.806006006006006,167,6641,https://en.wikipedia.org/wiki/Unit%C3%A9_de_catalyse_et_de_chimie_du_solide_de_Lille,,,Centre National de la Recherche Scientifique; École Nationale Supérieure de Chimie de Lille; Université de Lille; Institut de Chimie; Université d'Artois; École Centrale de Lille,https://openalex.org/I1294671590; https://openalex.org/I137614889; https://openalex.org/I2279609970; https://openalex.org/I4210128300; https://openalex.org/I44563897; https://openalex.org/I7454413
https://openalex.org/I4210120442,1,AVIC Optronics (China),company,China,Luoyang,,AVIC Optronics (China); 航空工业光电所,1429,10575,2.2432432432432434,41,286,,,,,
https://openalex.org/I3125743391,1,China University of Geosciences (Beijing),education,China,Beijing,CUGB,China University of Geosciences (Beijing); Zhōngguó Dìzhì Dàxué; 中国地质大学 (北京),48301,2603743,4.531167128966379,372,51543,https://en.wikipedia.org/wiki/China_University_of_Geosciences_(Beijing),,,,
https://openalex.org/I4210139215,1,People's Government of Shaanxi Province,government,China,Xi'an,,People's Government of Shaanxi Province; 陕西省人民政府,1593,9677,2.0403225806451615,43,252,,Education Department of Shaanxi Province; Health Commission of Shaanxi Province; Department of Human Resources and Social Security Of Shaanxi Province,https://openalex.org/I4210094254; https://openalex.org/I4387155262; https://openalex.org/I4405258484,,
https://openalex.org/I173093425,1,Chang Gung University,education,Taiwan,Taoyuan City,CGU,Chang Gung University,56075,4447060,3.0509952843967785,401,97151,http://en.wikipedia.org/wiki/Chang_Gung_University,,,,
https://openalex.org/I14894300,1,Foshan University,education,China,Foshan,FOSU,Foshan University; 佛山科学技术学院,18458,567282,4.31774510938766,207,12907,https://en.wikipedia.org/wiki/Foshan_University,,,,
https://openalex.org/I4391767886,1,State Key Laboratory of Microbial Technology,facility,China,Jinan,,State Key Lab of Microbial Technology; State Key Laboratory of Microbial Technology; 微生物技术国家重点实验室,3540,378490,6.236077057793345,171,8240,,,,Shandong University,https://openalex.org/I154099455
https://openalex.org/I91136226,1,University of Sheffield,education,United Kingdom,Sheffield,,Prifysgol Sheffield; Sheffield University; University of Sheffield,191038,15838865,3.728831159023543,983,199994,http://en.wikipedia.org/wiki/University_of_Sheffield,Leverhulme Centre for Climate Change Mitigation; Grantham Centre for Sustainable Futures; NERC Environmental Omics Facility,https://openalex.org/I4210147853; https://openalex.org/I4387152826; https://openalex.org/I4388482733,,
https://openalex.org/I75027704,1,University of Tennessee at Knoxville,education,United States,Knoxville,UT; UTK,University of Tennessee; University of Tennessee at Knoxville,147898,10562842,3.164842604084396,764,147697,http://en.wikipedia.org/wiki/University_of_Tennessee,Joint Institute for Computational Sciences,https://openalex.org/I4210159558,University of Tennessee System,https://openalex.org/I2799495847
https://openalex.org/I4210118050,1,Taishan University,education,China,Tai’an,TSU,Taishan University; 泰山学院,5809,73413,3.2552653748946927,93,1789,,,,,
https://openalex.org/I4210114698,1,Institute of Plasma Physics,facility,China,Hefei,ASIPP,Institute of Plasma Physics; 中国科学院等离子体物理研究所,10344,845533,2.8160676532769555,284,18003,,,,Hefei Institutes of Physical Science,https://openalex.org/I2802624667
https://openalex.org/I918919364,1,Switch,nonprofit,Switzerland,Zurich,,Switch,2923,89397,1.4528301886792452,128,1196,,,,,
https://openalex.org/I4210161779,1,Campbell Collaboration,nonprofit,Norway,Oslo,,Campbell Collaboration,7211,790753,0.34927431463048436,373,9779,https://en.wikipedia.org/wiki/Campbell_Collaboration,,,,
https://openalex.org/I8692664,1,University of Oklahoma,education,United States,Norman,UO,Universidad de Oklahoma; University of Oklahoma,90087,6535757,3.641378724127672,671,87415,http://en.wikipedia.org/wiki/University_of_Oklahoma,Oklahoma Space Grant Consortium; South Central Climate Adaptation Science Center; University of Oklahoma - Tulsa; Oklahoma Geological Survey,https://openalex.org/I4210112443; https://openalex.org/I4387156350; https://openalex.org/I4392738079; https://openalex.org/I4405262545,,
https://openalex.org/I4210127460,1,Ningxia Medical University,education,China,Yinchuan,NXMU,Ningxia Medical College; Ningxia Medical University; 宁夏医科大学,16595,640399,2.8649653540645597,202,15486,https://en.wikipedia.org/wiki/Ningxia_Medical_University,,,,
https://openalex.org/I4210159778,1,National Research Council Canada,government,Canada,Ottawa,CNRC; NRC,Conseil National de Recherches Canada; Conseil de recherches du Canada; Conseil national de recherches du Canada; Honorary Advisory Council for Scientific and Industrial Research; National Research Council Canada; National Research Council of Canada; Research Council of Canada,48320,3320671,2.8622438418546885,496,48866,http://en.wikipedia.org/wiki/National_Research_Council_(Canada),Herzberg Institute of Astrophysics; Dominion Astrophysical Observatory; National Institute for Nanotechnology; Institute for Biological Sciences; Plant Biotechnology Institute; Institute for Marine Biosciences; Institute for Microstructural Sciences; Steacie Institute for Molecular Sciences; Biotechnology Research Institute; National Research Council Institute for Biodiagnostics; Joint Attosecond Science Laboratory,https://openalex.org/I123576224; https://openalex.org/I2799294000; https://openalex.org/I40752897; https://openalex.org/I4210096059; https://openalex.org/I4210097499; https://openalex.org/I4210110230; https://openalex.org/I4210130650; https://openalex.org/I4210135718; https://openalex.org/I4210144193; https://openalex.org/I4210145699; https://openalex.org/I4210166131,,
https://openalex.org/I4391768123,1,State Key Laboratory of Supramolecular Structure and Materials,facility,China,Changchun,,State Key Lab of Supramolecular Structure and Materials; State Key Laboratory of Supramolecular Structure and Materials; 超分子结构与材料国家重点实验室,6587,1259554,9.646567164179105,370,18531,,,,Jilin University,https://openalex.org/I194450716
https://openalex.org/I4210144289,1,Research Center for Eco-Environmental Sciences,facility,China,Beijing,RCEES,Institute of Environmental Chemistry; Research Center for Eco-Environmental Sciences; 中国科学院生态环境研究中心,25988,3460564,7.563286753666705,479,52950,,State Key Laboratory of Urban and Regional Ecology; State Key Laboratory of Environmental Chemistry and Ecotoxicology,https://openalex.org/I4387153223; https://openalex.org/I4391767931,Chinese Academy of Sciences,https://openalex.org/I19820366
https://openalex.org/I108160477,1,Hebei Agricultural University,education,China,Baoding,,Agricultural University of Hebei; Hebei Agricultural University; 河北农业大学,20805,794183,3.759912386571901,210,19166,https://en.wikipedia.org/wiki/Agricultural_University_of_Hebei,,,,
https://openalex.org/I60158472,1,Concordia University,education,Canada,Montreal,,Concordia; Concordia University; Université Concordia,66718,3248873,3.463937387116195,485,48311,http://en.wikipedia.org/wiki/Concordia_University,Concordia University Press,https://openalex.org/I4403928315,,
https://openalex.org/I4210149496,1,Zhengzhou People's Hospital,healthcare,China,Zhengzhou,,Church Catholic hospital; Zhengzhou People's Hospital; 郑州人民医院网站,6237,114912,2.328898582333697,104,2941,,,,,
https://openalex.org/I183935753,1,King's College London,education,United Kingdom,London,KCL,"Coleg y Brenin, Llundain; King's College London",260557,22821626,3.802544606212468,1243,245552,http://en.wikipedia.org/wiki/King's_College_London,Wellcome EPSRC Centre for Medical Engineering; Centre for Ultrastructural Imaging; MRC Centre for Neurodevelopmental Disorders,https://openalex.org/I4210157044; https://openalex.org/I4405263116; https://openalex.org/I4405264337,University of London,https://openalex.org/I124357947
https://openalex.org/I182707071,1,Ludong University,education,China,Yantai,,Ludong University; Yantai Teachers College; 鲁东大学,13531,515784,4.008875083203905,175,13117,https://en.wikipedia.org/wiki/Ludong_University,,,,
https://openalex.org/I4210145263,1,Changzhou City Planning and Design Institute,facility,China,Changzhou,,Changzhou City Planning and Design Institute; 常州市规划设计院,808,7746,3.142857142857143,38,171,,,,,
https://openalex.org/I4210160857,1,Institute of Neurobiology,facility,Bulgaria,Sofia,INB,Institute of Neurobiology; Институт по невробиология,5640,717112,2.1616438356164385,330,7139,,,,Bulgarian Academy of Sciences,https://openalex.org/I24768866
https://openalex.org/I4210162687,1,Second Hospital of Liaohe Oilfield,healthcare,China,Panjing,,Second Hospital of Liaohe Oilfield,2469,14300,1.8583078491335372,48,382,,,,,
https://openalex.org/I28407311,1,University of Manchester,education,United Kingdom,Manchester,,Manchester University; Prifysgol Manceinion; University of Manchester; University of Manchester Institute of Science and Technology; Victoria University of Manchester,314437,28931478,3.81034257124737,1237,354169,http://en.wikipedia.org/wiki/University_of_Manchester,Wellcome Centre for Cell-Matrix Research; Manchester School of Architecture; Centre for Epidemiology Versus Arthritis; Cancer Imaging Centre; Cancer Research UK Manchester Centre,https://openalex.org/I2800776015; https://openalex.org/I3132256593; https://openalex.org/I4389425494; https://openalex.org/I4392738266; https://openalex.org/I4392738304,,
https://openalex.org/I4210114130,1,People's Hospital of Cangzhou,healthcare,China,Cangzhou,,People's Hospital of Cangzhou; 沧州人民医院,2281,30712,1.7266666666666666,63,840,,,,,
https://openalex.org/I27837315,1,University of Michigan,education,United States,Ann Arbor,UM,UMich; University of Michigan; University of Michigan–Ann Arbor; Université du Michigan,982352,66409610,3.6334950756111493,2081,678806,http://en.wikipedia.org/wiki/University_of_Michigan,Michigan Sea Grant; Michigan Space Grant Consortium; Inter-university Consortium for Political and Social Research; University of Michigan Press; University of Michigan Biological Station; Cooperative Institute for Great Lakes Research; Center for Complex Particle Systems; Zettawatt-Equivalent Ultrashort pulse laser System; Institute for Social Research,https://openalex.org/I4210104572; https://openalex.org/I4210163254; https://openalex.org/I4387153780; https://openalex.org/I4387153798; https://openalex.org/I4387930282; https://openalex.org/I4402554065; https://openalex.org/I4404532909; https://openalex.org/I4405258370; https://openalex.org/I4405258921,,
https://openalex.org/I205401836,1,National Institute for Materials Science,facility,Japan,Tsukuba,NIMS,Busshitsu-Zairyō Kenkyū Kikō; National Institute for Materials Science; 国立研究開発法人物質・材料研究機構,72936,5179277,4.378318035226991,613,73018,https://en.wikipedia.org/wiki/National_Institute_for_Materials_Science,Japan Link Center; LINK - Laboratory for Innovative Key Materials and Structures,https://openalex.org/I4210153674; https://openalex.org/I4387153008,,
https://openalex.org/I4210148697,1,Institute of Bioinformatics,nonprofit,India,Bengaluru,,Institute of Bioinformatics,4459,614548,2.4381868131868134,291,4484,,,,,
https://openalex.org/I4210130885,1,Police General Hospital,healthcare,Thailand,Bangkok,PGH,Police General Hospital; โรงพยาบาลตำรวจ,1389,22873,0.7609427609427609,72,399,,,,,
https://openalex.org/I136765683,1,Tianjin University of Technology,education,China,Tianjin,,Tianjin University of Technology; 天津理工大学,31185,1458252,4.532604412923562,332,29537,https://en.wikipedia.org/wiki/Tianjin_University_of_Technology,,,,
https://openalex.org/I141962983,1,Shanghai University of Engineering Science,education,China,Shanghai,SUES,Shanghai University of Engineering Science; Shànghǎi Gōngchéngjìshù Dàxué; 上海工程技术大学; 上海工程技術大學,27172,871425,4.777189020152884,204,21164,http://en.wikipedia.org/wiki/Shanghai_University_of_Engineering_Sciences,,,,
https://openalex.org/I4210099373,1,Second Hospital of Hebei Medical University,healthcare,China,Shijiazhuang,,Dwarkanath India Friendship Hospital; Second Hospital of Hebei Medical University,11238,425488,2.369888312373582,157,10621,,,,,
https://openalex.org/I50519452,1,Lunghwa University of Science and Technology,education,Taiwan,Taoyuan City,LHU,Lunghwa University of Science and Technology; 龍華科技大學,3030,69189,1.6215538847117794,98,1474,https://en.wikipedia.org/wiki/Lunghwa_University_of_Science_and_Technology,,,,
https://openalex.org/I90183372,1,Université de Lorraine,education,France,Nancy,UL,University of Lorraine; Université de Lorraine,163082,4272331,2.5895373759981792,477,78692,http://en.wikipedia.org/wiki/University_of_Lorraine,"Institut Élie Cartan de Lorraine; Laboratoire Réactions et Génie des Procédés; Georgia Tech-CNRS Laboratory; Recherches Avancées sur la Biologie de l'Arbre et les Ecosystèmes Forestiers; Maison des Sciences sociales et des Humanités Lorraine; Laboratoire de Cristallographie, Résonance Magnétique et Modélisations; Centre de Recherches Pétrographiques et Géochimiques; Dynamique des Génomes et Adaptation Microbienne; Silva; Laboratoire Sols et Environnement; Zone Atelier Moselle; Laboratoire de Conception Fabrication Commande; Centre de Recherche en Automatique de Nancy; Laboratoire Énergies et Mécanique Théorique et Appliquée; Laboratoire d'Étude des Microstructures et de Mécanique des Matériaux; Groupe de Recherche en Énergie Électrique de Nancy; Imagerie Adaptative Diagnostique et Interventionnelle; Archives Henri-Poincaré - Philosophie et Recherches sur les Sciences et les Technologies; Laboratoire Lorrain de Recherche en Informatique et ses Applications; Analyse et Traitement Informatique de la Langue Française; Laboratoire Animal et Agroécosystèmes; Interactions Arbres-Microorganismes; Laboratoire de Chimie Physique et Microbiologie pour l'Environnement; Laboratoire Interdisciplinaire des Environnements Continentaux; Centre d'Investigation Clinique Pierre Drouin; Institut Jean Lamour; Laboratoire Matériaux Optiques, Photonique et Systèmes; École Nationale d'Ingénieurs de Metz; Ingénierie Moléculaire et Physiopathologie Articulaire; Bureau d'Economie Théorique et Appliquée; Nutrition-Génétique et Exposition aux Risques Environnementaux; Laboratoire de Conception, Optimisation et Modélisation des Systèmes; Développement, Adaptation et Handicap; Centre de Recherche sur les Médiations; Laboratoire de Chimie et Physique - Approche Multi-échelle des Milieux Complexes; Institut de recherches sur l'évolution de la nation et de l'État; Centre lorrain de recherches interdisciplinaires dans les domaines des littératures, des cultures et de la théologie; Centre de Recherche sur les Cultures et les Littératures Européennes; Centre de Recherche en Géographie; Interdisciplinarité dans les Etudes Anglophones; Laboratoire Lorrain de Chimie Moléculaire; Sciences de l'Antiquité et du Moyen-Age; Laboratoire Agronomie et Environnement; Laboratoire Interuniversitaire des Sciences de l'Education et de la Communication; Littératures, Imaginaire, Sociétés; Stress, immunité, pathogènes; Psychologie Ergonomique et Sociale pour l'Expérience Utilisateurs; Équipe de Recherche sur les Processus Innovatifs; Interpsy; Centre de Recherche Universitaire Lorrain d’Histoire; Laboratoire de Génie Informatique, de Production et de Maintenance; Centre d'Etudes Germaniques Interculturelles de Lorraine; Laboratoire d'Ingénierie des Biomolécules; Laboratoire d'Etude et de Recherche sur le Matériau Bois; Centre Européen de Recherche en Economie Financière et Gestion des Entreprises; Défaillance Cardiovasculaire Aiguë et Chronique; GeoRessources; Laboratoire de Physique et Chimie Théoriques; Observatoire Terre et environnement de Lorraine; Institut François Gény; Cibles thérapeutiques, formulation et expertise préclinique du médicament; Interdisciplinarité en Santé Publique Interventions et Instruments de mesure complexes – Région Est; Laboratoire lorrain de psychologie et neurosciences de la dynamique des comportements; Laboratoire de sociologie des Territoires, du travail, des âges et de la santé; Centre de Recherche sur les Expertises, les Arts et les Transitions; Jardins botaniques du Grand Nancy et de l'Université de Lorraine; Plateforme nationale des données de recherche",https://openalex.org/I3017839442; https://openalex.org/I4210086158; https://openalex.org/I4210089931; https://openalex.org/I4210090732; https://openalex.org/I4210097351; https://openalex.org/I4210102194; https://openalex.org/I4210102569; https://openalex.org/I4210102596; https://openalex.org/I4210104468; https://openalex.org/I4210105383; https://openalex.org/I4210109499; https://openalex.org/I4210109807; https://openalex.org/I4210110792; https://openalex.org/I4210110956; https://openalex.org/I4210115482; https://openalex.org/I4210115972; https://openalex.org/I4210116041; https://openalex.org/I4210120589; https://openalex.org/I4210121838; https://openalex.org/I4210121906; https://openalex.org/I4210124901; https://openalex.org/I4210133191; https://openalex.org/I4210136513; https://openalex.org/I4210145544; https://openalex.org/I4210145821; https://openalex.org/I4210147295; https://openalex.org/I4210148061; https://openalex.org/I4210150706; https://openalex.org/I4210152866; https://openalex.org/I4210166604; https://openalex.org/I4387152275; https://openalex.org/I4387152457; https://openalex.org/I4387152634; https://openalex.org/I4387152666; https://openalex.org/I4387152769; https://openalex.org/I4387153044; https://openalex.org/I4387153371; https://openalex.org/I4387153414; https://openalex.org/I4387153474; https://openalex.org/I4387153702; https://openalex.org/I4387153710; https://openalex.org/I4387153989; https://openalex.org/I4387154115; https://openalex.org/I4387154247; https://openalex.org/I4387154387; https://openalex.org/I4387154726; https://openalex.org/I4387154738; https://openalex.org/I4387154775; https://openalex.org/I4387155006; https://openalex.org/I4387155337; https://openalex.org/I4387155471; https://openalex.org/I4387155482; https://openalex.org/I4387155501; https://openalex.org/I4387155697; https://openalex.org/I4387155791; https://openalex.org/I4387155877; https://openalex.org/I4387155970; https://openalex.org/I4387156043; https://openalex.org/I4387156182; https://openalex.org/I4387156280; https://openalex.org/I4387156376; https://openalex.org/I4387156389; https://openalex.org/I4387930270; https://openalex.org/I4402554007; https://openalex.org/I4402554151; https://openalex.org/I4405261636; https://openalex.org/I4405269514,,
https://openalex.org/I75421653,1,University of Missouri–Kansas City,education,United States,Kansas City,UMKC,University of Missouri–Kansas City,39887,2176392,2.4570190466592763,448,33644,http://en.wikipedia.org/wiki/University_of_Missouri%E2%80%93Kansas_City,,,University of Missouri System,https://openalex.org/I4777552
https://openalex.org/I99464096,1,KU Leuven,education,Belgium,Leuven,KUL,Catholic University of Leuven; KU Leuven; Katholieke Universiteit Leuven; University of Leuven,309392,29049993,3.7896644908367745,1310,377227,http://en.wikipedia.org/wiki/Katholieke_Universiteit_Leuven,VIB-KU Leuven Center for Cancer Biology; VIB-KU Leuven Center for Microbiology; Neuroelectronics Research Flanders; VIB-KU Leuven Center for Brain & Disease Research; Leuven Stem Cell Institute,https://openalex.org/I4210092815; https://openalex.org/I4210115377; https://openalex.org/I4210142472; https://openalex.org/I4210153928; https://openalex.org/I4405264342,,
https://openalex.org/I4210100994,1,Guangxi Hydraulic Power Machinery Research Institute,facility,China,Liuzhou,,Guangxi Hydraulic Power Machinery Research Institute; Guangxi Zhengyuan Machinery; 广西水利机械研究所,953,8323,3.321529745042493,40,221,,,,,
https://openalex.org/I4210138427,1,Computational Physics (United States),company,United States,Springfield,,CPI; Computational Physics (United States),6435,335673,2.678861788617886,215,4072,,,,,
https://openalex.org/I14243506,1,Hong Kong Polytechnic University,education,Hong Kong,Hong Kong,HKPU,Hong Kong Polytechnic University; PolyU; 香港理工大學,153760,9353104,6.876477456086266,654,147057,http://en.wikipedia.org/wiki/Hong_Kong_Polytechnic_University,,,,
https://openalex.org/I4210163756,1,Henan Provincial Center for Disease Control and Prevention,government,China,Zhengzhou,,Henan Provincial Center for Disease Control and Prevention; 河南省疾病预防控制中心,2668,133529,4.111952861952862,114,2634,,,,,
https://openalex.org/I1333535994,1,University of North Carolina Health Care,healthcare,United States,Chapel Hill,,UNC Health Care; University of North Carolina Health Care,15792,878397,2.1124594086480943,308,9885,https://en.wikipedia.org/wiki/UNC_Health_Care,University of North Carolina Hospitals,https://openalex.org/I4210123841,,
https://openalex.org/I130438778,1,Memorial University of Newfoundland,education,Canada,St. John's,MUN,Memorial University; Memorial University of Newfoundland,58398,2822810,2.8382967433839625,462,47173,http://en.wikipedia.org/wiki/Memorial_University_of_Newfoundland,Newfoundland and Labrador Centre for Applied Health Research,https://openalex.org/I4210127417,,
https://openalex.org/I173759888,1,Hunan Normal University,education,China,Changsha,HNU; HUNNU,Hunan Normal University; Húnán Shīfàn Dàxué; 湖南师范大学,44430,1612210,3.7148445665482126,266,38288,http://en.wikipedia.org/wiki/Hunan_Normal_University,,,,
https://openalex.org/I4210116869,1,Affiliated Hospital of Qingdao University,healthcare,China,Qingdao,,Affiliated Hospital of Qingdao University,25701,1155376,3.4793945560925974,228,28100,,,,,
https://openalex.org/I177725633,1,Chinese University of Hong Kong,education,Hong Kong,Hong Kong,CUHK,Chinese University of Hong Kong; 香港中文大學,197894,17665773,3.3035698500162063,1106,226413,http://en.wikipedia.org/wiki/Chinese_University_of_Hong_Kong,"Institute of Molecular Functional Materials; Chinese University of Hong Kong, Shenzhen; State Key Laboratory of Synthetic Chemistry",https://openalex.org/I4210094881; https://openalex.org/I4210116924; https://openalex.org/I4210130449,,
https://openalex.org/I4210167249,1,Network Technologies (United States),company,United States,Aurora,NTI,Network Technologies (United States),1511,43675,1.3915857605177993,92,765,,,,,
https://openalex.org/I4210163538,1,"Hôpital Civil, Strasbourg",healthcare,France,Strasbourg,,"Hôpital Civil, Strasbourg",7983,438438,2.6607473177950425,243,6815,"https://en.wikipedia.org/wiki/H%C3%B4pital_civil,_Strasbourg",,,Hôpitaux Universitaires de Strasbourg,https://openalex.org/I4210145324
https://openalex.org/I161318765,1,"University of California, Los Angeles",education,United States,Los Angeles,UCLA,"State Normal School at Los Angeles; UC Los Angeles; Universidad de California en Los Ángeles; University of California Southern Branch; University of California at Los Angeles; University of California, Los Angeles; Université de Californie à Los Angeles",415338,51838969,4.237606701659509,1641,521240,"http://en.wikipedia.org/wiki/University_of_California,_Los_Angeles",California NanoSystems Institute; UCLA Clinical and Translational Science Institute; NSF-Simons AI Institute for Cosmic Origins; Higher Education Research Institute,https://openalex.org/I142207940; https://openalex.org/I4400573288; https://openalex.org/I4405256350; https://openalex.org/I4405266468,University of California System,https://openalex.org/I2803209242
https://openalex.org/I16365422,1,Hefei University of Technology,education,China,Hefei,HFUT,Hefei University of Technology; 合肥工业大学,68047,3361555,4.283365619472753,376,72618,https://en.wikipedia.org/wiki/Hefei_University_of_Technology,,,,
https://openalex.org/I90090648,1,Shijiazhuang Tiedao University,education,China,Shijiazhuang,STDU,Railway Engineering Institute of the People's Liberation Army; Shijiazhuang Railway Institute; Shijiazhuang Tiedao University; 石家庄铁道大学,10630,228235,3.8201052150045745,123,6148,https://en.wikipedia.org/wiki/Shijiazhuang_Tiedao_University,,,,
https://openalex.org/I918872813,1,Emerson (Sweden),company,Sweden,Karlstad,,Emerson (Sweden),1927,34951,1.8694404591104734,95,547,https://en.wikipedia.org/wiki/Emerson_Electric,,,Emerson (United States),https://openalex.org/I4210117810
https://openalex.org/I131249849,1,Oregon State University,education,United States,Corvallis,OSU,Oregon State University; Universidad Estatal de Oregón; Université d'État de l'Oregon,117608,8252737,2.7485484245567857,809,109432,http://en.wikipedia.org/wiki/Oregon_State_University,Oregon Space Grant Consortium; Oregon Sea Grant; Andrews Forest Long Term Ecological Research,https://openalex.org/I4210112357; https://openalex.org/I4210138985; https://openalex.org/I4387154125,,
https://openalex.org/I4210086780,1,Japan Science and Technology Agency,government,Japan,Tokyo,JST,Japan Science and Technology Agency; Japanese Science and Technology Agency; Science and Technology Agency of Japan; 科学技術振興機構,59378,8225606,5.751640585562847,859,83155,,Japan Link Center,https://openalex.org/I4210153674,,
https://openalex.org/I4210140576,1,Beijing Dao Pei Hospital,healthcare,China,Beijing,,Beijing Dao Pei Hospital; 北京道培医院,405,14003,1.8410138248847927,46,190,,,,,
https://openalex.org/I2799767083,1,Ochsner Medical Center,healthcare,United States,New Orleans,,Ochsner Foundation Hospital; Ochsner Hospital; Ochsner Medical Center,11776,729101,2.044489383215369,314,10398,https://en.wikipedia.org/wiki/Ochsner_Medical_Center,,,Ochsner Health System,https://openalex.org/I1336053918
https://openalex.org/I90259746,1,Capital University of Economics and Business,education,China,Beijing,CUEB,Capital University of Economics and Business; Shǒudū Jīngjì Màoyì Dàxué; 首都经济贸易大学,7780,119396,4.104269081500647,123,2551,http://en.wikipedia.org/wiki/Capital_University_of_Economics_and_Business,,,,
https://openalex.org/I3133134087,1,Lanzhou Jiaotong University,education,China,Lanzhou,LZJTU,Lanzhou Jiaotong University; Lanzhou Railway University; 兰州交通大学,21757,612334,4.032308042834359,189,14287,https://en.wikipedia.org/wiki/Lanzhou_Jiaotong_University,,,,
https://openalex.org/I1336053918,1,Ochsner Health System,healthcare,United States,New Orleans,,Ochsner Health System,3481,176213,2.2918032786885245,167,1589,https://en.wikipedia.org/wiki/Ochsner_Health_System,Ochsner Baptist Medical Center; Ochsner Medical Center; Leonard J. Chabert Medical Center,https://openalex.org/I2799289046; https://openalex.org/I2799767083; https://openalex.org/I4210161037,,
https://openalex.org/I204778367,1,Norwegian University of Science and Technology,education,Norway,Trondheim,NTNU,Norges Teknisk-Naturvitenskapelige Universitet; Norjan teknis-luonnontieteellinen yliopisto; Norwegian University of Science and Technology,137650,7622306,2.598029019957411,721,116463,http://en.wikipedia.org/wiki/Norwegian_University_of_Science_and_Technology,,,,
https://openalex.org/I4210140689,1,Technical Institute of Physics and Chemistry,facility,China,Beijing,TIPCCAS,Cryogenic Laboratory; Institute of Photographic Chemistry; Technical Institute of Physics and Chemistry; 中国科学院理化技术研究所,15817,2096021,6.997917881235946,435,32878,,,,Chinese Academy of Sciences,https://openalex.org/I19820366
https://openalex.org/I4210164131,1,Ophthalmology Associates (United States),other,United States,St Louis,,Ophthalmology Associates (United States),6938,336469,0.5429216867469879,207,5962,,,,,
https://openalex.org/I4210154057,1,Institute of Solid State Physics,facility,China,Hefei,ISSP,Institute of Solid State Physics; 固体物理研究所,11387,1207426,7.754068385445237,293,22938,https://en.wikipedia.org/wiki/Institute_of_Solid_State_Physics_(China),,,Hefei Institutes of Physical Science,https://openalex.org/I2802624667
https://openalex.org/I4210107834,1,Development Fund,nonprofit,Norway,Oslo,,Development Fund; Utviklingsfondet,3962,207974,1.4910226385636223,165,4274,,,,,
https://openalex.org/I4210089508,1,Feminist Archive North,archive,United Kingdom,Leeds,FAN,Feminist Archive North,4111,34653,0.5563665855636658,83,596,,,,,
https://openalex.org/I86987016,1,KTH Royal Institute of Technology,education,Sweden,Stockholm,KTH,KTH Royal Institute of Technology; Kungliga Tekniska högskolan; Kuninkaallinen teknillinen korkeakoulu; Royal Institute of Technology,117102,8412208,3.8154524459374346,724,118088,https://en.m.wikipedia.org/wiki/KTH_Royal_Institute_of_Technology,Wallenberg Wood Science Center; Bolin Centre for Climate Research; Digital Futures,https://openalex.org/I4210124641; https://openalex.org/I4210161097; https://openalex.org/I4405259960,,
https://openalex.org/I4210099211,1,Shanghai FRP Research Institute (China),company,China,Shanghai,SHFRP,Shanghai FRP Research Institute (China); 上海玻璃钢研究所,1018,18678,3.6335174953959486,63,417,,,,,
https://openalex.org/I45129253,1,University College London,education,United Kingdom,London,UCL,"Coleg Prifysgol Llundain; London University; University College London; University College, London",583148,65788536,5.209172446449959,2066,672118,http://en.wikipedia.org/wiki/University_College_London,"Wellcome Centre for Human Neuroimaging; NIHR Moorfields Biomedical Research Centre; University College London Qatar; MRC Clinical Trials Unit at UCL; MRC Laboratory for Molecular Cell Biology; Wellcome / EPSRC Centre for Interventional and Surgical Sciences; MRC Prion Unit; UCL Biomedical Research Centre; MRC Unit for Lifelong Health and Ageing; Centre for the Observation and Modelling of Earthquakes, Volcanoes and Tectonics; Sierra Leone Urban Research Centre; Institute of Structural and Molecular Biology; UCL Hospitals Charitable Foundation; Sainsbury Wellcome Centre; UCL Queen Square Institute of Neurology; Gatsby Computational Neuroscience Unit",https://openalex.org/I165524941; https://openalex.org/I4210088407; https://openalex.org/I4210089544; https://openalex.org/I4210091428; https://openalex.org/I4210093127; https://openalex.org/I4210122016; https://openalex.org/I4210134576; https://openalex.org/I4210138523; https://openalex.org/I4210139815; https://openalex.org/I4210147017; https://openalex.org/I4210149513; https://openalex.org/I4210157240; https://openalex.org/I4392738225; https://openalex.org/I4396570676; https://openalex.org/I4405260083; https://openalex.org/I4405268824,University of London,https://openalex.org/I124357947
https://openalex.org/I4210099028,1,Fourth Affiliated Hospital of China Medical University,healthcare,China,Shenyang,,Fourth Affiliated Hospital of China Medical University; 中国医科大学附属第四医院,3470,161830,7.538832609744332,137,3816,,,,,
https://openalex.org/I55769427,1,Indiana University – Purdue University Indianapolis,education,United States,Indianapolis,IUPUI,Indiana University – Purdue University Indianapolis,146066,13964704,3.944833566806751,908,175242,http://en.wikipedia.org/wiki/Indiana_University_%E2%80%93_Purdue_University_Indianapolis,,,Purdue University System; Indiana University,https://openalex.org/I2801333002; https://openalex.org/I592451
https://openalex.org/I4210143791,1,Institute for Molecular Science,facility,Japan,Okazaki,IMS,Bunshi Kagaku Kenkyujo; Bunshi Kagaku Kenkyuujo; Bunshi Kagaku Kenkyūjo; Institute for Molecular Science; NINS Institute for Molecular Science; National Institutes of Natural Sciences Institute for Molecular Science; ぶんしかがくけんきゅうじょ; ブンシカガクケンキュウジョ; 分子科学研究所,14327,1105020,3.9902467010900744,333,18173,,,,National Institutes of Natural Sciences,https://openalex.org/I199525922
https://openalex.org/I31419693,1,Kyungpook National University,education,South Korea,Daegu,KNU,Kyungpook National University; 경북대학교,75597,5253965,1.7773003205784053,508,98003,http://en.wikipedia.org/wiki/Kyungpook_National_University,Kyungpook National University Hospital; Kyungpook National University Dental Hospital,https://openalex.org/I2801673063; https://openalex.org/I4405258858,,
https://openalex.org/I4210145324,1,Hôpitaux Universitaires de Strasbourg,healthcare,France,Strasbourg,HUS,Hôpitaux Universitaires de Strasbourg; University Hospital of Strasbourg,16700,962441,2.225740740740741,343,15359,,"Hôpital d'Hautepierre; Hôpital Civil, Strasbourg",https://openalex.org/I4210157127; https://openalex.org/I4210163538,,
https://openalex.org/I100066346,1,University of Stuttgart,education,Germany,Stuttgart,,University of Stuttgart; Universität Stuttgart,158812,5326000,1.8263546798029557,613,85765,http://en.wikipedia.org/wiki/University_of_Stuttgart,Center for Integrated Quantum Science and Technology,https://openalex.org/I4210113675,,
https://openalex.org/I4387153954,1,Centre d'Études et de Recherches sur le Développement International,facility,France,Clermont-Ferrand,CERDI,Centre d'Études et de Recherches sur le Développement International; UMR 6587,2059,19239,0.8251121076233184,62,353,,,,Centre National de la Recherche Scientifique; Université Clermont Auvergne; Institut de Recherche pour le Développement,https://openalex.org/I1294671590; https://openalex.org/I198244214; https://openalex.org/I4210166444
https://openalex.org/I28290843,1,University of Surrey,education,United Kingdom,Guildford,,Prifysgol Surrey; University of Surrey,81913,4168453,4.2011668954697,531,67336,http://en.wikipedia.org/wiki/University_of_Surrey,,,,
https://openalex.org/I4210091335,1,Kunming Children's Hospital,healthcare,China,Kunming,,Kunming Children's Hospital; 昆明市儿童医院,1511,27282,1.5127301214257736,56,771,,,,,
https://openalex.org/I205640436,1,Curtin University,education,Australia,Perth,,Curtin University; Curtin University of Technology,94552,5346655,4.1466815760047355,576,84911,http://en.wikipedia.org/wiki/Curtin_University,International Centre for Radio Astronomy Research; Curtin Hub for Immersive Visualisation and eResearch,https://openalex.org/I4210160376; https://openalex.org/I4405253311,,
https://openalex.org/I134687103,1,Nanjing Tech University,education,China,Nanjing,NJTech,Nanjing Tech University; Nanjing University of Technology; 南京工业大学,60952,4953187,6.014160863672477,490,97343,https://en.wikipedia.org/wiki/Nanjing_Tech_University,The Synergetic Innovation Center for Advanced Materials; State Key Laboratory of Materials-Oriented Chemical Engineering,https://openalex.org/I4210159340; https://openalex.org/I4391768075,,
https://openalex.org/I151075929,1,Army Medical University,education,China,Chongqing,,Army Medical University; Third Military Medical University; 中国人民解放军第三军医大学,51243,4660258,4.215286114445778,480,85994,https://en.wikipedia.org/wiki/Army_Medical_University,"State Key Laboratory of Trauma, Burns and Compound Injury Research",https://openalex.org/I4391767916,,
https://openalex.org/I2722730,1,Inner Mongolia University,education,China,Hohhot,,Inner Mongolia University; 内蒙古大学,24756,845269,4.171890208292778,209,20518,http://en.wikipedia.org/wiki/Inner_Mongolia_University,,,,
https://openalex.org/I2801769982,1,First Affiliated Hospital of Wenzhou Medical University,healthcare,China,Wenzhou,,First Affiliated Hospital of Wenzhou Medical University; First Provincial Wenzhou Hospital of Zhejiang,19826,1194957,4.558008813742243,257,28096,https://en.wikipedia.org/wiki/The_1st_Affiliated_Hospital,,,,
https://openalex.org/I80626142,1,Henan Medical University,education,China,Xinxiang,XXMU,Henan Medical University; Xinxiang Medical University; 新乡医学院; 河南医药大学,13898,593678,3.60363776592326,202,14983,https://en.wikipedia.org/wiki/Xinxiang_Medical_University,,,,
https://openalex.org/I61057504,1,Fujian Agriculture and Forestry University,education,China,Fuzhou,FAFU,Fujian Agriculture and Forestry University; 福建农林大学,37532,2408339,4.318221164250162,360,48574,http://en.wikipedia.org/wiki/Fujian_Agriculture_and_Forestry_University,,,,
https://openalex.org/I4210137153,1,Hunan Province Chest Hospital,healthcare,China,Hunan,,Hunan Province Chest Hospital; 湖南省胸科医院,185,3771,1.7167832167832169,32,108,,,,,
https://openalex.org/I82760581,1,Taizhou University,education,China,Taizhou,TU,Taizhou University; 台州学院,14850,533394,5.957809628812936,205,12030,https://en.wikipedia.org/wiki/Taizhou_University,,,,
https://openalex.org/I927504317,1,Nanchang Hangkong University,education,China,Nanchang,NCHU ,Nanchang Aviation University; Nanchang Hangkong University; 南昌航空大学,14398,812409,7.409057491545361,242,15986,http://en.wikipedia.org/wiki/Nanchang_Hangkong_University,,,,
https://openalex.org/I25399270,1,Southwest Forestry University,education,China,Kunming,SWFU,Southwest Forestry University; Xīnán Línxuéyuàn; 西南林业大学,15865,364723,2.9010418761816648,154,9351,http://en.wikipedia.org/wiki/Southwest_Forestry_University,,,,
https://openalex.org/I4210114785,1,Gansu Provincial Hospital,healthcare,China,Lanzhou,,Gansu Provincial Hospital; 甘肃省人民医院,7109,165951,2.1697141385526653,119,4226,,,,,
https://openalex.org/I3133055985,1,Westlake University,education,China,Hangzhou,WIAS,Westlake University; 西湖大学,14232,751100,8.114000712504453,274,12142,https://en.wikipedia.org/wiki/Westlake_University,,,,
https://openalex.org/I4210105806,1,Zhongda Hospital Southeast University,healthcare,China,Nanjing,,Zhongda Hospital Southeast University,13873,765151,5.2373458792991565,236,16915,,,,,
https://openalex.org/I4210138078,1,Second Affiliated Hospital of Nanjing Medical University,healthcare,China,Nanjing,,Children's Hospital of Nanjing Medical University; Fourth Hospital of Nanjing; Jiangsu Second Red Cross Hospital; Second Affiliated Hospital of Nanjing Medical University; Second Clinical Hospital of Nanjing Medical University,11919,690524,3.0498631353110897,245,11992,,,,,
https://openalex.org/I4210115456,1,Chuzhou University,education,China,Chuzhou,,Chuzhou University,4720,84817,3.048202396804261,99,2177,,,,,
https://openalex.org/I83791580,1,Fujian University of Technology,education,China,Fuzhou,FJUT,Fujian University of Technology; 福建工程学院,10660,270026,4.364045158821278,145,6709,https://en.wikipedia.org/wiki/Fujian_University_of_Technology,,,,
https://openalex.org/I4210121586,1,Dongzhimen Hospital Affiliated to Beijing University of Chinese Medicine,healthcare,China,Beijing,,Dongzhimen Hospital Affiliated to Beijing University of Chinese Medicine; 北京中医药大学东直门医院,5545,169907,3.5771240854113784,116,4562,,,,,
https://openalex.org/I921716337,1,Northeast Petroleum University,education,China,Daqing,,Daqing Petroleum Institute; Northeast Petroleum Institute; Northeast Petroleum University; 东北石油大学,17075,482635,4.277452937820878,171,12032,https://en.wikipedia.org/wiki/Northeast_Petroleum_University,,,,
https://openalex.org/I4210153300,1,Shanghai Research Center for Wireless Communications,facility,China,Changning,WiCO,Shanghai Research Center for Wireless Communications; 上海无线通信研究中心,1723,41627,2.689507494646681,93,850,,,,,
https://openalex.org/I78974044,1,East China University of Political Science and Law,education,China,Shanghai,ECUPL,East China University of Political Science and Law; East China University of Politics and Law; Huádōng Zhèngfǎ Dàxué; 华东政法大学; 華東政法大學,3783,21052,2.1882613510520486,68,432,https://en.wikipedia.org/wiki/East_China_University_of_Political_Science_and_Law,,,,
https://openalex.org/I205783295,1,Cornell University,education,United States,Ithaca,CU,Cornell University; Universidad Cornell,472583,56592511,4.989664967225055,1853,558406,http://en.wikipedia.org/wiki/Cornell_University,New York State College of Agriculture & Life Sciences; New York State School of Industrial and Labor Relations; New York Sea Grant; New York Space Grant Consortium; New York State University College of Human Ecology; New York State College of Veterinary Medicine; PARADIM; Cornell Lab of Ornithology; Weill Cornell Medicine; Cornell Atkinson Center for Sustainability; Cornell University Agricultural Experiment Station; arXiv; Cornell Tech,https://openalex.org/I4210092791; https://openalex.org/I4210098983; https://openalex.org/I4210134430; https://openalex.org/I4210141610; https://openalex.org/I4210144145; https://openalex.org/I4210151139; https://openalex.org/I4387152773; https://openalex.org/I4387153357; https://openalex.org/I4387153466; https://openalex.org/I4387155861; https://openalex.org/I4392738320; https://openalex.org/I4402554005; https://openalex.org/I4405261073,,
https://openalex.org/I4210127530,1,Jining University,education,China,Qufu,,Jining University,3269,98814,5.154495567750105,106,2344,,,,,
https://openalex.org/I59483232,1,Shandong University of Finance and Economics,education,China,Jinan,SDUFE,Shandong University of Finance and Economics; 山东财经大学,9079,180419,3.96971971971972,146,3883,http://en.wikipedia.org/wiki/Shandong_University_of_Finance_and_Economics,,,,
https://openalex.org/I4210130930,1,Peking University First Hospital,healthcare,China,Beijing,,Beida Hospital; Peking University First Hospital,28938,1638208,3.04629813418023,333,30196,,,,,
https://openalex.org/I2802647910,1,Burnaby Hospital,healthcare,Canada,Burnaby,,Burnaby General Hospital; Burnaby Hospital,957,31359,1.4095238095238096,84,630,https://en.wikipedia.org/wiki/Burnaby_Hospital,,,,
https://openalex.org/I95946905,1,Hebei GEO University,education,China,Shijiazhuang,,Hebei GEO University; Shijiazhuang University of Economics; 石家庄经济学院,5679,86807,3.4807742610515304,102,2147,https://en.wikipedia.org/wiki/Hebei_GEO_University,,,,
https://openalex.org/I5343935,1,Guilin University of Electronic Technology,education,China,Guilin,GUET,Guilin Dianzi Keji Daxue; Guilin University of Electronic Technology; 桂林电子科技大学,29271,839801,3.259085912846151,203,20749,https://en.wikipedia.org/wiki/Guilin_University_of_Electronic_Technology,,,,
https://openalex.org/I131787340,1,Seagate (United States),company,United States,Cupertino,,Seagate; Seagate (United States); Shugart Technology,3349,187384,1.099009900990099,163,3257,https://en.wikipedia.org/wiki/Seagate_Technology,,,,
https://openalex.org/I1284762954,1,Zhejiang A & F University,education,China,Lin’an Shi,ZAFU,Zhejiang A & F University; Zhejiang Forestry University; 浙江农林大学,21253,1191174,5.081787310098302,273,24249,https://en.wikipedia.org/wiki/Zhejiang_A_%26_F_University,,,,
https://openalex.org/I4210123679,1,Hangzhou Academy of Agricultural Sciences,facility,China,Hangzhou,,Hangzhou Academy of Agricultural Sciences; 杭州市农业科学研究院,3223,330455,4.091454272863568,181,6304,,,,,
https://openalex.org/I4210110199,1,Vision Medicals (China),company,China,Guangzhou,,Guangzhou Weiyuan Gene Technology; Vision Medicals (China); 微远基因,397,20465,4.9416058394160585,66,258,,,,,
https://openalex.org/I4210122600,1,Hunan Academy of Traditional Chinese Medicine,education,China,Changsha,,Hunan Academy of Traditional Chinese Medicine; Hunan Institute of Traditional Chinese Medicine; 湖南省中医药研究院,2042,39382,3.1744439598778893,77,951,,,,,
https://openalex.org/I4210157729,1,First Affiliated Hospital of Hebei Medical University,healthcare,China,Shijiazhuang,,First Affiliated Hospital of Hebei Medical University,4104,93099,2.163288656423668,97,2470,,,,,
https://openalex.org/I4387153646,1,BGI Research,nonprofit,China,Shenzhen,,BGI Research; 华大生命科学研究院,922,73805,11.210991379310345,112,1629,,"BGI Research, Wuhan; BGI Research, Sanya",https://openalex.org/I4405257986; https://openalex.org/I4405259006,BGI Group (China),https://openalex.org/I100135526
https://openalex.org/I4210149102,1,Sanya University,education,China,Sanya,USY,Sanya University; 三亚学院,10558,242875,4.877548990351139,120,6936,https://en.wikipedia.org/wiki/University_of_Sanya,,,,
https://openalex.org/I16295237,1,Gansu Agricultural University,education,China,Lanzhou,GAU,Gansu Agricultural University; Gānsù Nóngyè Dàxué; 甘肃农业大学,17475,679783,3.804488309246857,169,17948,http://en.wikipedia.org/wiki/Gansu_Agricultural_University,,,,
https://openalex.org/I103163165,1,Florida State University,education,United States,Tallahassee,FSU,Florida State University; Universidad Estatal de Florida; Université d'État de Floride,111454,8539148,3.1893522161028063,747,116098,http://en.wikipedia.org/wiki/Florida_State_University,Florida State University-Panama; Florida A&M University - Florida State University College of Engineering; National High Magnetic Field Laboratory; FSU Coastal and Marine Laboratory,https://openalex.org/I115600460; https://openalex.org/I1323276237; https://openalex.org/I4210132808; https://openalex.org/I4402554067,State University System of Florida,https://openalex.org/I2801649442
https://openalex.org/I99613584,1,National Taipei University,education,Taiwan,Taipei,NTPU,National Chung Hsing University; National Taipei University; Taiwan Provincial Chung Hsing University; Taiwan Provincial College of Law and Business; 國立臺北大學,20865,822813,1.6102996536666165,268,16121,https://en.wikipedia.org/wiki/National_Taipei_University,,,,
https://openalex.org/I4210160314,1,Shenzhen Pingle Orthopedic Hospital,healthcare,China,Shenzhen,,Shenzhen Pingle Orthopedic Hospital; 深圳平乐骨伤科医院,2543,53497,3.004564721225954,80,1451,,,,,
https://openalex.org/I92178344,1,Anhui University of Technology,education,China,Ma'anshan City,AHUT,Anhui University of Technology; Ānhuī Gōngyè Dàxué; 安徽工业大学,20693,890483,5.345167561562674,245,20398,https://en.wikipedia.org/wiki/Anhui_University_of_Technology,,,,
https://openalex.org/I4210148632,1,Bidar Organization for Medicinal and Aromatic plants,nonprofit,India,Bengaluru,BiOMAP,Bidar Organization for Medicinal and Aromatic plants,12,630,15.75,10,11,,,,,
https://openalex.org/I4210130714,1,Heilongjiang Provincial Hospital,healthcare,China,Harbin,,Heilongjiang Provincial Hospital; 黑龙江省医院,2587,57388,3.061946902654867,96,1340,,,,,
https://openalex.org/I4210110948,1,Hainan Provincial Academy of Agricultural Sciences,facility,China,Haikou,,Hainan Provincial Academy of Agricultural Sciences; 海南省农业科学院,1405,21918,3.010321100917431,55,601,,,,,
https://openalex.org/I47948057,1,Kunming Metallurgy College,education,China,Kunming,,Kunming Metallurgy College; 昆明冶金高等专科学校,1587,10271,2.888235294117647,47,262,https://en.wikipedia.org/wiki/Kunming_Metallurgy_College,,,,
https://openalex.org/I31746571,1,UNSW Sydney,education,Australia,Sydney,UNSW,UNSW Sydney; University of New South Wales,273380,20094681,5.195608039520877,1041,279627,http://en.wikipedia.org/wiki/University_of_New_South_Wales,Australian Centre for Advanced Photovoltaics; UNSW Canberra; Australian Centre for Excellence in Antarctic Science; National Drug and Alcohol Research Centre; Mark Wainwright Analytical Centre; Climate Change Research Centre; Centre for Big Data Research in Health; Centre for Healthy Brain Ageing,https://openalex.org/I4387153125; https://openalex.org/I4394709116; https://openalex.org/I4394709237; https://openalex.org/I4405258728; https://openalex.org/I4405259150; https://openalex.org/I4405259391; https://openalex.org/I4405259469; https://openalex.org/I4405260213,,
https://openalex.org/I184843921,1,Hebei University of Technology,education,China,Tianjin,HEBUT,Hebei University of Technology; Héběi Gōngyè Dàxué; 河北工业大学,40878,1854061,5.311527522168312,258,46379,http://en.wikipedia.org/wiki/Hebei_University_of_Technology,,,,
https://openalex.org/I4210165204,1,Zhuhai Institute of Advanced Technology,facility,China,Zhuhai,ZIAT,Zhuhai Institute of Advanced Technology; 珠海中科先进技术研究院,6200,97724,4.141132776230269,107,2428,,,,Shenzhen Institutes of Advanced Technology,https://openalex.org/I4210145761
https://openalex.org/I4210123185,1,Zhejiang Lab,facility,China,Hangzhou,,Zhejiang Lab; 之江实验室,17480,684414,6.006183632564288,232,14116,,,,,
https://openalex.org/I4210132813,1,Second Affiliated Hospital of Harbin Medical University,healthcare,China,Harbin,,Second Affiliated Hospital of Harbin Medical University,15031,800507,3.2539909459137477,223,17910,,,,,
https://openalex.org/I146071755,1,Kunming University,education,China,Kunming,KU,Kunming University; 昆明学院,11201,281887,3.2536564068980574,137,7293,http://en.wikipedia.org/wiki/Kunming_University,,,,
https://openalex.org/I4210124184,1,Heilongjiang Bayi Agricultural University,education,China,Daqing,HBAU,Heilongjiang Bayi Agricultural University,6708,262157,3.6153846153846154,112,7538,,,,,
https://openalex.org/I4210095624,1,Alibaba Group (United States),company,United States,San Mateo,,Alibaba Group (United States),3518,221983,5.44339951236503,188,3544,https://en.wikipedia.org/wiki/Alibaba_Group,,,Alibaba Group (China),https://openalex.org/I45928872
https://openalex.org/I4210124833,1,Bali Psychiatric Center,government,Taiwan,Taipei,,Bali Psychiatric Center,907,32789,0.75625,83,756,,,,,
https://openalex.org/I4210159156,1,System Equipment (China),company,China,Licheng,,"System Equipment (China); System Equipment Co.,Ltd. Of the 28th Research Institute (Liyang); 系统设备",2278,24928,1.4731735159817352,58,686,,,,,
https://openalex.org/I133270356,1,Tianjin University of Technology and Education,education,China,Tianjin,TUTE,Tianjin University of Technology and Education; 天津职业技术师范大学,7765,80945,2.0564044519901907,91,1971,https://en.wikipedia.org/wiki/Tianjin_University_of_Technology_and_Education,,,,
https://openalex.org/I4210165264,1,Guangxi Academy of Sciences,government,China,Nanning,,Guangxi Academy of Sciences; 广西科学院,3817,92050,4.173275862068966,102,2435,,,,,
https://openalex.org/I130480701,1,Dongbei University of Finance and Economics,education,China,Dalian,DUFE,Dongbei Institute of Finance and Economics; Dongbei University of Finance and Economics; Liaoning Institute of Finance and Economics; 东北财经大学,7736,200919,3.7926170468187275,169,3418,https://en.wikipedia.org/wiki/Dongbei_University_of_Finance_and_Economics,,,,
https://openalex.org/I4210115332,1,National Engineering Research Center for Wheat,education,China,Zhengzhou,,National Engineering Research Center for Wheat; 国家小麦工程技术研究中心,1258,118739,6.25749167591565,122,2561,,,,,
https://openalex.org/I2801556517,1,Ruijin Hospital,healthcare,China,Shanghai,,Guǎngcí Yīyuàn; Ruijin Hospital; Ruìjīn Yīyuàn; St. Marie Hospital ; 上海交通大学医学院附属瑞金医院,30757,2661699,4.943716657722781,405,49639,https://en.wikipedia.org/wiki/Ruijin_Hospital,,,,
https://openalex.org/I4210118629,1,NARI Group (China),facility,China,Nanjing,NARI,NARI Group (China); Nanjing Automation Research Institute; 南京自动化研究所,7305,49868,0.9496281271129141,61,1071,,,,,
https://openalex.org/I132369690,1,Tianjin University of Science and Technology,education,China,Tianjin,,Tianjin University of Science and Technology; Tiānjīn Kējì Dàxué; 天津科技大学,26401,1667602,5.769773630018125,280,36728,http://en.wikipedia.org/wiki/Tianjin_University_of_Science_and_Technology,State Key Laboratory of Food Nutrition and Safety,https://openalex.org/I4387152708,,
https://openalex.org/I4210163526,1,Sichuan Academy of Agricultural Sciences,healthcare,China,Chengdu,SAAS,Sichuan Academy of Agricultural Sciences; Sichuan Agriculture Improvement; 四川省农业科学院作物研究所,4989,165547,3.3355145746579415,130,4043,,,,,
https://openalex.org/I4210146956,1,Third Affiliated Hospital of Sun Yat-sen University,healthcare,China,Guangzhou,,Third Affiliated Hospital of Sun Yat-sen University; Third Affiliated Hospital of Zhongshan Medical University,19078,1133706,4.047469293300896,276,25209,,,,,
https://openalex.org/I4391012619,1,Shanghai Artificial Intelligence Laboratory,facility,China,Shanghai,,Shanghai AI Lab; Shanghai AI Laboratory; Shanghai Artificial Intelligence Laboratory; 上海人工智能实验室,3227,227917,15.821502269913331,208,2938,,,,,
https://openalex.org/I4210150858,1,Beijing Academy of Quantum Information Sciences,facility,China,Beijing,BAQIS,Beijing Academy of Quantum Information Sciences,4252,390061,6.147845619767204,279,5090,,,,,
https://openalex.org/I4210111970,1,Fujian Electric Power Survey & Design Institute,facility,China,Fuzhou,FEDI,Fujian Electric Power Survey & Design Institute; 福建省电力勘测设计院,4533,35010,1.4204809930178433,64,803,,,,,
https://openalex.org/I4210143029,1,Guangxi Research Institute of Chemical Industry,facility,China,Nanning,,"Guangxi Research Institute of Chemical Industry; Guangxi Research Institute of Chemical Industry Co., Ltd.; 广西化工研究院; 广西化工研究院有限公司",1201,11950,5.122047244094488,52,277,,,,,
https://openalex.org/I4391767780,1,State Key Laboratory of Desert and Oasis Ecology,facility,China,Ürümqi,,State Key Lab of Desert and Oasis Ecology; State Key Laboratory of Desert and Oasis Ecology; 荒漠与绿洲生态国家重点实验室,88,1236,1.408450704225352,21,42,,,,Xinjiang Institute of Ecology and Geography,https://openalex.org/I4210103115
https://openalex.org/I4210151294,1,Shandong Women’s University,education,China,Jinan,SDWU,Shandong Women’s University; Shāndōng Nǚzǐ Xuéyuàn; 山东女子学院,2012,16635,3.366496598639456,50,385,https://en.wikipedia.org/wiki/Shandong_Women%27s_University,,,,
https://openalex.org/I142263535,1,University of Nottingham,education,United Kingdom,Nottingham,,Prifysgol Nottingham; University of Nottingham,187668,13647291,3.7648659323298372,866,192668,http://en.wikipedia.org/wiki/University_of_Nottingham,University of Nottingham Ningbo China; University of Nottingham Malaysia Campus; MRC Institute of Hearing Research; Eminate (United Kingdom),https://openalex.org/I13591777; https://openalex.org/I155043079; https://openalex.org/I4210140445; https://openalex.org/I4210166422,,
https://openalex.org/I3129293551,1,Tarim University,education,China,Aral,,Tarim University; Tarim University of Agricultural Reclamation; 塔里木大学,8939,153974,2.5372467961967757,103,4487,https://en.wikipedia.org/wiki/Tarim_University,,,,
https://openalex.org/I44673925,1,Inner Mongolia Medical University,funder,China,Hohhot,IMMU,Inner Mongolia Medical College; Inner Mongolia Medical University; 内蒙古医科大学,8591,196133,2.4659345849569014,120,5292,https://en.wikipedia.org/wiki/Inner_Mongolia_Medical_University,,,,
https://openalex.org/I46482218,1,Anqing Normal University,education,China,Anking,,Anqing Normal University; Anqing Teachers College; 安庆师范学院,6906,118764,2.9766269477543537,118,2920,http://en.wikipedia.org/wiki/Anqing_Teachers_College,,,,
https://openalex.org/I4210165547,1,Dezhou University,education,China,Dezhou,,Dezhou University; 德州学院,7632,130643,5.036086775135586,111,3481,,,,,
https://openalex.org/I4210097554,1,Center for Excellence in Brain Science and Intelligence Technology,education,China,Shanghai,CEBSIT,Center for Excellence in Brain Science and Intelligence Technology; 学院脑科学与智能技术卓越创新中心; 學院腦科學與智能技術卓越創新中心,6375,571928,7.4647497337593185,302,7946,,,,Chinese Academy of Sciences,https://openalex.org/I19820366
https://openalex.org/I4210129794,1,Division of Materials Science and Engineering,facility,Australia,Canberra,CMSE,Division of Materials Science and Engineering,33915,2531808,6.016452927726414,453,42432,,,,Commonwealth Scientific and Industrial Research Organisation,https://openalex.org/I1292875679
https://openalex.org/I4210157608,1,Institute of Advanced Manufacturing Technology,education,China,Changzhou,IAMT,Advanced Manufacturing Institute; Institute of Advanced Manufacturing Technology,1243,48627,4.602888086642599,92,1047,,,,,
https://openalex.org/I116036724,1,Shenyang Ligong University,education,China,Shenyang,SLU,Shenyang Ligong University; Shěnyáng Lǐgōng Dàxué,9568,109888,2.3657309322033897,93,3054,http://en.wikipedia.org/wiki/Shenyang_Ligong_University,,,,
https://openalex.org/I4210150385,1,Innovation Team (China),company,China,Hong Kong,,Innovation Team (China); 創新團隊有限公司,3532,207819,5.525190516511431,155,4550,,,,,
https://openalex.org/I4210153810,1,V. Bakul Institute for Superhard Materials,facility,Ukraine,Kyiv,ISM,Institute for Superhard Materials ; V. Bakul Institute for Superhard Materials,2430,92851,2.2705601907032182,95,2668,,,,National Academy of Sciences of Ukraine,https://openalex.org/I149851306
https://openalex.org/I4210153519,1,First Affiliated Hospital of Soochow University,healthcare,China,Suzhou,,First Affiliated Hospital of Soochow University; 苏州大学附属第一医院,26735,1407273,3.4903311619658264,289,31632,,,,,
https://openalex.org/I142108993,1,Southwest University,education,China,Chongqing,SWU,Southwest University; Xīnán Dàxué; 西南大学,81631,4749654,4.186260683157983,433,100988,https://en.wikipedia.org/wiki/Southwest_University,State Key Laboratory of Silkworm Genomic Biology,https://openalex.org/I4391767686,,
https://openalex.org/I4210139005,1,Sericultural Research Institute,facility,China,Zhenjiang,SRI,Sericultural Research Institute; 养殖研究所,2846,96087,3.377582644628099,97,2609,,,,Chinese Academy of Agricultural Sciences,https://openalex.org/I4210138501
https://openalex.org/I4210147617,1,Ministry of Education,government,Ethiopia,Addis Ababa,MOE,Ministry of Education,5483,501736,4.288686806411837,227,8111,,,,,
https://openalex.org/I36194607,1,Duke Energy (United States),company,United States,Charlotte,,Duke Energy (United States),2373,72441,1.1586931155192532,113,979,https://en.wikipedia.org/wiki/Duke_Energy,,,,
https://openalex.org/I4210161752,1,Beijing Haidian Hospital,healthcare,China,Beijing,,Beijing Haidian Hospital; Beijing Haidian Section of Peking University Third Hospital; 北京市海淀医院,4664,105778,2.2916666666666665,114,2360,,,,,
https://openalex.org/I4210161402,1,Shanghai Municipal Center For Disease Control Prevention,government,China,Shanghai,SCDC,Shanghai Municipal Center For Disease Control Prevention; 上海市疾病预防控制中心,4868,228593,2.45921084483176,162,4193,,,,Shanghai Municipal People's Government,https://openalex.org/I4210165456
https://openalex.org/I4210128458,1,Unisen Group (China),company,China,Dongguan,,Dongguan City Kangmao Eletronic Ltd; Unisen Group (China),64,178,0.5692307692307692,5,4,,,,,
https://openalex.org/I166427055,1,Xinjiang Agricultural University,education,China,Ürümqi,,Xinjiang Agricultural University; Xīnjiāng Nóngyè Dàxué; 新疆农业大学,12151,202506,2.3937216338880485,125,5394,http://en.wikipedia.org/wiki/Xinjiang_Agricultural_University,,,,
https://openalex.org/I75689368,1,Communication University of China,education,China,Beijing,BBI; CUC,Beijing Broadcasting Institute; Communication University of China; 中国传媒大学,11992,148529,2.1369118396466793,121,3070,https://en.wikipedia.org/wiki/Communication_University_of_China,State Key Laboratory of Media Convergence and Communication,https://openalex.org/I4391768176,,
https://openalex.org/I4210089457,1,Modern Electron (United States),company,United States,Bothell,,Modern Electron (United States),2033,30667,1.7258064516129032,63,892,,,,,
https://openalex.org/I4210167381,1,First Affiliated Hospital of Wannan Medical College,healthcare,China,Wuhu,,First Affiliated Hospital of Wannan Medical College; Wǎnnán yīxué yuàn fùshǔ yì jī shān yīyuàn; Yijishan Hospital,6675,211006,3.5958267829069603,150,5110,,,,,
https://openalex.org/I54009628,1,University of Bayreuth,education,Germany,Bayreuth,,University of Bayreuth; Universität Bayreuth,50920,3106127,3.088776360489712,467,48753,http://en.wikipedia.org/wiki/University_of_Bayreuth,Bavarian Polymer Institute,https://openalex.org/I4210148454,,
https://openalex.org/I4210154480,1,Chongqing Cancer Hospital,healthcare,China,Chongqing,,Chongqing Cancer Hospital; 重庆市肿瘤研究所,4741,159404,4.822465492622561,111,3714,,,,,
https://openalex.org/I4210133436,1,Beijing Institute of Nanoenergy and Nanosystems,facility,China,Beijing,BINN,Beijing Institute of Nanoenergy and Nanosystems; 中国科学院北京纳米能源与系统研究所,5133,1507179,14.362378520836765,425,15302,,,,,
https://openalex.org/I30809798,1,ShanghaiTech University,education,China,Shanghai,,ShanghaiTech University; 上海科技大学; 上海科技大學,24028,1807769,6.291035223190321,434,26483,https://en.wikipedia.org/wiki/ShanghaiTech_University,,,,
https://openalex.org/I4210162359,1,International Neuromodulation Society,nonprofit,United States,San Francisco,INS,International Neuromodulation Society,1580,41342,3.3645569620253166,86,588,https://en.wikipedia.org/wiki/International_Neuromodulation_Society,,,,
https://openalex.org/I2799853436,1,Johns Hopkins Medicine,healthcare,United States,Baltimore,,Johns Hopkins Medicine,180340,29022786,4.4923339244305005,1466,273694,,Peninsula Regional Medical Center; Suburban Hospital; Saudi Aramco Medical Services Organization; Howard County General Hospital; Johns Hopkins Bayview Medical Center; Johns Hopkins All Children's Hospital; Sibley Memorial Hospital; Johns Hopkins Hospital; Sidney Kimmel Comprehensive Cancer Center; Neurofibromatosis Therapeutic Acceleration Program; Center for Innovative Medicine,https://openalex.org/I1326779652; https://openalex.org/I2799487757; https://openalex.org/I2800952698; https://openalex.org/I2800996824; https://openalex.org/I2802697821; https://openalex.org/I4210098865; https://openalex.org/I4210148073; https://openalex.org/I4210150714; https://openalex.org/I4210164401; https://openalex.org/I4391767829; https://openalex.org/I4392738222,,
https://openalex.org/I4210123733,1,The First People's Hospital of Changde,healthcare,China,Changde,,The First People's Hospital of Changde,2639,44201,2.775855855855856,73,1087,,,,,
https://openalex.org/I4210113795,1,Hubei University of Arts and Science,education,China,Xiangfan,,Hubei University of Arts and Science; Xiangyang Normal College; 湖北文理学院,6636,196626,3.850986427871834,134,4652,https://en.wikipedia.org/wiki/Hubei_University_of_Arts_and_Science,,,,
https://openalex.org/I2800935791,1,UC San Diego Health System,healthcare,United States,San Diego,,UC San Diego Health; UC San Diego Health System,11868,675497,3.328093047034765,325,7066,https://en.wikipedia.org/wiki/UC_San_Diego_Health,University of California San Diego Medical Center; Moores Cancer Center,https://openalex.org/I4210132395; https://openalex.org/I4390039236,,
https://openalex.org/I4210109381,1,Affiliated Hospital of Guizhou Medical University,healthcare,China,Guiyang,,Affiliated Hospital of Guizhou Medical University,12532,328763,2.6049898980406896,145,8664,,,,,
https://openalex.org/I176808543,1,Liaoning Technical University,education,China,Fuxin,LNTU,Liaoning Technical University; Liaoning University of Engineering and Technology; 辽宁工程技术大学,18047,270693,4.065530376396152,123,7728,https://en.wikipedia.org/wiki/Liaoning_Technical_University,,,,
https://openalex.org/I4210155611,1,Ministry of Water Resources of the People's Republic of China,government,China,Beijing,MWR,Ministry of Water Resources ; Ministry of Water Resources of the People's Republic of China; 中华人民共和国水利部,13307,561611,5.602564102564102,227,11302,https://en.wikipedia.org/wiki/Ministry_of_Water_Resources_of_the_People%27s_Republic_of_China,Changjiang Water Resources Commission; Institute of Soil and Water Conservation; Development Research Center; Anhui and Huaihe River Institute of Hydraulic Research; Yellow River Institute of Hydraulic Research; Institute of Hydroecology,https://openalex.org/I2799997741; https://openalex.org/I4210103541; https://openalex.org/I4210139142; https://openalex.org/I4210141300; https://openalex.org/I4210158179; https://openalex.org/I4210163417,,
https://openalex.org/I99682543,1,University of Minho,education,Portugal,Braga,,Universidade do Minho; University of Minho,70217,3930198,3.389441930618401,461,65887,http://en.wikipedia.org/wiki/University_of_Minho,Centre for Research in Anthropology; Instituto para a Sustentabilidade e Inovação em Estruturas de Engenharia; Centro de Investigação em Justiça e Governação; Centro de Física das Universidades do Minho e do Porto; Casa de Sarmento; Centro de Investigação em Psicologia; 3B's Research Group; Laboratório de Software Confiável; Unidade de Arqueologia; Advanced Computing Center; Conselho Científico-Pedagógico da Formação Contínua; Biblioteca Pública de Braga; Associação Fibrenamics; Centro de Matemática Pólo da Universidade de Trás-os-Montes e Alto Douro; Serviço de Documentação e Bibliotecas; Centro de Matemática; TecMinho; Centro de Ética Política e Sociedade; Centro de Investigação em Educação; Labbels; Centro de Estudos Humanísticos; Centro IDEA; Centro de Estudos em Direito da União Europeia; Centro de Investigação em Enfermagem; Laboratório de Paisagens Património e Território; Instituto de Ciência e Inovação para a Bio-Sustentabilidade,https://openalex.org/I4210133653; https://openalex.org/I4403386793; https://openalex.org/I4405252602; https://openalex.org/I4405252901; https://openalex.org/I4405253537; https://openalex.org/I4405254012; https://openalex.org/I4405254055; https://openalex.org/I4405256258; https://openalex.org/I4405256603; https://openalex.org/I4405256629; https://openalex.org/I4405256662; https://openalex.org/I4405256864; https://openalex.org/I4405256962; https://openalex.org/I4405257168; https://openalex.org/I4405257293; https://openalex.org/I4405257431; https://openalex.org/I4405257692; https://openalex.org/I4405257974; https://openalex.org/I4405259517; https://openalex.org/I4405259931; https://openalex.org/I4405259937; https://openalex.org/I4405259983; https://openalex.org/I4405260399; https://openalex.org/I4405260674; https://openalex.org/I4405261145; https://openalex.org/I4405261181,,
https://openalex.org/I22265921,1,National Central University,education,Taiwan,Taoyuan City,NCU,National Central University,45572,2947269,2.9961743305078388,448,51579,http://en.wikipedia.org/wiki/National_Central_University,,,University System of Taiwan,https://openalex.org/I2802348453
https://openalex.org/I9796191,1,University College of Applied Science,education,Palestinian Territory,Gaza,UCAS,University College of Applied Science; الكلية الجامعية للعلوم التطبيقية,1046,14669,5.74468085106383,46,276,https://en.wikipedia.org/wiki/University_College_of_Applied_Sciences,,,,
https://openalex.org/I45462715,1,International Sakharov Environmental Institute,education,Belarus,Minsk,ISEU,International Sakharov Environmental Institute; International Sakharov Environmental University; International Sakharov Higher College on Radioecology; International Sakharov Institute on Radioecology; Міжнародны Дзяржаўны Інстытут імя А.Д. Сахарава БДУ,801,6740,1.1982758620689655,41,151,https://en.wikipedia.org/wiki/International_Sakharov_Environmental_Institute,,,Belarusian State University,https://openalex.org/I291386647
https://openalex.org/I11385950,1,Conselho Nacional de Desenvolvimento Científico e Tecnológico,government,Brazil,Brasília,CNPq,Brazilian National Council for Scientific and Technological Development; Conselho Nacional de Desenvolvimento Científico e Tecnológico; Conselho Nacional de Desenvolvimento Científico e Tecnológico (CNPq); Conselho Nacional de Desenvolvimento Científico e Tecnológico do Brasil; Conselho Nacional de Pesquisa; National Council for Scientific and Technological Development; National Council for Scientific and Technological Development (CNPq); National Council for Scientific and Technological Development of Brazil,23418,437133,0.8712948517940717,209,9257,https://en.wikipedia.org/wiki/National_Council_for_Scientific_and_Technological_Development,Institutos Nacionais de Ciência e Tecnologia; Instituto Nacional de Ciência e Tecnologia da Criosfera,https://openalex.org/I4210127675; https://openalex.org/I4391768138,"Ministry of Science, Technology and Innovation",https://openalex.org/I4210151455
https://openalex.org/I4210100528,1,ENN (China),company,China,Langfang,ENN,"ENN (China); ENN Group; ENN Group Co.; ENN Group Co., Ltd.; 新奥集团",493,9185,2.500768049155146,42,219,"https://en.wikipedia.org/wiki/ENN_Group#:~:text=ENN%20Group%20(Chinese%3A%20%E6%96%B0%E5%A5%A5,energy%20chemicals%20and%20real%20estate.",ENN-Tongji Advanced Institute of Clean Energy; ENN Fusion Energy Research Institute,https://openalex.org/I4210165173; https://openalex.org/I4405258199,,
https://openalex.org/I253932293,1,Anhui University of Traditional Chinese Medicine,education,China,Hefei,AHUTCM,Anhui University of Traditional Chinese Medicine; Ānhuī Zhōngyī xuéyuàn; 安徽中医学院,10482,412769,3.5939813709099595,151,11146,http://en.wikipedia.org/wiki/Anhui_University_of_Chinese_Medicine,,,,
https://openalex.org/I3132630691,1,Chinese General Hospital College of Nursing and Liberal Arts,healthcare,Philippines,Manila,CGHCNLA; CGHSN,Chinese General Hospital College of Nursing and Liberal Arts; Chinese General Hospital School of Nursing,4258,129879,1.4449404761904763,133,2490,https://en.wikipedia.org/wiki/Chinese_General_Hospital_College_of_Nursing_and_Liberal_Arts,,,,
https://openalex.org/I32597200,1,Ghent University,education,Belgium,Ghent,,Ghent University; UGent; Universiteit Gent; Université de Gand,169334,16577103,4.439936313708653,912,238817,http://en.wikipedia.org/wiki/Ghent_University,VIB-UGent Center for Plant Systems Biology; Ghent University Global Campus; VIB-UGent Center for Inflammation Research; VIB-UGent Center for Medical Biotechnology; VIB-VUB Laboratory Myeloid Cell Immunology; VIB - International Plant Biotechnology Outreach; Ghent University Centre for X-ray Tomography,https://openalex.org/I4210098178; https://openalex.org/I4210132857; https://openalex.org/I4210139803; https://openalex.org/I4210151194; https://openalex.org/I4210161951; https://openalex.org/I4210162481; https://openalex.org/I4405258073,,
https://openalex.org/I4210150595,1,Guangzhou Electronic Technology (China),company,China,Guangzhou,,Guangzhou Electronic Technology (China); Guangzhou Electronic Technology Institute; 中科院广州电子技术有限公司,1922,27345,3.123477530449391,55,492,,,,,
https://openalex.org/I37987034,1,Guangzhou University,education,China,Guangzhou,,Guangzhou University; Guǎngzhōu dàxué; 广州大学,48306,1833278,5.226572013368915,317,38630,http://en.wikipedia.org/wiki/Guangzhou_University,,,,
https://openalex.org/I4210123377,1,AZ Sint-Jan,healthcare,Belgium,Bruges,,AZ Sint-Jan,4840,249478,5.191616766467066,194,4030,,,,,
https://openalex.org/I4210137766,1,Institute for Advanced Study,facility,Germany,Berlin,,Institute for Advanced Study; Wissenschaftskolleg zu Berlin,9262,508591,4.732466829136204,265,6460,"https://en.wikipedia.org/wiki/Institute_for_Advanced_Study,_Berlin",,,,
https://openalex.org/I49185572,1,Yunnan University of Finance And Economics,education,China,Kunming,YUFE,Yunnan Financial Cadres Training School; Yunnan Institute of Finance and Trade; Yunnan University of Finance And Economics; 云南财经大学,6133,84426,3.3594674556213016,110,1883,https://en.wikipedia.org/wiki/Yunnan_University_of_Finance_and_Economics,,,,
https://openalex.org/I4210161994,1,Dana-Farber Brigham Cancer Center,healthcare,United States,Boston,,Dana-Farber Brigham Cancer Center; Dana-Farber/Brigham and Women's Cancer Center,11255,2371828,7.486972998578873,603,17110,,Center for Neuro-Oncology,https://openalex.org/I4210102457,Brigham and Women's Hospital; Dana-Farber Cancer Institute,https://openalex.org/I1283280774; https://openalex.org/I4210117453
https://openalex.org/I75059550,1,Zhejiang Gongshang University,education,China,Hangzhou,ZJSU,Hangzhou Business School; Hangzhou Institute of Commerce; Zhejiang Gongshang University; Zhèjiāng Gōngshāng Dàxué; 杭州商学院; 浙江工商大学,19496,784046,6.3399332061068705,208,17403,http://en.wikipedia.org/wiki/Zhejiang_Gongshang_University,,,,
https://openalex.org/I4210106122,1,Southern Marine Science and Engineering Guangdong Laboratory (Guangzhou),facility,China,Guangzhou,,Southern Marine Science and Engineering Guangdong Laboratory (Guangzhou); 南方海洋科学与工程广东省实验室 (广州),21112,848733,4.535654205607477,211,22444,,,,,
https://openalex.org/I80281795,1,University of Otago,education,New Zealand,Dunedin,,University of Otago,91752,6514538,2.9732527676835967,650,96682,http://en.wikipedia.org/wiki/University_of_Otago,The Dodd-Walls Centre for Photonic and Quantum Technologies; Riddet Institute,https://openalex.org/I4210148749; https://openalex.org/I4210159946,,
https://openalex.org/I862669128,1,Xiaomi (China),company,China,Beijing,,Xiaomi (China),2091,79595,2.979505300353357,112,1129,https://en.wikipedia.org/wiki/Xiaomi,,,,
https://openalex.org/I4210094879,1,Shandong Institute of Automation,facility,China,Jinan,,Shandong Institute of Automation; 山东省科学院自动化研究所成,17799,1023244,4.6736990154711675,330,16456,,,,Shandong Academy of Sciences,https://openalex.org/I4210142748
https://openalex.org/I96908189,1,Xinjiang University,education,China,Ürümqi,XJU,Xinjiang University; Xīnjiāng Dàxué; 新疆大学,37214,1259568,4.146614082720625,228,31072,http://en.wikipedia.org/wiki/Xinjiang_University,,,,
https://openalex.org/I4210149412,1,Second Affiliated Hospital of Anhui Medical University,healthcare,China,Hefei,,Second Affiliated Hospital of Anhui Medical University; Second Hospital of Anhui Medical University,9997,306850,3.2883526557023455,135,8052,,,,,
https://openalex.org/I4401200389,1,Dalian Naval Academy,education,China,Dalian,,Dalian Naval Academy; Dalian Naval Academy of the PLA; PLA Dalian Naval Academy; 中国人民解放军海军大连舰艇学院; 海军大连舰艇学院,2629,19203,1.7320512820512821,56,381,,,,,
https://openalex.org/I51296178,1,China Center of Advanced Science and Technology,facility,China,Beijing,CCAST,China Center of Advanced Science and Technology; 中国高等科学技术中心,7817,402519,2.122372881355932,215,8916,,,,National Natural Science Foundation of China; Ministry of Finance of the People's Republic of China,https://openalex.org/I102398690; https://openalex.org/I4210122102
https://openalex.org/I4392738303,1,Shanghai Institute of Pollution Control and Ecological Security,facility,China,Shanghai,,Shanghai Institute of Pollution Control and Ecological Security; 上海污染控制与生态安全研究院,5474,553824,11.643334223884585,237,9396,,,,,
https://openalex.org/I94625822,1,Northern University of Malaysia,education,Malaysia,Jitra,UUM,Northern University of Malaysia; Universiti Utara Malaysia; 馬來西亞北方大學,21387,391773,1.5340531561461794,184,8351,https://en.wikipedia.org/wiki/Universiti_Utara_Malaysia,,,,
https://openalex.org/I63354593,1,Sichuan Normal University,education,China,Chengdu,SICNU,Sichuan Normal University; 四川师范大学,16305,513373,4.208530805687204,203,12221,http://en.wikipedia.org/wiki/Sichuan_Normal_University,,,,
https://openalex.org/I75357094,1,National Yunlin University of Science and Technology,education,Taiwan,Douliu,,Guólì Yúnlín Kējì Dàxué; National Yunlin University of Science and Technology; YunTech,17003,495532,4.304074196753892,192,11314,http://en.wikipedia.org/wiki/National_Yunlin_University_of_Science_and_Technology,,,,
https://openalex.org/I4210134482,1,Nanjing Institute of Geography and Limnology,facility,China,Nanjing,NIGLAS,Geography Institute of China; Nanjing Institute of Geography and Limnology; 中国科学院南京地理与湖泊研究所,8795,776701,5.929393574987116,265,13578,,State Key Laboratory of Lake Science and Environment,https://openalex.org/I4391768240,Chinese Academy of Sciences,https://openalex.org/I19820366
https://openalex.org/I1285929390,1,Hubei University of Medicine,education,China,Shiyan,HUM,Hubei University of Medicine; Wuhan Medical College Yunyang School; 湖北医药学院,11530,484330,3.0930498773507766,178,11311,https://en.wikipedia.org/wiki/Hubei_University_of_Medicine,,,,
https://openalex.org/I4210134929,1,Jilin Province Science and Technology Department,government,China,Changchun,,Jilin Province Science and Technology Department,10129,256936,3.6051737653514504,133,6637,,,,,
https://openalex.org/I21491767,1,Aix-Marseille Université,education,France,Marseille,AMU,Aix-Marseille University; Aix-Marseille Université; Paul Cézanne University; University of Provence; University of the Mediterranean; Université d'Aix-Marseille,145927,11262111,2.311291584398167,792,156775,http://en.wikipedia.org/wiki/Aix-Marseille_University,"Institut des Mondes Africains; Bioénergétique et Ingénierie des Protéines; Institut de Chimie Radicalaire; Institut Pytheas; Centre de physique des particules de Marseille; Laboratoire d’Astrophysique de Marseille; Institut de Neurophysiopathologie; Centre Paul Albert-Février; Laboratoire Méditerranéen de Préhistoire Europe Afrique; Laboratoire Population Environnement Développement; Centre de Recherche et d’Enseignement de Géosciences de l’Environnement; Centro Internacional Franco-Argentino de Ciencias de la Información y de Sistemas; Laboratoire de Mécanique, Modélisation & Procédés Propres; Institut de Neurosciences des Systèmes; Institut des Matériaux, de Microélectronique et des Nanosciences de Provence; Theories and Approaches of Genomic Complexity; Biodiversité et Biotechnologie Fongiques; Laboratoire d’Informatique et Systèmes; Centre Norbert Elias; Institut de Biologie du Développement Marseille; Institut de Neurobiologie de la Méditerranée; Institut Fresnel; Laboratoire Chimie de l'Environnement; Laboratoire de Mécanique et d’Acoustique; Aix-Marseille Sciences Economiques; Institut des Sciences du Mouvement Etienne-Jules Marey; Institut de Recherche sur l'Architecture Antique; Unité de Neurobiologie des canaux Ioniques et de la Synapse; Institut de Mathématiques de Marseille; Institut de Neurosciences de la Timone; Centre de Résonance Magnétique Biologique et Médicale; Institut Méditerranéen de Biodiversité et d'Ecologie Marine et Continentale; Institut de Recherche sur les Phénomènes Hors Équilibre; Institut Universitaire des Systèmes Thermiques Industriels; Centre d’Immunologie de Marseille-Luminy; Centre de Recherche en Cancérologie de Marseille; Architecture et Fonction des Macromolécules Biologiques; Laboratoire d'Economie et de Sociologie du Travail; Station Marine d'Endoume; Physique des interactions ioniques et moléculaires; Institut Méditerranéen d’Océanologie; Institut des Sciences Moléculaires de Marseille; Laboratoire de Chimie Bactérienne; Génétique Médicale & Génomique Fonctionelle; Maison de l'Orient et de la Méditerranée Jean Pouilloux; Economic & Social Sciences, Health Systems & Medical Informatics; Centre de Physique Théorique; Fédération de Recherche PhotoVoltaïque; Centre Camille Jullian; Laboratoire Adhésion et inflammation; Nutrition, Obésité et Risque Thrombotique; Laboratoire Parole et Langage; Huma-Num; Irasia Recherche; Centre de recherche français à Jérusalem; Institut d'ethnologie méditerranéenne européenne et comparative; Maison Asie Pacifique; Droit International Comparé et Européen; Centre de Recherche et de Documentation sur l'Océanie (CREDO); Matériaux Divisés, Interfaces, Réactivité, Electrochimie; Institut de Recherches et d'Etudes sur les Mondes Arabes et Musulmans; Institut Méditerranéen des Sciences de l'Information et de la Communication; Centre International de Rencontres Mathématiques; Maison méditerranéenne des sciences de l'Homme; Laboratoire Information Génomique et Structurale; Centre d'Immunophénomique; Centre de Génétique Médicale de Marseille; Lasers, Plasmas et Procédés Photoniques; Temps, espaces, langages, Europe méridionale, Méditerranée; Laboratoire d'Archéologie Médiévale et Moderne en Méditerranée; Centre Gilles-Gaston Granger; OpenEdition Center; Laboratoire d'Ingénierie des Systèmes Macromoléculaires; Institut de Biosciences et biotechnologies d'Aix-Marseille; Étude des Structures, des Processus d’Adaptation et des Changements de l’Espace; Tara Oceans Systems Ecology & Evolution; Centre de Droit Social; Risques, écosystèmes, vulnérabilité, environnement, résilience; Centre de Recherche sur le Transport et la Logistique; Laboratoire de Psychologie Sociale; Centre Interdisciplinaire d'Etude des Littératures d'Aix-Marseille; Laboratoire Interdisciplinaire Environnement Urbanisme; Laboratoire d'Etudes en Sciences des Arts; Centre d'Etudes Fiscales et Financières; Centre d’Etudes et de Recherche sur les Services de Santé et la Qualité de Vie; Microbes Evolution Phylogénie et Infections; Centre de Calcul Intensif d'Aix-Marseille; Equipe sur les cultures et humanités anciennes et nouvelles germaniques et slaves; Apprentissage, Didactique, Évaluation, Formation; Recherche en Psychologie de la Connaissance, du Langage et de l'Émotion; Centre de Recherches Administratives; Laboratoire Interdisciplinaire de Droit des Médias et des Mutations Sociales; Laboratoire de droit immobilier et notarial privé et public; Centre de Droit Economique; Laboratoire de Théorie du Droit; Laboratoire de Psychologie Clinique, de Psychopathologie et de Psychanalyse; Centre Aixois d'Etudes Romanes; Laboratoire de Droit Privé et de Sciences Criminelles; Laboratoire d'Etude et de Recherche sur le Monde Anglophone; Laboratoire d'Imagerie Interventionnelle Expérimentale; Centre d'Etudes et de Recherches d'Histoire des Idées et des Institutions Politiques; Laboratoire Management Sport Cancer; Risques Infectieux Tropicaux Microorganismes EmergentS",https://openalex.org/I3018756631; https://openalex.org/I4210089214; https://openalex.org/I4210091534; https://openalex.org/I4210093025; https://openalex.org/I4210093936; https://openalex.org/I4210097422; https://openalex.org/I4210097886; https://openalex.org/I4210099532; https://openalex.org/I4210099576; https://openalex.org/I4210101889; https://openalex.org/I4210104942; https://openalex.org/I4210109384; https://openalex.org/I4210110037; https://openalex.org/I4210110495; https://openalex.org/I4210112016; https://openalex.org/I4210112918; https://openalex.org/I4210113008; https://openalex.org/I4210114274; https://openalex.org/I4210118234; https://openalex.org/I4210120427; https://openalex.org/I4210125028; https://openalex.org/I4210125985; https://openalex.org/I4210126129; https://openalex.org/I4210128689; https://openalex.org/I4210129108; https://openalex.org/I4210129871; https://openalex.org/I4210131420; https://openalex.org/I4210135663; https://openalex.org/I4210138206; https://openalex.org/I4210138220; https://openalex.org/I4210140159; https://openalex.org/I4210142374; https://openalex.org/I4210142713; https://openalex.org/I4210143353; https://openalex.org/I4210144005; https://openalex.org/I4210144608; https://openalex.org/I4210146787; https://openalex.org/I4210149947; https://openalex.org/I4210150974; https://openalex.org/I4210155062; https://openalex.org/I4210155331; https://openalex.org/I4210157339; https://openalex.org/I4210157660; https://openalex.org/I4210157800; https://openalex.org/I4210158534; https://openalex.org/I4210159661; https://openalex.org/I4210160215; https://openalex.org/I4210161484; https://openalex.org/I4210162739; https://openalex.org/I4210162817; https://openalex.org/I4210164276; https://openalex.org/I4210166510; https://openalex.org/I4387152282; https://openalex.org/I4387152389; https://openalex.org/I4387152464; https://openalex.org/I4387152705; https://openalex.org/I4387152911; https://openalex.org/I4387153659; https://openalex.org/I4387153906; https://openalex.org/I4387154002; https://openalex.org/I4387154052; https://openalex.org/I4387154073; https://openalex.org/I4387154239; https://openalex.org/I4387154704; https://openalex.org/I4387154720; https://openalex.org/I4387155156; https://openalex.org/I4387155458; https://openalex.org/I4387155462; https://openalex.org/I4387155700; https://openalex.org/I4387155718; https://openalex.org/I4387155928; https://openalex.org/I4387156132; https://openalex.org/I4387156207; https://openalex.org/I4387156330; https://openalex.org/I4387156460; https://openalex.org/I4389425412; https://openalex.org/I4405252417; https://openalex.org/I4405263741; https://openalex.org/I4405266845; https://openalex.org/I4405266980; https://openalex.org/I4405267008; https://openalex.org/I4405267065; https://openalex.org/I4405267075; https://openalex.org/I4405267080; https://openalex.org/I4405267116; https://openalex.org/I4405267177; https://openalex.org/I4405267199; https://openalex.org/I4405267235; https://openalex.org/I4405267355; https://openalex.org/I4405267414; https://openalex.org/I4405267443; https://openalex.org/I4405267530; https://openalex.org/I4405267546; https://openalex.org/I4405267570; https://openalex.org/I4405267577; https://openalex.org/I4405267589; https://openalex.org/I4405267756; https://openalex.org/I4405267814; https://openalex.org/I4405267867; https://openalex.org/I4405267913; https://openalex.org/I4405268002; https://openalex.org/I4405268796; https://openalex.org/I4405269175,,
https://openalex.org/I122411786,1,California Institute of Technology,education,United States,Pasadena,CIT,California Institute of Technology; Caltech; Instituto de Tecnología de California,245171,37175036,7.998148009109793,1856,258903,http://en.wikipedia.org/wiki/California_Institute_of_Technology,Jet Propulsion Laboratory; Caltech Submillimeter Observatory; Joint Center for Artificial Photosynthesis; Keck Institute for Space Studies; Infrared Processing and Analysis Center; Institute for Collaborative Biotechnologies; Resnick Sustainability Institute; Caltech Alumni Association,https://openalex.org/I1334627681; https://openalex.org/I2800228904; https://openalex.org/I4210156299; https://openalex.org/I4210163724; https://openalex.org/I4210167273; https://openalex.org/I4388482662; https://openalex.org/I4391012571; https://openalex.org/I4405256852,,
https://openalex.org/I68947357,1,Université de Strasbourg,education,France,Strasbourg,,Universitat d'Estrasburg; University of Strasbourg; Universität Straßburg; Université de Strasbourg,88280,7227547,3.518510208660534,663,108287,http://en.wikipedia.org/wiki/University_of_Strasbourg,"Institut Charles Sadron; Observatoire astronomique de Strasbourg; Institut Pluridisciplinaire Hubert Curien; EM Strasbourg Business School; Institut de génétique et de biologie moléculaire et cellulaire; Regenerative NanoMedicine; Archéologie et Histoire Ancienne : Méditerranée – Europe; Sociétés, Acteurs, Gouvernement en Europe; Nanomatériaux Pour les Systèmes Sous Sollicitations Extrêmes; Laboratoire de Chémo-biologie synthétique et thérapeutique; Institut de Science et d'Ingénierie Supramoléculaires; Institut de Chimie de Strasbourg; Laboratoire des Sciences de l'Ingénieur, de l'Informatique et de l'Imagerie; Institut de Biologie Moléculaire des Plantes; Laboratoire de Neurosciences Cognitives et Adaptatives; Laboratoire d'Innovation Thérapeutique; Institut des Neurosciences Cellulaires et Intégratives; Institut de Recherche Mathématique Avancée; Archives Henri-Poincaré - Philosophie et Recherches sur les Sciences et les Technologies; Santé de la Vigne et Qualité du Vin; Institut de Physique et Chimie des Matériaux de Strasbourg; Architecture et Réactivité de l'arN; Maison Interuniversitaire des Sciences de l'Homme; Institut de Chimie et Procédés pour l'Energie, l'Environnement et la Santé; Immunologie, Immunopathologie et Chimie Thérapeutique; Modèles Insectes de l'Immunité Innée; Biotechnologie et Signalisation Cellulaire; Laboratoire Image, Ville, Environnement; Génétique Moléculaire Génomique Microbiologie; Biomatériaux et Bioingénierie; Institut de Biologie Moléculaire et Cellulaire; Fédération de Recherche PhotoVoltaïque; Mitochondrie, stress oxydant et protection musculaire; Bureau d'Economie Théorique et Appliquée; Chronobiotron; Droit, religion, entreprise et société; Institut Terre & Environnement de Strasbourg; Institute for Translational Medicine and Liver Disease; Chimie de la Matière Complexe; Biologie et pharmacologie des plaquettes sanguines : hémostase, thrombose, transfusion; Laboratoire Interuniversitaire des Sciences de l'Education et de la Communication; École & Observatoire des Sciences de la Terre; Laboratoire d'innovation moléculaire et applications; Médecine Cardiovasculaire Translationnelle; Centre de recherches en philosophie allemande et contemporaine; Centre d'études internationales et européennes; Laboratoire de psychologie des cognitions; Théologie catholique et sciences religieuses; Savoirs dans l'espace anglophone : représentations, culture, histoire; Sport et sciences sociales; Laboratoire de pharmacologie et de toxicologie neurocardiovasculaire; Laboratoire de Génétique Médicale; Groupe d'études orientales, slaves et néo-helléniques; Subjectivité, lien social et modernité; Configurations littéraires; Laboratoire de recherche en gestion et économie; Neuroscience et Psychiatrie Translationnelle de Strasbourg; Linguistique, langues, parole; Immuno-Rhumathologie moléculaire; Approches contemporaines de la création et de la réflexion artistiques; Laboratoire interdisciplinaire en études culturelles; Diabète et thérapie cellulaire; Culture et histoire dans l'espace roman; Arts, civilisation et histoire de l'Europe; Humans and management in society; Centre d'analyse des rhétoriques religieuses de l'Antiquité; Mondes germaniques et nord-européens; Centre d'Études Internationales de la Propriété Intellectuelle; Théologie protestante; Centre de droit privé fondamental; Pathogens Host Arthropod Vectors Interfaces; Institut de recherches Carré de Malberg; Laboratoire de bioimagerie et pathologies; Plateforme nationale des données de recherche",https://openalex.org/I183225218; https://openalex.org/I2802106081; https://openalex.org/I2899451211; https://openalex.org/I38631343; https://openalex.org/I4210086872; https://openalex.org/I4210087124; https://openalex.org/I4210089340; https://openalex.org/I4210091016; https://openalex.org/I4210091713; https://openalex.org/I4210093067; https://openalex.org/I4210095283; https://openalex.org/I4210096046; https://openalex.org/I4210100283; https://openalex.org/I4210107907; https://openalex.org/I4210107935; https://openalex.org/I4210116974; https://openalex.org/I4210117903; https://openalex.org/I4210118362; https://openalex.org/I4210120589; https://openalex.org/I4210121720; https://openalex.org/I4210123402; https://openalex.org/I4210128885; https://openalex.org/I4210131241; https://openalex.org/I4210135868; https://openalex.org/I4210137205; https://openalex.org/I4210138494; https://openalex.org/I4210145673; https://openalex.org/I4210147109; https://openalex.org/I4210148000; https://openalex.org/I4210157221; https://openalex.org/I4210158086; https://openalex.org/I4210161484; https://openalex.org/I4210166217; https://openalex.org/I4210166604; https://openalex.org/I4387152384; https://openalex.org/I4387152466; https://openalex.org/I4387152652; https://openalex.org/I4387153412; https://openalex.org/I4387153550; https://openalex.org/I4387153899; https://openalex.org/I4387154247; https://openalex.org/I4387154617; https://openalex.org/I4387154897; https://openalex.org/I4392738053; https://openalex.org/I4394709078; https://openalex.org/I4394709096; https://openalex.org/I4394709101; https://openalex.org/I4394709118; https://openalex.org/I4394709126; https://openalex.org/I4394709136; https://openalex.org/I4394709138; https://openalex.org/I4394709158; https://openalex.org/I4394709160; https://openalex.org/I4394709173; https://openalex.org/I4394709180; https://openalex.org/I4394709182; https://openalex.org/I4394709185; https://openalex.org/I4394709197; https://openalex.org/I4394709198; https://openalex.org/I4394709206; https://openalex.org/I4394709209; https://openalex.org/I4394709218; https://openalex.org/I4394709229; https://openalex.org/I4394709230; https://openalex.org/I4394709253; https://openalex.org/I4394709262; https://openalex.org/I4394709264; https://openalex.org/I4394709277; https://openalex.org/I4394709278; https://openalex.org/I4394709280; https://openalex.org/I4396570567; https://openalex.org/I4405252407; https://openalex.org/I4405257448; https://openalex.org/I4405269514,,
https://openalex.org/I204512498,1,University of Macau,education,Macao,Macao,UM,Universidade de Macau; University of East Asia; University of Macau,47248,2405974,5.217897718231868,365,43156,http://en.wikipedia.org/wiki/University_of_Macau,University of Macau Advanced Research Institute in Hengqin,https://openalex.org/I4405265907,,
https://openalex.org/I4210143632,1,Tyndall Centre,other,United Kingdom,Norwich,,Tyndall Centre,3571,543440,4.4727722772277225,332,3104,https://en.wikipedia.org/wiki/Tyndall_Centre,,,,
https://openalex.org/I4210121447,1,Center for Excellence in Molecular Cell Science,facility,China,Shanghai,,Center for Excellence in Molecular Cell Science; Institute of Biochemistry and Cell Biology; 中科院分子细胞卓越创新中心,9859,1817448,9.871864406779661,442,21484,,,,Chinese Academy of Sciences,https://openalex.org/I19820366
https://openalex.org/I4210107953,1,Japan Lifeline (Japan),company,Japan,Tokyo,JLL,Japan Lifeline (Japan),265,6506,1.4895833333333333,41,125,,,,,
https://openalex.org/I4210164269,1,Shenzhen Nanshan Center for Chronic Disease Control,healthcare,China,Shenzhen,,Shenzhen Nanshan Center for Chronic Disease Control; 深圳南山区慢性病防治院,1967,60463,2.4361042183622827,88,1584,,,,,
https://openalex.org/I867306930,1,Power Grid Corporation (India),company,India,Gurgaon,,POWERGRID; Power Grid Corporation (India),5287,26359,0.6009053870529651,49,583,https://en.wikipedia.org/wiki/Power_Grid_Corporation_of_India,,,,
https://openalex.org/I2802974365,1,Shanghai Innovative Research Center of Traditional Chinese Medicine,facility,China,Shanghai,SIRC-TCM,National Innovation Center of TCM Modernization in Shanghai; Shanghai Innovative Research Center of Traditional Chinese Medicine; 上海中药创新研究中心,3304,163130,5.245681818181819,136,3922,https://en.wikipedia.org/wiki/Shanghai_Innovative_Research_Center_of_Traditional_Chinese_Medicine,,,,
https://openalex.org/I4210132426,1,Shanghai Fudan Microelectronics (China),company,China,Shanghai,,Shanghai Fudan Microelectronics (China); 上海复旦微电子集团股份有限公司,3686,201622,6.151365783528445,186,3703,,,,,
https://openalex.org/I4210138370,1,Liupanshui Normal University,education,China,Liupanshui,LPU,Liupanshui Normal University,2841,28606,2.916888652104422,64,766,,,,,
https://openalex.org/I4210105365,1,Qujing Normal University,education,China,Qujing,QJNU ,Qujing Normal University; 曲靖师范学院,7135,100618,1.9136150234741784,106,2411,,,,,
https://openalex.org/I212119943,1,University of Victoria,education,Canada,Victoria,,University of Victoria; Université de victoria; Victoria College,75619,5935271,4.0906661576636765,650,78638,http://en.wikipedia.org/wiki/University_of_Victoria,"Ocean Networks Canada Society; Bamfield Marine Sciences Centre; Pacific Institute for Climate Solutions; Canadian-Pacific Robotic Ocean Observing Facility; Canadian Integrated Ocean Observing System, Pacific Region",https://openalex.org/I2802200126; https://openalex.org/I2802902549; https://openalex.org/I4210094865; https://openalex.org/I4405255738; https://openalex.org/I4405262976,,
https://openalex.org/I4210122501,1,Hunan Xiangdian Test Research Institute (China),company,China,Changsha,,Hunan Provincial Electric Power High-tech Development Corporation; Hunan Provincial Xiangdian Experimental Research Institute; Hunan Xiangdian Test Research Institute (China); 湖南湘电测试研究所,2826,35421,1.9046353705343961,59,893,,,,,
https://openalex.org/I4210102412,1,Yan'an University,education,China,Shanxi,,Yan'an University; 延安大学,12584,268260,5.370463941203491,156,6376,,,,,
https://openalex.org/I4210087969,1,Guangzhou Center for Disease Control and Prevention,government,China,Guangzhou,GZCDC,Guangzhou Center for Disease Control and Prevention; Guangzhou City Health Inspection Center; Guangzhou Health and Epidemic Prevention Station; 广州市疾病预防控制中心,4350,224068,2.2704537334762414,202,3807,,,,,
https://openalex.org/I116953780,1,Tongji University,education,China,Shanghai,,Tongji University; Tongji-Universität; Tóngjì Dàxué; 同济大学; 同濟大學,191916,10669827,5.047157836644591,592,204335,http://en.wikipedia.org/wiki/Tongji_University,State Key Laboratory of Pollution Control and Resource Reuse; ENN-Tongji Advanced Institute of Clean Energy; State Key Laboratory of Concrete Materials Research; State Key Laboratory of Marine Geology; State Key Laboratory of Civil Engineering Disaster Prevention,https://openalex.org/I4210090489; https://openalex.org/I4210165173; https://openalex.org/I4391767652; https://openalex.org/I4391767744; https://openalex.org/I4391767914,,
https://openalex.org/I108688024,1,Qingdao University,education,China,Qingdao,,Qingdao University; Qīngdǎo Dàxué; 青岛大学,85747,4982365,5.277175527992692,443,103422,http://en.wikipedia.org/wiki/Qingdao_University,,,,
https://openalex.org/I4210108629,1,Computer Network Information Center,facility,China,Beijing,CNIC,Computer Network Information Center; 计算机网络信息中心,3781,121889,4.574952561669829,128,2041,,,,Chinese Academy of Sciences,https://openalex.org/I19820366
https://openalex.org/I80693520,1,American University in Cairo,education,Egypt,Cairo,AUC,American University in Cairo; Université Américaine du Caire; الجامعة الأمريكية بالقاهرة,11797,295963,3.305830583058306,166,6706,http://en.wikipedia.org/wiki/American_University_in_Cairo,American University in Cairo New York Office,https://openalex.org/I4210123647,,
https://openalex.org/I4210088511,1,Inner Mongolia Electric Power (China),company,China,Hohhot,,Inner Mongolia Electric Power (China); 内蒙古电力,6726,54179,1.8370875441373433,69,1330,,Inner Mongolia Electric Power Research Institute,https://openalex.org/I4405262981,,
https://openalex.org/I4210086248,1,Affiliated Hospital of Southwest Medical University,healthcare,China,Luzhou,,Affiliated Hospital of Southwest Medical University; 西南医科大学附属中医医院,13333,495547,3.585281847288251,187,12434,,,,,
https://openalex.org/I2800372957,1,China Electronics Technology Group Corporation,company,China,Beijing,CETC,China Electric Division; China Electronics Technology Group Corporation; 中国电子科技集团公司,12325,120500,1.7128792987188133,98,3017,https://en.wikipedia.org/wiki/China_Electronics_Technology_Group,Zhejiang Haikang Zhilian Science and Technology Co.,https://openalex.org/I4387153841,,
https://openalex.org/I107982497,1,Dalian Ocean University,education,China,Dalian,DOU,Dalian Ocean University; 大连海洋大学,10825,340362,2.757225906820601,144,9355,https://en.wikipedia.org/wiki/Dalian_Ocean_University,,,,
https://openalex.org/I55654194,1,Inner Mongolia University of Technology,education,China,Hohhot,IMUT,Inner Mongolia University of Technology; 内蒙古工业大学,11144,303327,4.129646149271484,125,8808,http://en.wikipedia.org/wiki/Inner_Mongolia_University_of_Technology,,,,
https://openalex.org/I4210114444,1,Meta (United States),company,United States,Menlo Park,FB,Facebook; Meta (United States); Meta Platforms,4295,631409,3.3360693114455082,299,3757,https://en.wikipedia.org/wiki/Meta_Platforms,Meta (Israel); Meta (United Kingdom),https://openalex.org/I2252078561; https://openalex.org/I4210111288,,
https://openalex.org/I4210142748,1,Shandong Academy of Sciences,education,China,Jinan,SDAS,Shandong Academy of Sciences; 山东省科学院,21322,1143938,5.192327611719444,220,28887,,Biology Institute of Shandong Academy of Sciences; Shandong Institute of Automation; Energy Research Institute; Laser Research Institute; Institute of New Materials,https://openalex.org/I4210086510; https://openalex.org/I4210094879; https://openalex.org/I4210094970; https://openalex.org/I4210150613; https://openalex.org/I4210160779,,
https://openalex.org/I4387153466,1,Weill Cornell Medicine,education,United States,New York,WCM,Weill Cornell Medicine,33053,2728400,5.699012526605952,583,32796,https://en.wikipedia.org/wiki/Weill_Cornell_Medicine,,,Cornell University,https://openalex.org/I205783295
https://openalex.org/I93477617,1,Huizhou University,education,China,Huizhou,,Huizhou College; Huizhou University; 惠州学院,7128,94947,3.3609413894546276,91,2502,http://en.wikipedia.org/wiki/Huizhou_University,,,,
https://openalex.org/I4210092223,1,Suzhou Vocational University,education,China,Suzhou,,Suzhou Vocational University; 苏州市职业大学,2864,11424,2.270955165692008,43,282,,,,,
https://openalex.org/I4210161699,1,Aviation General Hospital,healthcare,China,Beijing,AGH,Aviation General Hospital,1596,41141,3.8013371537726837,76,900,,,,,
https://openalex.org/I74525822,1,Hubei University of Technology,education,China,Wuhan,HBUT,Hubei University of Technology; 湖北工业大学,22125,778447,4.451368603267338,210,18665,http://en.wikipedia.org/wiki/Hubei_University_of_Technology,,,,
https://openalex.org/I9356336,1,Minnan Normal University,education,China,Zhangzhou,,Minnan Normal University; Zhangzhou Normal University; Zhāngzhōu Shīfàn Xuéyuàn; 闽南师范大学,6219,215345,4.074279615795091,159,4670,http://en.wikipedia.org/wiki/Zhangzhou_Normal_University,,,,
https://openalex.org/I3130751423,1,Shaoguan University,education,China,Shaoguan,SGU,Shaoguan Teachers College; Shaoguan University; 韶关学院,7666,86446,3.7671766342141866,108,2063,https://en.wikipedia.org/wiki/Shaoguan_University,,,,
https://openalex.org/I4210165845,1,Southwestern Institute of Physics,facility,China,Chengdu,SWIP,Southwestern Institute of Physics; 核工业西南物理研究院,5041,231048,2.749351323300467,126,6483,,,,,
https://openalex.org/I308837,1,Suzhou University of Science and Technology,education,China,Suzhou,,Suzhou University of Science and Technology; Sūzhōu kējì xuéyuàn; 苏州科技学院,24580,835818,6.0307855158117585,232,19263,https://en.wikipedia.org/wiki/Suzhou_University_of_Science_and_Technology,,,,
https://openalex.org/I4210153482,1,Changzhou University,education,China,Changzhou,CZU,Changzhou University; 常州大学,24550,1321065,5.7842926829268295,226,33903,,,,,
https://openalex.org/I2799486974,1,China Geological Survey,other,China,Beijing,CGS,China Geological Survey; Wuhan Institute of Geology and Mineral Resources; 中国地质调查局水文地质环境地质调查中心,17271,462567,2.585124992946222,185,10912,https://en.wikipedia.org/wiki/China_Geological_Survey,Guangzhou Marine Geological Survey; Qingdao Institute of Marine Geology,https://openalex.org/I4210090744; https://openalex.org/I4210116268,,
https://openalex.org/I4210144436,1,Shanghai Huayi Group (China),company,China,Shanghai,,Shanghai Huayi Group (China); 上海华谊（集团）公司,1373,14394,1.8381201044386424,51,329,https://en.wikipedia.org/wiki/Shanghai_Huayi_(Group)_Company,,,,
https://openalex.org/I4210103115,1,Xinjiang Institute of Ecology and Geography,facility,China,Ürümqi,XIEG,Xinjiang Institute of Ecology and Geography; 中国科学院新疆生态与地理研究所,15560,894370,4.56028427402694,257,18566,,Research Center for Ecology and Environment of Central Asia; State Key Laboratory of Desert and Oasis Ecology,https://openalex.org/I4210101675; https://openalex.org/I4391767780,Chinese Academy of Sciences,https://openalex.org/I19820366
https://openalex.org/I69356397,1,Xi’an Jiaotong-Liverpool University,education,China,Suzhou,XJTLU,Xi’an Jiaotong-Liverpool University; Xī’ān Jiāotōng Lìwùpǔ Dàxúe; 西交利物浦大学,18568,476117,3.970869062823086,225,9514,https://en.wikipedia.org/wiki/Xi%27an_Jiaotong-Liverpool_University,,,,
https://openalex.org/I57206974,1,New York University,education,United States,New York,NYU,New York University; Universidad de Nueva York; Université de New York,276809,26851176,3.8654854864358104,1383,269741,http://en.wikipedia.org/wiki/New_York_University,New York University Abu Dhabi; New York University Shanghai; New York University Press; Courant Institute of Mathematical Sciences; New York University Florence; New York University Paris; NYU Grossman Long Island School of Medicine,https://openalex.org/I120250893; https://openalex.org/I258800397; https://openalex.org/I2799442855; https://openalex.org/I36672615; https://openalex.org/I4210123063; https://openalex.org/I4210165353; https://openalex.org/I4405267893,,
https://openalex.org/I4210141966,1,China Academy of Railway Sciences,facility,China,Beijing,CARS,China Academy of Railway Sciences; 中国铁道科学研究院,5769,65923,2.034730002240645,83,1722,,State Key Laboratory of High-Speed Railway Track Technology; State Key Laboratory of EMU and Locomotive Traction and Control,https://openalex.org/I4391767865; https://openalex.org/I4391767972,,
https://openalex.org/I4401726822,1,Ping An (China),company,China,Shenzhen,,China Ping An; Ping An; Ping An (China); 中国平安; 中国平安保险集团; 中国平安保险（集团）股份有限公司; 平安金融,1244,41853,3.532228360957643,86,1015,,,,,
https://openalex.org/I5124864,1,École Polytechnique Fédérale de Lausanne,education,Switzerland,Lausanne,EPFL,EPF Lausanne; ETH Lausanne; Eidgenössische Technische Hochschule Lausanne; Federal Institute of Technology Lausanne; PF di Losanna; Politecnico Federale di Losanna; SPF Losanna; Scola politecnica federala Losanna; Swiss Federal Institute of Technology in Lausanne; École Polytechnique Fédérale de Lausanne,165446,19834880,4.998543297413037,1224,219066,http://en.wikipedia.org/wiki/%C3%89cole_Polytechnique_F%C3%A9d%C3%A9rale_de_Lausanne,Swiss Data Science Center; NCCR Chemical Biology - Visualisation and Control of Biological Processes Using Chemistry,https://openalex.org/I4210122261; https://openalex.org/I4210129591,Board of the Swiss Federal Institutes of Technology,https://openalex.org/I2799323385
https://openalex.org/I107077323,1,Worcester Polytechnic Institute,education,United States,Worcester,WPI,Worcester Polytechnic Institute,23825,1209960,2.530564989194196,351,18482,https://en.wikipedia.org/wiki/Worcester_Polytechnic_Institute,Massachusetts Academy of Math and Science at WPI,https://openalex.org/I2801099641,,
https://openalex.org/I4210156400,1,Department of Science and Technology of Hunan Province,government,China,Changsha,HSTD,Department of Science and Technology of Hunan Province; Hunan Provincial Science and Technology Department; 湖南省科学技术厅,1608,29404,4.280385078219013,69,732,,,,,
https://openalex.org/I4210126577,1,Shanghai Public Security Bureau,government,China,Shanghai,,Shanghai Public Security Bureau; 上海市公安局,3569,27943,1.543956043956044,67,741,,,,,
https://openalex.org/I4210143969,1,Ningbo Polytechnic,education,China,Ningbo,,Ningbo Polytechnic; 宁波职业技术学院,1687,18217,3.596685082872928,58,421,,,,Ministry of Education of the People's Republic of China,https://openalex.org/I1327237609
https://openalex.org/I31637741,1,Inner Mongolia University of Science and Technology,education,China,Baotou,IMUST,Baotou Steel and Iron Institute; Inner Mongolia University of Science and Technology; 内蒙古科技大学,10295,326965,3.75097885669538,142,8731,https://en.wikipedia.org/wiki/Inner_Mongolia_University_of_Science_and_Technology,,,,
https://openalex.org/I4210116579,1,Beijing Chemical Industry Research Institute (China),company,China,Beijinglu,,Beijing Chemical Industry Research Institute (China); 北京市化学工业研究院,2450,136291,7.326265389876881,142,2731,,,,,
https://openalex.org/I4210126065,1,Shanghai Electric (China),company,China,Shanghai,,Shanghai Electric (China); Shanghai Electric Group; 上海电气集团,18980,119305,0.9177692766644439,88,2724,https://en.wikipedia.org/wiki/Shanghai_Electric,,,,
https://openalex.org/I56934997,1,Changsha University of Science and Technology,education,China,Changsha,CSUT,Changsha University of Science and Technology; Chángshā Lǐgōng Dàxué; 长沙理工大学,30914,1065418,4.902200835043521,235,24270,https://en.wikipedia.org/wiki/Changsha_University_of_Science_and_Technology,,,,
https://openalex.org/I135237710,1,Zhejiang Normal University,education,China,Jinhua,ZJNU,Zhejiang Normal University; 浙江师范大学,34999,1767439,6.823076658763702,297,35107,https://en.wikipedia.org/wiki/Zhejiang_Normal_University,,,,
https://openalex.org/I169199633,1,Aston University,education,United Kingdom,Birmingham,,Aston University; Prifysgol Aston,37134,1810768,4.410054512416717,421,27294,http://en.wikipedia.org/wiki/Aston_University,,,,
https://openalex.org/I2802608112,1,Shanghai Chest Hospital,healthcare,China,Shanghai,,Shanghai Chest Hospital; Shanghai Red Cross Chest Hospital,8720,502754,4.2930747263208,215,10446,https://en.wikipedia.org/wiki/Shanghai_Chest_Hospital,,,,
https://openalex.org/I178169726,1,Southern Methodist University,education,United States,Dallas,SMU,Southern Methodist University; Universidad Metodista del Sur; Université méthodiste du sud,30862,2766514,5.182217757126711,495,32978,http://en.wikipedia.org/wiki/Southern_Methodist_University,,,,
https://openalex.org/I166337079,1,Queen Mary University of London,education,United Kingdom,London,QMUL,"Barts and The London School of Medicine and Dentistry; London Hospital Medical College; Medical College of St Bartholomew's Hospital; Queen Mary College; Queen Mary University of London; Queen Mary, Prifysgol Llundain; Westfield College",136619,13603976,4.58559275866404,982,151512,http://en.wikipedia.org/wiki/Queen_Mary_University_of_London,William Harvey Research Institute; Blizard Institute; Barts Cancer Institute,https://openalex.org/I4210149920; https://openalex.org/I4405263501; https://openalex.org/I4405264518,University of London,https://openalex.org/I124357947
https://openalex.org/I4210159420,1,Shanghai Children's Hospital,healthcare,China,Shanghai,,Shanghai Children's Hospital; Underprivileged Children's Hospital; 上海市儿童医院,4918,295502,2.4146682188591386,131,4233,https://en.wikipedia.org/wiki/Shanghai_Children%27s_Hospital,,,,
https://openalex.org/I241749,1,University of Cambridge,education,United Kingdom,Cambridge,,Cambridge University; Prifysgol Caergrawnt; University of Cambridge,447948,53825994,6.173925151736057,1824,488303,http://en.wikipedia.org/wiki/University_of_Cambridge,"MRC Human Nutrition Research; MRC Cognition and Brain Sciences Unit; Wellcome/MRC Cambridge Stem Cell Institute; Sedgwick Museum of Earth Sciences; The Gurdon Institute; Cancer Research UK Cambridge Center; Cambridge–MIT Institute; Hutchison/MRC Research Centre; The Cambridge Centre for Advanced Research and Education in Singapore; Wellcome/MRC Institute of Metabolic Science; MRC Biostatistics Unit; Cambridge University Press; Centre for the Observation and Modelling of Earthquakes, Volcanoes and Tectonics; MRC Epidemiology Unit; MRC Toxicology Unit; MRC Metabolic Diseases Unit; NIHR Cambridge Biomedical Research Centre; Cancer Imaging Centre; The Loke Centre for Trophoblast Research; Cambridge Centre for AI in Medicine; MRC Mitochondrial Biology Unit",https://openalex.org/I173004203; https://openalex.org/I192597271; https://openalex.org/I21196054; https://openalex.org/I2800645432; https://openalex.org/I2801782436; https://openalex.org/I4210089382; https://openalex.org/I4210093068; https://openalex.org/I4210106569; https://openalex.org/I4210106954; https://openalex.org/I4210116691; https://openalex.org/I4210134973; https://openalex.org/I4210135132; https://openalex.org/I4210147017; https://openalex.org/I4210158597; https://openalex.org/I4210159948; https://openalex.org/I4387153067; https://openalex.org/I4389425352; https://openalex.org/I4392738266; https://openalex.org/I4405263101; https://openalex.org/I4405265962; https://openalex.org/I79266365,,
https://openalex.org/I4210156555,1,Shandong Maternal and Child Health Hospital,healthcare,China,Jinan,,Shandong Maternal and Child Health Hospital; Shandong Maternity Hospital; 山东省妇幼保健院,1845,40146,2.600496277915633,70,1061,,,,,
https://openalex.org/I4210136826,1,Jining First People's Hospital,healthcare,China,Jining,,Jining First People's Hospital; Third Branch of Shandong Provincial Hospital; United Church of Christ Barco Gate Hospital; 济宁市第一人民医院,3473,109962,3.2262062859672422,100,2843,,,,,
https://openalex.org/I102882674,1,Beijing Institute of Fashion Technology,education,China,Beijing,BIFT,Beijing Institute of Fashion Technology; 北京服装学院,4140,85494,3.3614814814814813,106,2014,https://en.wikipedia.org/wiki/Beijing_Institute_of_Fashion_Technology,,,,
https://openalex.org/I4391767815,1,State Key Laboratory of Organometallic Chemistry,facility,China,Shanghai,,State Key Lab of Organometallic Chemistry; State Key Laboratory of Organometallic Chemistry; 金属有机化学国家重点实验室,649,74748,7.333333333333333,126,1063,,,,Shanghai Institute of Organic Chemistry,https://openalex.org/I4210112946
https://openalex.org/I922845939,1,Philadelphia University,education,United States,Philadelphia,,Philadelphia University; Université de philadelphie,44972,4086603,3.636217480268927,631,42670,http://en.wikipedia.org/wiki/Philadelphia_University,,,,
https://openalex.org/I5681781,1,The University of Adelaide,education,Australia,Adelaide,,Adelaide Uni; The University of Adelaide; University of Adelaide,151010,29891208,5.066892754396327,899,401146,http://en.wikipedia.org/wiki/University_of_Adelaide,,,,
https://openalex.org/I4210150072,1,Central Hospital of Zibo,healthcare,China,Zibo,,Central Hospital of Zibo; 淄博市中心医院,4610,107175,2.6031704095112285,91,2371,,,,,
https://openalex.org/I200769079,1,Hong Kong University of Science and Technology,education,Hong Kong,Hong Kong,HKUST,Hong Kong University of Science and Technology,94859,8623965,6.605461457138358,748,110617,http://en.wikipedia.org/wiki/Hong_Kong_University_of_Science_and_Technology,Institute of Molecular Functional Materials; HKUST Shenzhen Research Institute; Guangdong-Hongkong-Macau Joint Laboratory of Collaborative Innovation for Environmental Quality; Chinese National Engineering Research Center for Control and Treatment of Heavy Metal Pollution; Guangzhou HKUST Fok Ying Tung Research Institute,https://openalex.org/I4210094881; https://openalex.org/I4210096887; https://openalex.org/I4210107815; https://openalex.org/I4210140646; https://openalex.org/I4210159029,,
https://openalex.org/I55732556,1,Arizona State University,education,United States,Tempe,ASU,Arizona State University; Universidad Estatal de Arizona; Université d'État de l'Arizona,194971,14001348,3.571947645240294,968,167139,http://en.wikipedia.org/wiki/Arizona_State_University,Central Arizona–Phoenix Long Term Ecological Research; OpenTopography; Center for Digital Antiquity,https://openalex.org/I4387155030; https://openalex.org/I4394709161; https://openalex.org/I4405262469,Arizona's Public Universities,https://openalex.org/I3132585960
https://openalex.org/I4210136431,1,Shanghai Tongji Urban Planning and Design Institute,facility,China,Shanghai,,Shanghai Tongji Urban Planning and Design Institute; 上海同济城市规划设计研究院在同,4733,113380,4.951848667239897,125,2437,,,,,
https://openalex.org/I10535382,1,Chongqing University of Posts and Telecommunications,education,China,Chongqing,CQUPT,Chongqing University of Posts and Telecommunications; 重庆邮电大学,29965,759901,3.779727008279257,214,17799,http://en.wikipedia.org/wiki/Chongqing_University_of_Posts_and_Telecommunications,,,,
https://openalex.org/I55060895,1,University of Greenwich,education,United Kingdom,London,,University of Greenwich,21355,779127,2.5294447560291644,272,13253,http://en.wikipedia.org/wiki/University_of_Greenwich,,,,
https://openalex.org/I4210090535,1,Renewable Energy Systems (United Kingdom),company,United Kingdom,Kings Langley,RES,RES Group; Renewable Energy Systems (United Kingdom),843,60500,3.9224806201550386,113,875,https://en.wikipedia.org/wiki/Renewable_Energy_Systems,Renewable Energy Systems (United States),https://openalex.org/I4210137149,,
https://openalex.org/I73613424,1,National Institute of Advanced Industrial Science and Technology,government,Japan,Tsukuba,AIST,National Institute of Advanced Industrial Science and Technology; Sangyō Gijutsu Sōgō Kenkyū-sho; 産業技術総合研究所,97224,6934437,2.369259886442873,663,113332,http://en.wikipedia.org/wiki/National_Institute_of_Advanced_Industrial_Science_and_Technology,Geological Survey of Japan,https://openalex.org/I4210135230,,
https://openalex.org/I52099693,1,University of York,education,United Kingdom,York,,Prifysgol Efrog; University of York,102201,7539216,2.863330843913368,740,85077,http://en.wikipedia.org/wiki/University_of_York,Stockholm Environment Institute; ORFEO-CINQA Research Network; Archaeology Data Service,https://openalex.org/I4210102089; https://openalex.org/I4210143641; https://openalex.org/I4387156228,,
https://openalex.org/I4210102046,1,Health Commission of Anhui Province,government,China,Hefei,,Health Commission of Anhui Province; 安徽省卫生健康委员会,702,13734,5.573584905660377,57,334,,,,,
https://openalex.org/I50760025,1,Hangzhou Dianzi University,education,China,Hangzhou,HDU,Hangzhou Dianzi University; Hangzhou Institute of Electrical Engineering; Hángzhōu diànzǐ kējì dàxué; 杭州电子科技大学,37379,1238291,4.158336373586282,254,28608,http://en.wikipedia.org/wiki/Hangzhou_Dianzi_University,,,,
https://openalex.org/I4210151935,1,Dahua Technology (China),company,China,Hangzhou,,Dahua Technology (China),809,13449,2.3676975945017182,49,228,https://en.wikipedia.org/wiki/Dahua_Technology,,,,
https://openalex.org/I4210120291,1,Linzi District People's Hospital,healthcare,China,Zibo,,Linzi District People's Hospital,473,8755,1.392,44,208,,,,,
https://openalex.org/I68581759,1,China Academy of Launch Vehicle Technology,facility,China,Beijing,CALT,China Academy of Launch Vehicle Technology; 中国运载火箭技术研究院,4866,82538,2.7452943532238687,104,1931,https://en.wikipedia.org/wiki/China_Academy_of_Launch_Vehicle_Technology,,,,
https://openalex.org/I204722609,1,Queen's University,education,Canada,Kingston,,Queen's College at Kingston; Queen's University,121254,8197289,3.155510190642389,766,110001,http://en.wikipedia.org/wiki/Queen's_University,Bader College,https://openalex.org/I4403386743,,
https://openalex.org/I52604927,1,PLA Army Service Academy,education,China,Chongqing,,Logistical Engineering University of PLA; PLA Army Service Academy; University of Logistics; 中国人民解放军后勤工程学院,3893,80804,2.431627196333079,105,1825,https://en.wikipedia.org/wiki/PLA_Army_Service_Academy,,,,
https://openalex.org/I2252078561,1,Meta (Israel),company,Israel,Tel Aviv,,Meta (Israel),6098,1561083,5.406548431105048,439,5083,https://en.wikipedia.org/wiki/Meta_Platforms,,,Meta (United States),https://openalex.org/I4210114444
https://openalex.org/I67479561,1,Australian Wine Research Institute,facility,Australia,Adelaide,AWRI,Australian Wine Research Institute,3057,359896,3.8331071913161465,214,5230,https://en.wikipedia.org/wiki/Australian_Wine_Research_Institute,,,,
https://openalex.org/I98813999,1,American College of Surgeons,other,United States,Chicago,ACS,American College of Surgeons,7138,580395,4.1016260162601625,296,6702,https://en.wikipedia.org/wiki/American_College_of_Surgeons,,,,
https://openalex.org/I4210148186,1,Google (Canada),company,Canada,Waterloo,,Google (Canada),328,156210,11.779411764705882,71,210,https://en.wikipedia.org/wiki/Google,,,Google (United States),https://openalex.org/I1291425158
https://openalex.org/I111599522,1,Jiangnan University,education,China,Wuxi,JU,Jiangnan University; Jiāngnán Dàxué; Southern Yangtze University; 江南大学,75417,5565751,5.809107884327166,380,120557,https://en.wikipedia.org/wiki/Jiangnan_University,State Key Laboratory of Food Science and Technology,https://openalex.org/I4210152154,,
https://openalex.org/I4210109544,1,Second Institute of Oceanography,facility,China,Hangzhou,SIOSOA,Second Institute of Oceanography; 国家海洋局第二海洋研究所创建于,8053,336658,2.5259222333000997,178,7846,,State Key Laboratory of Satellite Ocean Environment Dynamics,https://openalex.org/I4391767716,,
https://openalex.org/I4210122302,1,ShangHai JiAi Genetics & IVF Institute,healthcare,China,Shanghai,,ShangHai JiAi Genetics & IVF Institute; Shanghai Aizethe Genetic and Infertility Treatment Center; 上海吉爱遗传与体外受精研究所,1610,99002,9.875265768958185,131,1626,,,,,
https://openalex.org/I4210154630,1,Karamay Central Hospital of Xinjiang,healthcare,China,Xinjiang,,Karamay Central Hospital of Xinjiang; 克拉玛依市中心医院,2516,44130,2.0213815789473686,74,1170,,,,,
https://openalex.org/I4210119392,1,Institute of Microelectronics,facility,China,Beijing,IMEACAS,Institute of Microelectronics; 中国科学院微电子研究所,20523,1258019,4.109734376210021,314,25573,,,,Chinese Academy of Sciences,https://openalex.org/I19820366
https://openalex.org/I18570673,1,Guangxi University of Science and Technology,education,China,Liuzhou,GXUST,Guangxi Institute of Petroleum and Chemical Engineering; Guangxi Light Industry College; Guangxi Mechanical Engineering College; Guangxi University of Science and Technology; Guangxi University of Technology; 广西科技大学,10578,179007,3.6421289837965447,130,4768,https://en.wikipedia.org/wiki/Guangxi_University_of_Technology,,,,
https://openalex.org/I156144747,1,Harbin Medical University,education,China,Harbin,HMU,Harbin Medical University; Hāěrbīn Yīkē Dàxué; 哈尔滨医科大学,57782,4611028,4.0734958381191415,461,92831,https://en.wikipedia.org/wiki/Harbin_Medical_University,,,,
https://openalex.org/I4210165815,1,Hangzhou Cancer Hospital,healthcare,China,Hangzhou,,Hangzhou Cancer Hospital; 杭州市肿瘤医院,2598,107180,3.9728906487968323,104,1750,,,,,
https://openalex.org/I9341345,1,University of Lübeck,education,Germany,Lübeck,,University of Luebeck; University of Lübeck; Universität zu Lübeck,69900,5715082,2.725670149931849,827,73975,http://en.wikipedia.org/wiki/University_of_L%C3%BCbeck,,,,
https://openalex.org/I152031979,1,Nanjing Normal University,education,China,Nanjing,NNU,"Nanjing Normal University; Nánjīng Shīfàn Dàxu; Teacher's College, Nanjing University; 南京师范大学",54019,2812005,4.558028224612651,395,55835,https://en.wikipedia.org/wiki/Nanjing_Normal_University,Jiangsu Center for Collaborative Innovation in Geographical Information Resource Development and Application; Nanjing Normal University Taizhou College,https://openalex.org/I4210141657; https://openalex.org/I4403386495,,
https://openalex.org/I60205797,1,Abilene Christian University,education,United States,Abilene,ACU,Abilene Christian University; Universidad Cristiana de Abilene,3212,1049512,6.281907433380084,421,7575,http://en.wikipedia.org/wiki/Abilene_Christian_University,,,,
https://openalex.org/I152238500,1,Chosun University,education,South Korea,Gwangju,,Chosun University; 조선대학교,21614,816208,3.2395031490552832,203,18650,http://en.wikipedia.org/wiki/Chosun_University,Chosun University Hospital; Chosun University Dental Hospital,https://openalex.org/I4210101795; https://openalex.org/I4210106547,,
https://openalex.org/I4210124657,1,Panyu District Central Hospital,healthcare,China,Guangzhou,,Panyu District Central Hospital,1526,40652,3.562351072279587,74,1149,,,,,
https://openalex.org/I149594827,1,Xidian University,education,China,Xi'an,,University of Electronic Science and Technology at Xi'an; Xidian University; Xīān Diànzǐ Kējì Dàxué; 西安电子科技大学,84577,3711015,3.734204451537519,381,80966,https://en.wikipedia.org/wiki/Xidian_University,State Key Laboratory of Integrated Service Network Theory and Key Technology,https://openalex.org/I4391768029,,
https://openalex.org/I3018397418,1,Yuhuangding Hospital,healthcare,China,Yantai,,Yantai Yuhuangding Hospital; Yuhuangding Hospital; 烟台毓璜顶医院,7803,250265,2.6826643397324026,122,7188,,,,,
https://openalex.org/I96852419,1,Capital Normal University,education,China,Beijing,CNU,Capital Normal University; Shǒudū Shīfàn Dàxué; 首都师范大学,25470,934006,3.206075044669446,249,20140,http://en.wikipedia.org/wiki/Capital_Normal_University,,,,
https://openalex.org/I92582371,1,Southern Taiwan University of Science and Technology,education,Taiwan,Tainan City,STUST,Nántái Kējì Dàxu; Southern Taiwan University of Science and Technology,7098,186554,1.937299035369775,140,4441,http://en.wikipedia.org/wiki/Southern_Taiwan_University_of_Science_and_Technology,,,,
https://openalex.org/I1456306,1,North China University of Technology,education,China,Beijing,,North China University of Technology; 北方工业大学,13700,208494,2.3159951894167166,138,4832,https://en.wikipedia.org/wiki/North_China_University_of_Technology,,,,
https://openalex.org/I74837319,1,Jiangxi Agricultural University,education,China,Nanchang,JXAU,Jiangxi Agricultural University; Jiāngxī Nóngyè Dàxué; 江西农业大学,16680,725631,2.927305049728535,202,17715,http://en.wikipedia.org/wiki/Jiangxi_Agricultural_University,,,,
https://openalex.org/I4210161892,1,First People's Hospital of Chongqing,healthcare,China,Chongqing,,Chongqing First People's Hospital; Chongqing Integrated Chinese and Western Medicine Hospital; First People's Hospital of Chongqing; 重庆市第一人民医院,7802,187367,2.9801628253640637,137,4072,,,,,
https://openalex.org/I68986083,1,Northwest Normal University,education,China,Lanzhou,,Northwest Normal University; Xīběi Shīfàn Dàxué; 西北师范大学,28748,1224493,4.461876372764356,232,29625,http://en.wikipedia.org/wiki/Northwest_Normal_University,,,,
https://openalex.org/I98834328,1,Wuyi University,education,China,Wuyishan,WYU,Wuyi University; 武夷学院,8911,236093,4.946165809307334,146,5608,https://en.wikipedia.org/wiki/Wuyi_University,,,,
https://openalex.org/I4210158522,1,PLA Academy of Military Science,facility,China,Beijing,AMS,PLA Academy of Military Science; 中国人民解放军军事科学院,3490,66103,2.863551898062118,80,1838,https://en.wikipedia.org/wiki/PLA_Academy_of_Military_Science,,,,
https://openalex.org/I4210107833,1,Maschinenfabrik Reinhausen (Germany),company,Germany,Regensburg,MR,Maschinenfabrik Reinhausen (Germany),277,6756,2.513888888888889,37,92,,,,,
https://openalex.org/I20581793,1,University of Kent,education,United Kingdom,Canterbury,,University of Kent; University of Kent at Canterbury,54884,2113752,3.42282136468183,421,33653,http://en.wikipedia.org/wiki/University_of_Kent,Kent and Medway Medical School,https://openalex.org/I4387152671,,
https://openalex.org/I186143895,1,Lehigh University,education,United States,Bethlehem,,Lehigh University; Universidad de Lehigh,42997,2278890,3.796934363946024,454,33599,http://en.wikipedia.org/wiki/Lehigh_University,,,,
https://openalex.org/I20616075,1,Qinghai Normal University,education,China,Xining,QHNU,Qing Normal University; Qinghai Normal University; 青海师范大学,7886,108559,2.604590505998957,98,2956,https://en.wikipedia.org/wiki/Qinghai_Normal_University,,,,
https://openalex.org/I84392919,1,Temple University,education,United States,Philadelphia,,Temple University; Universidad de Temple,101374,6807015,3.082915738678545,697,92315,http://en.wikipedia.org/wiki/Temple_University,Temple University Ambler,https://openalex.org/I2800733455,,
https://openalex.org/I40120149,1,University of Oxford,education,United Kingdom,Oxford,,Oxford University; Prifysgol Rhydychen; University of Oxford,595409,63488047,4.6796382843394815,2073,566778,http://en.wikipedia.org/wiki/University_of_Oxford,"Centre for Human Genetics; Oxford University Press (United Kingdom); Medawar Building for Pathogen Research; Wellcome Centre for Integrative Neuroimaging; CRUK/MRC Oxford Institute for Radiation Oncology; MRC Brain Network Dynamics Unit; MRC Weatherall Institute of Molecular Medicine; MRC Human Immunology Unit; Mahidol Oxford Tropical Medicine Research Unit; Oxford Centre for Diabetes, Endocrinology and Metabolism; Centre for the Observation and Modelling of Earthquakes, Volcanoes and Tectonics; Oxford University Clinical Research Unit; Cancer Research UK Oxford Centre; Wellcome Centre for Ethics and Humanities; MRC Molecular Haematology Unit; MRC Population Health Research Unit; John Adams Institute for Accelerator Science; MRC Centre of Research Excellence in Restorative Neural Dynamics; Kennedy Institute of Rheumatology",https://openalex.org/I1336263701; https://openalex.org/I2802626578; https://openalex.org/I4210100268; https://openalex.org/I4210101881; https://openalex.org/I4210106471; https://openalex.org/I4210108304; https://openalex.org/I4210110594; https://openalex.org/I4210124851; https://openalex.org/I4210126604; https://openalex.org/I4210129944; https://openalex.org/I4210147017; https://openalex.org/I4210150114; https://openalex.org/I4210158028; https://openalex.org/I4210162189; https://openalex.org/I4387152343; https://openalex.org/I4387153988; https://openalex.org/I4400008925; https://openalex.org/I4405263025; https://openalex.org/I4405264228,,
https://openalex.org/I38706770,1,Guilin University of Technology,education,China,Guilin,GUT,Guilin University of Technology; 桂林理工大学,22583,844865,4.469771522294694,189,22084,https://en.wikipedia.org/wiki/Guilin_University_of_Technology,,,,
https://openalex.org/I13985625,1,East China Jiaotong University,education,China,Nanchang,ECJTU,East China Jiaotong University; Shanghai Railway Institute; 华东交通大学,15763,389192,4.043342308694519,160,9573,https://en.wikipedia.org/wiki/East_China_Jiaotong_University,,,,
https://openalex.org/I4385474403,1,Changchun University of Technology,education,China,Changchun,CCUT,Changchun University of Technology; 长春工业大学,11806,472507,5.023402340234023,164,12229,,,,,
https://openalex.org/I48168531,1,South University,education,United States,Savannah,,South University,4309,226028,3.376518218623482,188,3460,https://en.wikipedia.org/wiki/South_University,,,,
https://openalex.org/I185103710,1,"University of California, Santa Cruz",education,United States,Santa Cruz,UCSC,"UC Santa Cruz; Universidad de California en Santa Cruz; University of California, Santa Cruz; Université de Californie à Santa Cruz",77317,12150275,5.562467484206615,1093,102524,"http://en.wikipedia.org/wiki/University_of_California,_Santa_Cruz",QB3,https://openalex.org/I103922791,University of California System,https://openalex.org/I2803209242
https://openalex.org/I4210159876,1,Institute of Physics,facility,China,Beijing,IOP,Institute of Applied Physics of the Chinese Academy of Sciences; Institute of Physics; 中国科学院物理研究所,37162,5098965,10.551437542325925,676,69086,,Songshan Lake Materials Laboratory; National Laboratory for Superconductivity; State Key Laboratory of Magnetism,https://openalex.org/I4210114608; https://openalex.org/I4210164793; https://openalex.org/I4391767957,Chinese Academy of Sciences,https://openalex.org/I19820366
https://openalex.org/I75920027,1,Shaanxi University of Chinese Medicine,education,China,Xianyang,,Shaanxi University of Chinese Medicine; 陕西中医学院,7520,166731,3.1712176375404533,98,4866,https://en.wikipedia.org/wiki/Shaanxi_University_of_Chinese_Medicine,,,,
https://openalex.org/I4210093460,1,Sixth Affiliated Hospital of Sun Yat-sen University,healthcare,China,Guangzhou,,Gastrointestinal and Anal Hospital; Guangdong Gastrointestinal Hospital; Sixth Affiliated Hospital of Sun Yat-sen University; Zhongshan Six Hospital; 中山大学附属第六医院,8803,450631,3.8745594028612897,210,9464,,,,,
https://openalex.org/I4210130009,1,Shenzhen Institute of Building Research (China),company,China,Shenzhen,,Shenzhen Institute of Building Research (China); 深圳市建筑科学研究院股份有限公司,687,11724,4.60806916426513,47,271,,,,,
https://openalex.org/I4210113495,1,Children's Hospital of Zhejiang University,healthcare,China,Hangzhou,,Children's Hospital of Zhejiang University,8107,341466,2.6573826783670356,164,8328,,,,,
https://openalex.org/I4210106451,1,Jinan Central Hospital,healthcare,China,Jinan,,Jinan Central Hospital; Jinan Central Hospital Affiliated to Shandong University; 济南市中心医院,5280,181467,3.514038310154815,122,4282,,,,,
https://openalex.org/I1315279114,1,Zhejiang Wanli University,education,China,Ningbo,ZWU,Zhejiang Wanli University; ZhèJiāng Wànli Xuéyuàn; 浙江万里学院,6537,107350,4.446107784431137,113,2660,http://en.wikipedia.org/wiki/Zhejiang_Wanli_University,,,,
https://openalex.org/I4210152216,1,Guangdong Food and Drug Vocational College,education,China,Guangzhou,,Guangdong Food and Drug Vocational College; 广东食品药品职业学院,1594,21822,1.8484848484848484,69,523,,,,,
https://openalex.org/I4210128932,1,Cygnus (United States),company,United States,Rockville,,Cygnus (United States),211,17580,0.9333333333333333,66,210,,,,,
https://openalex.org/I4210148107,1,Space Engineering University,education,China,Beijing,,Space Engineering University; 中国人民解放军战略支援部队航天工程大学,5279,97828,2.1035335175221754,93,2497,,,,,
https://openalex.org/I4210125137,1,First Hospital of Jilin University,healthcare,China,Changchun,,First Hospital of Jilin University; 吉林大学第一医院,25405,1439509,4.432380516807683,285,32800,,,,,
https://openalex.org/I4391767678,1,State Key Laboratory of Hydraulics and Mountain River Engineering,facility,China,Chengdu,,State Key Lab of Hydraulics and Mountain River Engineering; State Key Laboratory of Hydraulics and Mountain River Engineering; 水力学与山区河流开发保护国家重点实验室,5128,398186,7.368692888359158,212,8160,,,,Sichuan University,https://openalex.org/I24185976
https://openalex.org/I1305126327,1,Zibo Vocational Institute,education,China,Zibo,,Zibo Vocational Institute,2467,10378,2.265375854214123,43,280,https://en.wikipedia.org/wiki/Zibo_Vocational_Institute,,,,
https://openalex.org/I51768193,1,Royal Military College of Canada,education,Canada,Kingston,RMC; RMCC,Collège Militaire Royal du Canada; Royal Military College of Canada,11559,384917,2.4617809298660362,208,6683,http://en.wikipedia.org/wiki/Royal_Military_College_of_Canada,,,,
https://openalex.org/I103635307,1,"University of California, Riverside",education,United States,Riverside,UCR,"UC Riverside; Universidad de California en Riverside; University of California, Riverside; Université de Californie à Riverside",104480,10697695,3.7591847578563837,852,131458,"http://en.wikipedia.org/wiki/University_of_California,_Riverside",,,University of California System,https://openalex.org/I2803209242
https://openalex.org/I4210092230,1,Beijing Shijingshan Hospital,healthcare,China,Beijing,,Beijing Shijingshan Hospital; 北京市石景山医院,1215,23965,2.8046357615894038,57,693,,,,,
https://openalex.org/I4391768149,1,Shanghai Synchrotron Radiation Facility,facility,China,Shanghai,SSRF,Shanghai Synchrotron Radiation Facility; 上海光源; 上海同步辐射光源,797,48895,7.899581589958159,105,821,https://zh.wikipedia.org/wiki/%E4%B8%8A%E6%B5%B7%E5%85%89%E6%BA%90,,,,
https://openalex.org/I4210109313,1,Zhengzhou City Hospital,healthcare,China,Zhengzhou,,Zhengzhou City Hospital; Zhengzhou Red Cross Hospital; Zhengzhou Traditional Chinese Medicine Hospital; 郑州市中医院,1481,24860,2.0510752688172045,65,638,,,,,
https://openalex.org/I98301712,1,Baidu (China),company,China,Beijing,,Baidu; Baidu (China); Baidu Inc; 百度,6536,448792,14.122667482410524,282,5417,https://en.wikipedia.org/wiki/Baidu,,,,
https://openalex.org/I4210103745,1,Changji University,education,China,Changji,,Changji University; 昌吉学院,1712,25422,2.477653631284916,64,636,,,,,
https://openalex.org/I199305430,1,Nantong University,education,China,Nantong,,Nantong University; Nantong University Affiliated Tumor Hospital; Nántōng Dàxué; 南通大学,56502,2271963,3.8499524843877273,261,58809,https://en.wikipedia.org/wiki/Nantong_University,,,,
https://openalex.org/I118803816,1,Liaoning University,education,China,Shenyang,,Liaoning University; Liáoníng Dàxué; 辽宁大学,18616,707078,4.171912398276687,203,16668,http://en.wikipedia.org/wiki/Liaoning_University,,,,
https://openalex.org/I98381234,1,University of Oulu,education,Finland,Oulu,,Oulun yliopisto; University of Oulu,75680,5849916,3.314656193926262,631,86624,http://en.wikipedia.org/wiki/University_of_Oulu,,,,
https://openalex.org/I75955062,1,Henan Normal University,education,China,Xinxiang,,Henan Normal University; 河南师范大学,29332,1567745,4.02722720321449,281,35496,https://en.wikipedia.org/wiki/Henan_Normal_University,,,,
https://openalex.org/I4210092495,1,Suzhou Institute of Nano-tech and Nano-bionics,facility,China,Suzhou,SINANO,Suzhou Institute of Nano-tech and Nano-bionics; 中国科学院苏州纳米技术与纳米仿生研究所,8610,1303894,8.583634175691937,360,20029,,,,Chinese Academy of Sciences,https://openalex.org/I19820366
https://openalex.org/I26080491,1,Kunming Medical University,education,China,Kunming,KMU,Kunming Medical College; Kunming Medical University; 昆明医科大学,33164,1147045,2.7513283028977096,238,28829,https://en.wikipedia.org/wiki/Kunming_Medical_University,,,,
https://openalex.org/I4210106134,1,Guangzhou Vocational College of Science and Technology,education,China,Guangzhou,,Guangzhou Science and Technology Vocational College; Guangzhou Vocational College of Science and Technology; 广州科技职业技术学院,4571,22800,2.2803312629399586,57,540,,,,,
https://openalex.org/I52180223,1,Hunan Agricultural University,education,China,Changsha,HAU,Hunan Agricultural University; 湖南农业大学,24272,1332011,4.678238361691599,283,27847,https://en.wikipedia.org/wiki/Hunan_Agricultural_University,,,,
https://openalex.org/I94339441,1,Western Kentucky University,education,United States,Bowling Green,WKU,Western Kentucky University,12844,345779,1.995730145175064,212,5964,http://en.wikipedia.org/wiki/Western_Kentucky_University,,,,
https://openalex.org/I4391767740,1,State Key Laboratory of Rare Metal Separation and Comprehensive Utilization,facility,China,Guangzhou,,State Key Lab of Rare Metal Separation and Comprehensive Utilization; State Key Laboratory of Rare Metal Separation and Comprehensive Utilization; 稀有金属分离与综合利用国家重点实验室,53,2235,5.166666666666667,26,81,,,,Guangzhou Research Institute of Non-ferrous Metals,https://openalex.org/I4210106399
https://openalex.org/I4210099312,1,Shandong Jiaotong University,education,China,Jinan,,Shandong Communications College; Shandong Jiaotong University,7276,136487,3.65304755525787,121,2830,,,,,
https://openalex.org/I4210111446,1,A. Alfred Taubman Health Care Center,healthcare,United States,Ann Arbor,,A. Alfred Taubman Health Care Center,3201,231691,2.39917695473251,209,3306,,,,Michigan Medicine,https://openalex.org/I4210114445
https://openalex.org/I4210106882,1,Wuhan Institute of Virology,facility,China,Wuhan,WIV,Wuhan Institute of Microbiology; Wuhan Institute of Virology; 中国科学院武汉病毒研究所,6148,1693418,4.941737507775244,370,13368,,State Key Laboratory of Virology,https://openalex.org/I4391768268,Chinese Academy of Sciences,https://openalex.org/I19820366
https://openalex.org/I42894916,1,Data61,other,Australia,Sydney,NICTA,Australia's Information and Communications Technology; Data61; National ICT Australia,16639,846084,5.715354586857515,316,13409,,,,Commonwealth Scientific and Industrial Research Organisation,https://openalex.org/I1292875679
https://openalex.org/I55285296,1,UCSI University,education,Malaysia,Kuala Lumpur,,UCSI University; Universiti UCSI,10963,288392,3.666514598540146,189,5307,https://en.wikipedia.org/wiki/UCSI_University,,,,
https://openalex.org/I4210089382,1,Cancer Research UK Cambridge Center,facility,United Kingdom,Cambridge,CCC,Cancer Research UK Cambridge Center,3692,1100757,4.191063174114022,484,5906,,,,University of Cambridge; Cancer Research UK,https://openalex.org/I241749; https://openalex.org/I2801316944
https://openalex.org/I4210147114,1,Hebei Academy of Sciences,education,China,Shijiazhuang,,Hebei Academy of Sciences; 河北科学院,2086,55864,3.2055596196049745,83,1296,,Hebei Research Institute of Microbiology,https://openalex.org/I4210090360,,
https://openalex.org/I4210156904,1,Third Xiangya Hospital,healthcare,China,Changsha,,Third Xiangya Hospital; Third Xiangya Hospital of Central South University; 中南大学湘雅三医院-门急诊楼,14266,898172,3.8726516670379447,253,19250,,,,,
https://openalex.org/I185261750,1,University of Toronto,education,Canada,Toronto,,University of Toronto; Université de Toronto,554009,58620827,4.394952174352865,1782,654374,https://en.wikipedia.org/wiki/University_of_Toronto,Ted Rogers Centre for Heart Research; Canadian Institute for Theoretical Astrophysics; AGE-WELL; Sunnybrook Research Institute; Fields Institute for Research in Mathematical Sciences,https://openalex.org/I4210091032; https://openalex.org/I4210110940; https://openalex.org/I4388891821; https://openalex.org/I4391768120; https://openalex.org/I9267121,,
