Author,OA_ID,unique_affiliation_count,affiliation-2026,ID-2026,affiliation-2025,ID-2025,affiliation-2024,ID-2024,affiliation-2023,ID-2023,affiliation-2022,ID-2022,affiliation-2021,ID-2021,affiliation-2020,ID-2020,affiliation-2019,ID-2019,affiliation-2018,ID-2018,affiliation-2017,ID-2017,affiliation-2016,ID-2016,affiliation-2015,ID-2015,affiliation-2014,ID-2014,affiliation-2013,ID-2013,affiliation-2012,ID-2012,affiliation-2011,ID-2011,affiliation-2010,ID-2010,affiliation-2009,ID-2009,affiliation-2008,ID-2008,affiliation-2007,ID-2007,affiliation-2006,ID-2006,affiliation-2005,ID-2005,affiliation-2004,ID-2004,affiliation-2003,ID-2003,affiliation-2002,ID-2002,affiliation-2001,ID-2001,affiliation-2000,ID-2000,affiliation-1999,ID-1999,affiliation-1998,ID-1998,affiliation-1997,ID-1997,affiliation-1996,ID-1996,affiliation-1995,ID-1995,affiliation-1994,ID-1994,affiliation-1993,ID-1993,affiliation-1992,ID-1992,affiliation-1991,ID-1991,affiliation-1989,ID-1989,affiliation-1988,ID-1988,affiliation-1987,ID-1987,affiliation-1986,ID-1986,affiliation-1985,ID-1985
Yao Li,A5110237033,11,Intelligent Health (United Kingdom),https://openalex.org/I4210153682,Taiyuan University of Science and Technology,https://openalex.org/I46305995,Heilongjiang Institute of Technology,https://openalex.org/I4210161462,Harbin Institute of Technology,https://openalex.org/I204983213,University of Chinese Academy of Sciences,https://openalex.org/I4210165038,Harbin Institute of Technology,https://openalex.org/I204983213,Harbin Institute of Technology,https://openalex.org/I204983213,Shandong University of Science and Technology,https://openalex.org/I80143920,China National Petroleum Corporation (China),https://openalex.org/I98227222,Harbin Institute of Technology,https://openalex.org/I204983213,"University of Maryland, Baltimore County",https://openalex.org/I79272384,Lanzhou University,https://openalex.org/I76214153,Harbin Institute of Technology,https://openalex.org/I204983213,,,Harbin Institute of Technology,https://openalex.org/I204983213,Harbin Institute of Technology,https://openalex.org/I204983213,Harbin Institute of Technology,https://openalex.org/I204983213,Hebei University of Architecture,https://openalex.org/I4210161087,,,Harbin Institute of Technology,https://openalex.org/I204983213,Hebei University of Architecture,https://openalex.org/I4210161087,,,,,,,,,,,,,,,,,,,,,,,,,,,,,City College,https://openalex.org/I4210093530,,,,,,,,,,
Zhenda Xie,A5007043113,4,,,Nanjing University,https://openalex.org/I881766915,Nanjing University,https://openalex.org/I881766915,Nanjing University,https://openalex.org/I881766915,Tsinghua University,https://openalex.org/I99065089,Nanjing University,https://openalex.org/I881766915,Nanjing University,https://openalex.org/I881766915,Nanjing University,https://openalex.org/I881766915,Nanjing University,https://openalex.org/I881766915,Nanjing University,https://openalex.org/I881766915,Nanjing University,https://openalex.org/I881766915,Columbia University,https://openalex.org/I78577930,Columbia University,https://openalex.org/I78577930,University of South China,https://openalex.org/I91935597,Nanjing University,https://openalex.org/I881766915,Nanjing University,https://openalex.org/I881766915,Nanjing University,https://openalex.org/I881766915,Nanjing University,https://openalex.org/I881766915,Nanjing University,https://openalex.org/I881766915,Nanjing University,https://openalex.org/I881766915,Nanjing University,https://openalex.org/I881766915,,,,,,,,,,,,,,,,,,,,,,,,,,,,,,,,,,,,,,,,
Junxiao Song,A5008686458,4,,,,,,,Qingdao University,https://openalex.org/I108688024,,,,,,,,,,,,,Hong Kong University of Science and Technology,https://openalex.org/I200769079,University of Hong Kong,https://openalex.org/I889458895,Hong Kong University of Science and Technology,https://openalex.org/I200769079,Hong Kong University of Science and Technology,https://openalex.org/I200769079,,,,,,,,,,,,,Korea Aerospace University,https://openalex.org/I24456540,,,,,,,,,,,,,,,,,,,,,,,,,,,,,,,,,,,,,,,,
Wenfeng Liang,A5009435651,6,,,Shenyang Jianzhu University,https://openalex.org/I83714178,Guangzhou Medical University,https://openalex.org/I92039509,Shenyang Jianzhu University,https://openalex.org/I83714178,Shenyang Jianzhu University,https://openalex.org/I83714178,Shenyang Jianzhu University,https://openalex.org/I83714178,Shenyang Jianzhu University,https://openalex.org/I83714178,Shenyang Jianzhu University,https://openalex.org/I83714178,Shenyang Jianzhu University,https://openalex.org/I83714178,Shenyang Jianzhu University,https://openalex.org/I83714178,Goodyear (United States),https://openalex.org/I4210143271,Shenyang Jianzhu University,https://openalex.org/I83714178,University of Chinese Academy of Sciences,https://openalex.org/I4210165038,University of Chinese Academy of Sciences,https://openalex.org/I4210165038,University of Chinese Academy of Sciences,https://openalex.org/I4210165038,University of Chinese Academy of Sciences,https://openalex.org/I4210165038,Institute of Electrical Engineering,https://openalex.org/I4210128819,Institute of Electrical Engineering,https://openalex.org/I4210128819,Institute of Electrical Engineering,https://openalex.org/I4210128819,,,,,,,,,,,,,,,,,,,,,,,North Carolina State University,https://openalex.org/I137902535,North Carolina State University,https://openalex.org/I137902535,North Carolina State University,https://openalex.org/I137902535,North Carolina State University,https://openalex.org/I137902535,,,,,,,,,,,,,,
Jiashi Li,A5014851555,8,Taiyuan University of Technology,https://openalex.org/I9086337,Taiyuan University of Technology,https://openalex.org/I9086337,Taiyuan University of Technology,https://openalex.org/I9086337,Taiyuan University of Technology,https://openalex.org/I9086337,Taiyuan University of Technology,https://openalex.org/I9086337,Beijing University of Posts and Telecommunications,https://openalex.org/I139759216,,,Shanxi University,https://openalex.org/I181877577,,,,,,,,,,,,,,,,,Yankton Rural Area Health Education Center,https://openalex.org/I4210146872,East China University of Science and Technology,https://openalex.org/I143593769,,,,,,,,,,,,,,,Beijing University of Chinese Medicine,https://openalex.org/I17747738,Hoshi University,https://openalex.org/I36296616,Hoshi University,https://openalex.org/I36296616,,,Beijing Hospital of Traditional Chinese Medicine,https://openalex.org/I4210148966,,,,,,,,,,,,,,,,,,,,,,
Kang Guan,A5017301651,7,South China University of Technology,https://openalex.org/I90610280,China National Petroleum Corporation (China),https://openalex.org/I98227222,China National Petroleum Corporation (China),https://openalex.org/I98227222,South China University of Technology,https://openalex.org/I90610280,South China University of Technology,https://openalex.org/I90610280,South China University of Technology,https://openalex.org/I90610280,South China University of Technology,https://openalex.org/I90610280,South China University of Technology,https://openalex.org/I90610280,South China University of Technology,https://openalex.org/I90610280,South China University of Technology,https://openalex.org/I90610280,South China University of Technology,https://openalex.org/I90610280,South China University of Technology,https://openalex.org/I90610280,Yunnan University of Traditional Chinese Medicine,https://openalex.org/I46975222,Northwestern Polytechnical University,https://openalex.org/I17145004,China National Petroleum Corporation (China),https://openalex.org/I98227222,Northwestern Polytechnical University,https://openalex.org/I17145004,Northwestern Polytechnical University,https://openalex.org/I17145004,,,,,,,,,,,,,,,Tianjin Academy of Environmental Sciences,https://openalex.org/I4210149704,,,,,,,Tianjin Academy of Environmental Sciences,https://openalex.org/I4210149704,,,,,,,,,,,Kunming Institute of Botany,https://openalex.org/I13850615,,,Institute of Metals Research,https://openalex.org/I4210126304,,,Institute of Metals Research,https://openalex.org/I4210126304,,,,
Yukun Li,A5018379530,1,,,Xinjiang University,https://openalex.org/I96908189,Xinjiang University,https://openalex.org/I96908189,Xinjiang University,https://openalex.org/I96908189,,,,,,,,,Xinjiang University,https://openalex.org/I96908189,Xinjiang University,https://openalex.org/I96908189,,,Xinjiang University,https://openalex.org/I96908189,,,,,,,,,,,,,,,,,,,,,,,,,,,,,,,,,,,,,,,,,,,,,,,,,,,,,,,,,,
Chong Ruan,A5019374810,1,,,,,,,Chang'an University,https://openalex.org/I25355098,Chang'an University,https://openalex.org/I25355098,,,,,,,,,,,,,,,,,,,,,,,,,,,,,,,,,,,,,,,,,,,,,,,,,,,,,,,,,,,,,,,,,,,,,,,,
Damai Dai,A5020456783,4,,,Peking University,https://openalex.org/I20231570,,,Tsinghua University,https://openalex.org/I99065089,Microsoft Research (India),https://openalex.org/I4210124949,Peking University,https://openalex.org/I20231570,Peking University,https://openalex.org/I20231570,Peng Cheng Laboratory,https://openalex.org/I4210136793,Peking University,https://openalex.org/I20231570,,,,,,,,,,,,,,,,,,,,,,,,,,,,,,,,,,,,,,,,,,,,,,,,,,,,,,,,,,,,,,,,
Runxin Xu,A5023594937,4,,,Shanghai Jiao Tong University,https://openalex.org/I183067930,Imperial College London,https://openalex.org/I47508984,Peking University,https://openalex.org/I20231570,Imperial College London,https://openalex.org/I47508984,Peking University,https://openalex.org/I20231570,The Ohio State University,https://openalex.org/I52357470,,,,,,,,,,,,,,,,,,,,,,,,,,,,,,,,,,,,,,,,,,,,,,,,,,,,,,,,,,,,,,,,,,,,
Deli Chen,A5028794611,18,Liaoning Shihua University,https://openalex.org/I166846921,Chongqing Medical University,https://openalex.org/I87780372,Xi'an Jiaotong University,https://openalex.org/I87445476,Tsinghua University,https://openalex.org/I99065089,Agriculture and Food,https://openalex.org/I4210138055,Putian University,https://openalex.org/I64449678,Tsinghua University,https://openalex.org/I99065089,Victoria University,https://openalex.org/I71270174,Victoria University,https://openalex.org/I71270174,Agriculture and Food,https://openalex.org/I4210138055,Chinese Academy of Medical Sciences & Peking Union Medical College,https://openalex.org/I200296433,MEI Research (United States),https://openalex.org/I4210101987,Moscow Engineering Physics Institute,https://openalex.org/I887846188,Agriculture and Food,https://openalex.org/I4210138055,"Department of Environment, Land, Water and Planning",https://openalex.org/I4210148235,Putian University,https://openalex.org/I64449678,The University of Melbourne,https://openalex.org/I165779595,Putian University,https://openalex.org/I64449678,National University of Defense Technology,https://openalex.org/I170215575,Department of Land Resource Management,https://openalex.org/I4210113848,The University of Melbourne,https://openalex.org/I165779595,The University of Melbourne,https://openalex.org/I165779595,The University of Melbourne,https://openalex.org/I165779595,Tongji Hospital,https://openalex.org/I4210160344,The University of Melbourne,https://openalex.org/I165779595,The University of Melbourne,https://openalex.org/I165779595,,,,,,,Peking University,https://openalex.org/I20231570,,,Plant Industry,https://openalex.org/I4210152679,,,Plant Industry,https://openalex.org/I4210152679,,,The University of Texas Health Science Center at San Antonio,https://openalex.org/I165951966,Plant Industry,https://openalex.org/I4210152679,,,,,,,,
Zhewen Hao,A5039093405,2,,,Shihezi University,https://openalex.org/I102208913,,,,,Peking University,https://openalex.org/I20231570,Peking University,https://openalex.org/I20231570,,,,,,,,,,,,,,,,,,,,,,,,,,,,,,,,,,,,,,,,,,,,,,,,,,,,,,,,,,,,,,,,,,,,,,
Qihao Zhu,A5047271595,4,,,Peking University,https://openalex.org/I20231570,Northeast Forestry University,https://openalex.org/I47689461,Northeast Forestry University,https://openalex.org/I47689461,Hubei University of Education,https://openalex.org/I4210154851,Peking University,https://openalex.org/I20231570,Peking University,https://openalex.org/I20231570,Peking University,https://openalex.org/I20231570,Peking University,https://openalex.org/I20231570,,,,,Carnegie Mellon University,https://openalex.org/I74973139,,,,,,,,,,,,,,,,,,,,,,,,,,,,,,,,,,,,,,,,,,,Peking University,https://openalex.org/I20231570,,,,,,,,,,,,,,
Shirong Ma,A5057030499,3,,,Air Force Medical University,https://openalex.org/I9916479,Air Force Medical University,https://openalex.org/I9916479,Tsinghua University,https://openalex.org/I99065089,Tsinghua University,https://openalex.org/I99065089,Air Force Medical University,https://openalex.org/I9916479,,,Air Force Medical University,https://openalex.org/I9916479,Air Force Medical University,https://openalex.org/I9916479,,,Air Force Medical University,https://openalex.org/I9916479,,,Air Force Medical University,https://openalex.org/I9916479,Air Force Medical University,https://openalex.org/I9916479,,,Air Force Medical University,https://openalex.org/I9916479,,,Air Force Medical University,https://openalex.org/I9916479,Air Force Medical University,https://openalex.org/I9916479,Air Force Medical University,https://openalex.org/I9916479,Northwest Normal University,https://openalex.org/I68986083,,,,,,,,,,,,,,,,,,,,,,,,,,,,,,,,,,,,,,,,
Peiyi Wang,A5058808692,16,,,Northwest A&F University,https://openalex.org/I89652312,Sichuan University of Science and Engineering,https://openalex.org/I64852412,Northwest A&F University,https://openalex.org/I89652312,Lenovo (China),https://openalex.org/I4210156165,Beijing Forestry University,https://openalex.org/I31683504,Guizhou University,https://openalex.org/I178232147,Shandong Jianzhu University,https://openalex.org/I44445938,Bioengineering Center,https://openalex.org/I4210145583,Guizhou University,https://openalex.org/I178232147,Guizhou University,https://openalex.org/I178232147,Shaanxi University of Science and Technology,https://openalex.org/I51622183,Beihang University,https://openalex.org/I82880672,Guizhou University,https://openalex.org/I178232147,Taipei Medical University,https://openalex.org/I47519274,Institute of Microbiology,https://openalex.org/I4210134982,Beihang University,https://openalex.org/I82880672,,,University of Leeds,https://openalex.org/I130828816,,,,,,,University of Sheffield,https://openalex.org/I91136226,University of Sheffield,https://openalex.org/I91136226,,,Johns Hopkins University,https://openalex.org/I145311948,University of Sheffield,https://openalex.org/I91136226,,,,,University of Wisconsin–Madison,https://openalex.org/I135310074,Lomonosov Moscow State University,https://openalex.org/I19880235,,,,,,,,,,,,,,,,,,,,
Daya Guo,A5060364305,4,Sun Yat-sen University,https://openalex.org/I157773358,Sun Yat-sen University,https://openalex.org/I157773358,Sun Yat-sen University,https://openalex.org/I157773358,Sun Yat-sen University,https://openalex.org/I157773358,Microsoft Research (United Kingdom),https://openalex.org/I4210164937,RheinMain University of Applied Sciences,https://openalex.org/I4829542,Harbin Institute of Technology,https://openalex.org/I204983213,Microsoft Research (United Kingdom),https://openalex.org/I4210164937,Sun Yat-sen University,https://openalex.org/I157773358,,,,,,,,,,,,,,,,,,,,,,,,,,,,,,,,,,,,,,,,,,,,,,,,,,,,,,,,,,,,,,,,
Wenjun Gao,A5076999126,13,,,Shanxi Normal University,https://openalex.org/I94310126,University of Science and Technology Beijing,https://openalex.org/I92403157,University of Hong Kong,https://openalex.org/I889458895,,,Technical University of Denmark,https://openalex.org/I96673099,East Asia School of Theology,https://openalex.org/I2821654624,China Academy of Space Technology,https://openalex.org/I194716290,Tongji University,https://openalex.org/I116953780,Chongqing University,https://openalex.org/I158842170,Beijing Emergency Medical Center,https://openalex.org/I4210103679,Tongji University,https://openalex.org/I116953780,Chongqing University,https://openalex.org/I158842170,China Academy of Space Technology,https://openalex.org/I194716290,,,Institute of Electronics,https://openalex.org/I4210110458,Henan Polytechnic University,https://openalex.org/I4210166499,Shenyang Aerospace University,https://openalex.org/I125904092,Shenyang Aerospace University,https://openalex.org/I125904092,Beihang University,https://openalex.org/I82880672,,,,,,,,,,,,,,,,,,,Beihang University,https://openalex.org/I82880672,,,,,,,,,,,,,,,,,,,,,,
Chenggang Zhao,A5079470006,2,,,Shandong University of Science and Technology,https://openalex.org/I80143920,Shandong University of Science and Technology,https://openalex.org/I80143920,,,,,,,Xi'an University of Science and Technology,https://openalex.org/I110440473,Xi'an University of Science and Technology,https://openalex.org/I110440473,,,,,,,,,,,,,,,,,,,,,,,,,,,,,,,,,,,,,,,,,,,,,,,,,,,,,,,,,,,,,,,,,,
Chengqi Deng,A5084839131,1,,,,,,,Dalian Maritime University,https://openalex.org/I43313876,Dalian Maritime University,https://openalex.org/I43313876,,,,,,,,,,,,,,,,,,,,,,,,,,,,,,,,,,,,,,,,,,,,,,,,,,,,,,,,,,,,,,,,,,,,,,,,
Xiao Bi,A5091346174,3,,,Shanghai Ninth People's Hospital,https://openalex.org/I4210097066,,,,,,,,,,,,,,,Rongcheng City People's Hospital,https://openalex.org/I4210147206,,,,,,,,,,,,,,,,,,,,,,,,,,,Tianjin Municipal Research Institute for Family Planning,https://openalex.org/I4210147961,,,,,,,,,,,,,,,,,,,,,,,,,,,,,,,,,,
Yaohui Wang,A5100672230,13,,,University of South China,https://openalex.org/I91935597,University of South China,https://openalex.org/I91935597,Collaborative Innovation Center of Chemistry for Energy Materials,https://openalex.org/I4210156571,Indiana University Melvin and Bren Simon Comprehensive Cancer Center,https://openalex.org/I4390039234,Collaborative Innovation Center of Chemistry for Energy Materials,https://openalex.org/I4210156571,Union Hospital,https://openalex.org/I4210163933,Collaborative Innovation Center of Chemistry for Energy Materials,https://openalex.org/I4210156571,Collaborative Innovation Center of Chemistry for Energy Materials,https://openalex.org/I4210156571,Jiangsu Province Hospital,https://openalex.org/I4210152119,China Medical University,https://openalex.org/I91656880,Zhongshan Hospital,https://openalex.org/I4210127074,,,Jiangsu Province Hospital,https://openalex.org/I4210152119,Harbin Science and Technology Bureau,https://openalex.org/I4210135457,Shanghai Medical College of Fudan University,https://openalex.org/I133868755,,,Nanjing Medical University,https://openalex.org/I83519826,Beijing Radiation Center,https://openalex.org/I4210132047,Guangdong Ocean University,https://openalex.org/I79223203,,,,,,,,,,,,,,,,,,,,,,,,,,,,,National Institute of Diabetes and Digestive and Kidney Diseases,https://openalex.org/I4210090567,,,,,,,,,,,,
Qiushi Du,A5100915390,4,,,Dalian Maritime University,https://openalex.org/I43313876,,,,,Jilin Electric Power Research Institute (China),https://openalex.org/I4210138151,,,Jilin Electric Power Research Institute (China),https://openalex.org/I4210138151,,,,,,,,,Jilin University,https://openalex.org/I194450716,,,Jilin Electric Power Research Institute (China),https://openalex.org/I4210138151,,,Jilin Electric Power Research Institute (China),https://openalex.org/I4210138151,North China Electric Power University,https://openalex.org/I153473198,North China Electric Power University,https://openalex.org/I153473198,,,,,,,,,,,,,,,,,,,,,,,,,,,,,,,,,,,,,,,,,,,,,,
Hanwei Xu,A5100966558,3,,,,,,,Fuzhou University,https://openalex.org/I80947539,,,Hohai University,https://openalex.org/I163340411,,,,,,,,,,,Hohai University,https://openalex.org/I163340411,Hohai University,https://openalex.org/I163340411,Hohai University,https://openalex.org/I163340411,,,Hohai University,https://openalex.org/I163340411,Hohai University,https://openalex.org/I163340411,Nanjing University,https://openalex.org/I881766915,,,,,Hohai University,https://openalex.org/I163340411,,,,,,,,,,,,,,,,,,,,,,,,,,,,,,,,,,,,,,,,
Dejian Yang,A5101194950,5,,,,,,,Pharmaron (United Kingdom),https://openalex.org/I4210102587,Microsoft Research Asia (China),https://openalex.org/I4210113369,,,Zhengzhou University of Light Industry,https://openalex.org/I23171815,,,,,,,,,,,,,,,,,Mukhametzhan Tynyshbayev ALT University,https://openalex.org/I4387930291,Tianjin Chengjian University,https://openalex.org/I168673124,Tianjin Chengjian University,https://openalex.org/I168673124,,,,,,,,,,,,,,,,,,,,,,,,,,,,,,,,,,,,,,,,,,,,,,
Yishi Piao,A5101289777,0,,,,,,,,,,,,,,,,,,,,,,,,,,,,,,,,,,,,,,,,,,,,,,,,,,,,,,,,,,,,,,,,,,,,,,,,,,,,,,,,,,
Yuxiang You,A5101289778,0,,,,,,,,,,,,,,,,,,,,,,,,,,,,,,,,,,,,,,,,,,,,,,,,,,,,,,,,,,,,,,,,,,,,,,,,,,,,,,,,,,
Xin Xie,A5101584148,13,,,Chongqing University of Technology,https://openalex.org/I50632499,Shaanxi Provincial People's Hospital,https://openalex.org/I4210160763,Xi'an Medical University,https://openalex.org/I4210107780,First Affiliated Hospital of Xi'an Jiaotong University,https://openalex.org/I4210121771,Beijing Obstetrics and Gynecology Hospital,https://openalex.org/I4210163952,Guangzhou Medical University,https://openalex.org/I92039509,Beijing Obstetrics and Gynecology Hospital,https://openalex.org/I4210163952,First Affiliated Hospital of Xi'an Jiaotong University,https://openalex.org/I4210121771,Nanjing Medical University,https://openalex.org/I83519826,First Affiliated Hospital of Xi'an Jiaotong University,https://openalex.org/I4210121771,Ministry of Education of the People's Republic of China,https://openalex.org/I1327237609,Xi'an Medical University,https://openalex.org/I4210107780,Xi'an Medical University,https://openalex.org/I4210107780,Xi'an Jiaotong University,https://openalex.org/I87445476,Northwest University,https://openalex.org/I37802460,,,,,,,"Women's Hospital, School of Medicine, Zhejiang University",https://openalex.org/I4210137217,Northwest University,https://openalex.org/I37802460,,,Air Force Medical University,https://openalex.org/I9916479,,,,,,,,,,,,,,,,,,,Michigan State University,https://openalex.org/I87216513,,,,,,,,,,,,,,,,
Liyue Zhang,A5101859634,11,First Affiliated Hospital Zhejiang University,https://openalex.org/I4210166576,Ningbo Institute of Industrial Technology,https://openalex.org/I4210165339,First Affiliated Hospital Zhejiang University,https://openalex.org/I4210166576,First Affiliated Hospital Zhejiang University,https://openalex.org/I4210166576,First Hospital of Jilin University,https://openalex.org/I4210125137,Ningbo Institute of Industrial Technology,https://openalex.org/I4210165339,,,Tianjin Polytechnic University,https://openalex.org/I198091727,Hezhou University,https://openalex.org/I4210155828,Hezhou University,https://openalex.org/I4210155828,,,,,,,Wuhan General Hospital of Guangzhou,https://openalex.org/I4210151337,Children’s Health Research Institute,https://openalex.org/I4210136254,Children’s Health Research Institute,https://openalex.org/I4210136254,Children’s Health Research Institute,https://openalex.org/I4210136254,Children’s Health Research Institute,https://openalex.org/I4210136254,,,John D. Dingell VA Medical Center,https://openalex.org/I4210089364,Veterans Health Administration,https://openalex.org/I2799886695,Shanxi Normal University,https://openalex.org/I94310126,,,,,,,,,Kunming Institute of Zoology,https://openalex.org/I18489884,,,,,,,,,,,,,,,,,,,,,,,,,,,,
Kai Dong,A5102020713,6,University of Oulu,https://openalex.org/I98381234,University of Oulu,https://openalex.org/I98381234,Southeast University,https://openalex.org/I76569877,University of Oulu,https://openalex.org/I98381234,Politecnico di Milano,https://openalex.org/I93860229,China National Petroleum Corporation (China),https://openalex.org/I98227222,,,Southeast University,https://openalex.org/I76569877,Southeast University,https://openalex.org/I76569877,Southeast University,https://openalex.org/I76569877,,,University of New Brunswick,https://openalex.org/I106938459,Nanjing University,https://openalex.org/I881766915,Nanjing University,https://openalex.org/I881766915,Nanjing University,https://openalex.org/I881766915,,,Nanjing University,https://openalex.org/I881766915,,,Nanjing University,https://openalex.org/I881766915,,,,,,,,,,,,,,,,,,,,,,,,,,,,,,,,,,,,,,,,,,,,
Huazuo Gao,A5102602497,0,,,,,,,,,,,,,,,,,,,,,,,,,,,,,,,,,,,,,,,,,,,,,,,,,,,,,,,,,,,,,,,,,,,,,,,,,,,,,,,,,,
Zhihong Shao,A5103100933,7,,,,,,,Tsinghua University,https://openalex.org/I99065089,Tsinghua University,https://openalex.org/I99065089,Shanghai Zhabei District Shibei Hospital,https://openalex.org/I4210163591,Shanghai Zhabei District Shibei Hospital,https://openalex.org/I4210163591,175th Hospital of People's Liberation Army,https://openalex.org/I4210130572,,,Tongji Hospital,https://openalex.org/I4210160344,Tongji Hospital,https://openalex.org/I4210160344,Tongji Hospital,https://openalex.org/I4210160344,,,Tongji Hospital,https://openalex.org/I4210160344,,,,,Tongji Hospital,https://openalex.org/I4210160344,Tongji Hospital,https://openalex.org/I4210160344,Tongji Hospital,https://openalex.org/I4210160344,,,University of Michigan–Ann Arbor,https://openalex.org/I27837315,,,University of Michigan–Ann Arbor,https://openalex.org/I27837315,University of Michigan–Ann Arbor,https://openalex.org/I27837315,,,University of Michigan–Ann Arbor,https://openalex.org/I27837315,,,University of Surrey,https://openalex.org/I28290843,,,,,,,,,,,Hangzhou Medical College,https://openalex.org/I4210165441,,,,,,,,,,,,,,
Bingxuan Wang,A5114179761,2,,,,,Peking University,https://openalex.org/I20231570,,,,,,,Peking University,https://openalex.org/I20231570,,,Agriculture and Forestry University,https://openalex.org/I2801534221,,,,,,,,,,,,,,,,,,,,,,,,,,,,,,,,,,,,,,,,,,,,,,,,,,,,,,,,,,,,,,,,
Shuiping Yu,A5000029432,4,,,First Affiliated Hospital of GuangXi Medical University,https://openalex.org/I4210126060,First Affiliated Hospital of GuangXi Medical University,https://openalex.org/I4210126060,First Affiliated Hospital of GuangXi Medical University,https://openalex.org/I4210126060,First Affiliated Hospital of GuangXi Medical University,https://openalex.org/I4210126060,,,Guilin Medical University,https://openalex.org/I176134282,First Affiliated Hospital of GuangXi Medical University,https://openalex.org/I4210126060,First Affiliated Hospital of GuangXi Medical University,https://openalex.org/I4210126060,Tsinghua University,https://openalex.org/I99065089,Tsinghua University,https://openalex.org/I99065089,Guilin Medical University,https://openalex.org/I176134282,Guilin Medical University,https://openalex.org/I176134282,Guilin Medical University,https://openalex.org/I176134282,,,Fifth Affiliated Hospital of Sun Yat-sen University,https://openalex.org/I4210113039,,,,,,,,,,,,,,,,,,,,,,,,,,,,,,,,,,,,,,,,,,,,,,,,,,
Guowei Li,A5001383067,8,University of Northern British Columbia,https://openalex.org/I151934421,Heilongjiang Academy of Sciences,https://openalex.org/I4210092224,University of Northern British Columbia,https://openalex.org/I151934421,National Penghu University of Science and Technology,https://openalex.org/I32078218,National Penghu University of Science and Technology,https://openalex.org/I32078218,,,,,,,Southwest Forestry University,https://openalex.org/I25399270,,,Shanghai University of Finance and Economics,https://openalex.org/I181679659,,,,,Institute of Applied Ecology,https://openalex.org/I4210110024,Shandong University of Science and Technology,https://openalex.org/I80143920,,,,,Huazhong University of Science and Technology,https://openalex.org/I47720641,,,,,,,,,,,,,,,,,,,,,,,,,,,,,,,,,,,,,,,,,,,,,,
Yuheng Zou,A5002204845,2,West China Hospital of Sichuan University,https://openalex.org/I4210089761,West China Hospital of Sichuan University,https://openalex.org/I4210089761,West China Hospital of Sichuan University,https://openalex.org/I4210089761,,,West China Hospital of Sichuan University,https://openalex.org/I4210089761,,,,,,,,,Tsinghua University,https://openalex.org/I99065089,,,,,,,,,,,,,,,,,,,,,,,,,,,,,,,,,,,,,,,,,,,,,,,,,,,,,,,,,,,,,,
Kaige Gao,A5002755981,4,Yangzhou University,https://openalex.org/I78978612,Nanjing University,https://openalex.org/I881766915,Yangzhou University,https://openalex.org/I78978612,Yangzhou University,https://openalex.org/I78978612,Yangzhou University,https://openalex.org/I78978612,Yangzhou University,https://openalex.org/I78978612,Yangzhou University,https://openalex.org/I78978612,Nanjing University,https://openalex.org/I881766915,Yangzhou University,https://openalex.org/I78978612,Tianjin University,https://openalex.org/I162868743,Nanjing University,https://openalex.org/I881766915,Nanjing University,https://openalex.org/I881766915,Nanjing University,https://openalex.org/I881766915,Zhengzhou University,https://openalex.org/I38877650,Nanjing University,https://openalex.org/I881766915,,,,,,,,,,,,,,,,,,,,,,,,,,,,,,,,,,,,,,,,,,,,,,,,,,,,
Wentao Zhang,A5008772211,17,Xuzhou Central Hospital,https://openalex.org/I4210132906,Beihang University,https://openalex.org/I82880672,Southeast University,https://openalex.org/I76569877,Shanghai Maritime University,https://openalex.org/I96733725,Software (Spain),https://openalex.org/I97750245,Zhejiang University,https://openalex.org/I76130692,"China University of Petroleum, East China",https://openalex.org/I4210162190,Beijing Institute of Big Data Research,https://openalex.org/I4210096250,Guilin University of Electronic Technology,https://openalex.org/I5343935,Peking Union Medical College Hospital,https://openalex.org/I2801228662,,,Institute of Information Engineering,https://openalex.org/I4210156404,Beijing Polytechnic,https://openalex.org/I4210152042,University of Otago,https://openalex.org/I80281795,Peking Union Medical College Hospital,https://openalex.org/I2801228662,State Key Laboratory of Nuclear Physics and Technology,https://openalex.org/I4391767693,,,Soochow University,https://openalex.org/I3923682,,,University of Chinese Academy of Sciences,https://openalex.org/I4210165038,,,,,,,,,,,Peking University,https://openalex.org/I20231570,,,,,,,,,,,,,,,,,,,,,,,,,,,,,,
Yao Zhao,A5009318707,8,,,Chongqing Jiaotong University,https://openalex.org/I63371133,Nanjing University of Aeronautics and Astronautics,https://openalex.org/I9842412,Nanjing University of Aeronautics and Astronautics,https://openalex.org/I9842412,Nanjing University of Aeronautics and Astronautics,https://openalex.org/I9842412,Nanjing University of Aeronautics and Astronautics,https://openalex.org/I9842412,Nanjing University of Aeronautics and Astronautics,https://openalex.org/I9842412,Shanghai Ocean University,https://openalex.org/I44675526,Changchun Institute of Technology,https://openalex.org/I4210143016,,,,,,,Beijing Jiaotong University,https://openalex.org/I21193070,Nanjing University of Aeronautics and Astronautics,https://openalex.org/I9842412,Centre de Recherche en Acquisition et Traitement de l'Image pour la Santé,https://openalex.org/I4210138704,Dalian University of Technology,https://openalex.org/I27357992,University of Hong Kong,https://openalex.org/I889458895,University of Hong Kong,https://openalex.org/I889458895,University of Hong Kong,https://openalex.org/I889458895,Beijing Jiaotong University,https://openalex.org/I21193070,Beijing Jiaotong University,https://openalex.org/I21193070,,,,,,,Beijing Jiaotong University,https://openalex.org/I21193070,,,,,,,,,,,,,,,,,,,,,,,,,,,,,,,,
Aixin Liu,A5015078816,10,Shanghai Traditional Chinese Medicine Hospital,https://openalex.org/I4210135988,Lu'an First People's Hospital,https://openalex.org/I4210167213,Anhui University of Traditional Chinese Medicine,https://openalex.org/I253932293,Mississippi State University,https://openalex.org/I99041443,Shandong Agricultural University,https://openalex.org/I74485261,Shandong Normal University,https://openalex.org/I28006308,Shandong Agricultural University,https://openalex.org/I74485261,Shandong Agricultural University,https://openalex.org/I74485261,Mississippi State University,https://openalex.org/I99041443,Shandong Agricultural University,https://openalex.org/I74485261,Ontario Institute for Cancer Research,https://openalex.org/I112260969,Shandong Agricultural University,https://openalex.org/I74485261,Shandong Agricultural University,https://openalex.org/I74485261,Shandong Agricultural University,https://openalex.org/I74485261,,,Mississippi State University,https://openalex.org/I99041443,Guangxi University,https://openalex.org/I150807315,Shandong Agricultural University,https://openalex.org/I74485261,,,Xiamen University,https://openalex.org/I191208505,Shandong Agricultural University,https://openalex.org/I74485261,Guangxi Normal University,https://openalex.org/I29739308,,,,,,,,,,,,,,,Shandong Agricultural University,https://openalex.org/I74485261,,,,,,,,,,,,,,,,,,,,,,
Zhangli Sha,A5020140830,1,,,,,,,Xi'an Jiaotong University,https://openalex.org/I87445476,,,,,,,,,,,,,,,,,,,,,,,,,,,,,,,,,,,,,,,,,,,,,,,,,,,,,,,,,,,,,,,,,,,,,,,,,,
Yiliang Xiong,A5028899653,1,,,,,,,,,Beijing University of Chinese Medicine,https://openalex.org/I17747738,,,Beijing University of Chinese Medicine,https://openalex.org/I17747738,,,,,,,,,,,,,,,,,,,,,,,,,,,,,,,,,,,,,,,,,,,,,,,,,,,,,,,,,,,,,,,,,,,,
Ruiqi Ge,A5029083198,4,,,Northeastern University,https://openalex.org/I9224756,Northeastern University,https://openalex.org/I9224756,Wuhan Institute of Technology,https://openalex.org/I91125648,Suan Sunandha Rajabhat University,https://openalex.org/I4210105946,Guangxi University,https://openalex.org/I150807315,,,,,,,,,,,,,,,,,,,,,,,,,,,,,,,,,,,,,,,,,,,,,,,,,,,,,,,,,,,,,,,,,,,,,,
Shangyan Zhou,A5035849215,3,Nano Carbon (Poland),https://openalex.org/I4210167079,Guizhou University,https://openalex.org/I178232147,,,,,,,,,,,,,,,,,Beijing Shijitan Hospital,https://openalex.org/I4210154593,,,,,,,,,,,,,,,,,,,,,,,,,,,,,,,,,,,,,,,,,,,,,,,,,,,,,,,,,,,,
Shunfeng Zhou,A5045996355,2,,,,,,,,,,,,,,,,,,,Shanghai Tenth People's Hospital,https://openalex.org/I4210132741,First Affiliated Hospital of Soochow University,https://openalex.org/I4210153519,,,,,,,,,,,,,,,,,,,,,,,,,,,,,,,,,,,,,,,,,,,,,,,,,,,,,,,,,,,,
Shanhuang Chen,A5046105992,0,,,,,,,,,,,,,,,,,,,,,,,,,,,,,,,,,,,,,,,,,,,,,,,,,,,,,,,,,,,,,,,,,,,,,,,,,,,,,,,,,,
Wangding Zeng,A5049532529,1,,,Beijing University of Posts and Telecommunications,https://openalex.org/I139759216,Beijing University of Posts and Telecommunications,https://openalex.org/I139759216,,,,,Beijing University of Posts and Telecommunications,https://openalex.org/I139759216,,,,,,,,,,,,,,,,,,,,,,,,,,,,,,,,,,,,,,,,,,,,,,,,,,,,,,,,,,,,,,,,,,,,,,
Junjie Qiu,A5052869661,6,Tongji University,https://openalex.org/I116953780,Weifang University,https://openalex.org/I66883779,Graduate Institute of International and Development Studies,https://openalex.org/I951315,Collaborative Innovation Center of Chemistry for Energy Materials,https://openalex.org/I4210156571,Sichuan University of Science and Engineering,https://openalex.org/I64852412,Sichuan University of Science and Engineering,https://openalex.org/I64852412,State Key Laboratory of Pollution Control and Resource Reuse,https://openalex.org/I4210090489,State Key Laboratory of Pollution Control and Resource Reuse,https://openalex.org/I4210090489,Tongji University,https://openalex.org/I116953780,Tongji University,https://openalex.org/I116953780,,,,,,,,,,,,,,,,,,,,,,,,,,,,,,,,,,,,,,,,,,,,,,,,,,,,,,,,,,,,,,
Panpan Huang,A5053679681,1,,,,,,,,,,,,,,,,,,,Purdue University West Lafayette,https://openalex.org/I219193219,,,,,,,,,,,,,,,,,,,,,,,,,,,,,,,,,,,,,,,,,,,,,,,,,,,,,,,,,,,,,,
Guangbo Hao,A5064813063,4,University College Cork,https://openalex.org/I27577105,University College Cork,https://openalex.org/I27577105,Chiang Mai University,https://openalex.org/I48076826,University College Cork,https://openalex.org/I27577105,University College Cork,https://openalex.org/I27577105,University College Cork,https://openalex.org/I27577105,University College Cork,https://openalex.org/I27577105,University College Cork,https://openalex.org/I27577105,University College Cork,https://openalex.org/I27577105,University College Cork,https://openalex.org/I27577105,University College Cork,https://openalex.org/I27577105,University College Cork,https://openalex.org/I27577105,University College Cork,https://openalex.org/I27577105,University College Cork,https://openalex.org/I27577105,University College Cork,https://openalex.org/I27577105,Heriot-Watt University,https://openalex.org/I32062511,Heriot-Watt University,https://openalex.org/I32062511,Heriot-Watt University,https://openalex.org/I32062511,Northeastern University,https://openalex.org/I9224756,,,,,,,,,,,,,,,,,,,,,,,,,,,,,,,,,,,,,,,,,,,,
Hui Qu,A5067552573,12,,,Northeastern University,https://openalex.org/I9224756,Northeastern University,https://openalex.org/I9224756,Northeastern University,https://openalex.org/I9224756,Northeastern University,https://openalex.org/I9224756,Shanghai Institute of Materia Medica,https://openalex.org/I4210112820,Xi’an University,https://openalex.org/I4210115513,Collaborative Innovation Center of Chemistry for Energy Materials,https://openalex.org/I4210156571,Shandong Institute of Business and Technology,https://openalex.org/I83776822,Shandong Institute of Business and Technology,https://openalex.org/I83776822,Nanjing University,https://openalex.org/I881766915,Shandong Institute of Business and Technology,https://openalex.org/I83776822,Shandong Institute of Business and Technology,https://openalex.org/I83776822,Nanjing University,https://openalex.org/I881766915,Institute of Electrical Engineering,https://openalex.org/I4210128819,Naval Aeronautical and Astronautical University,https://openalex.org/I4210162215,Nanjing University,https://openalex.org/I881766915,National Marine Data and Information Service,https://openalex.org/I4400573293,Shandong Institute of Business and Technology,https://openalex.org/I83776822,Chinese People's Armed Police Force Engineering University,https://openalex.org/I4210134428,Shandong Institute of Business and Technology,https://openalex.org/I83776822,Chang'an University,https://openalex.org/I25355098,,,,,,,,,Research Institute of Petroleum Exploration and Development,https://openalex.org/I4210112595,,,,,,,,,,,,,,,,,,,,,,,,,,,,
Lecong Zhang,A5068839714,1,,,,,,,Guizhou Minzu University,https://openalex.org/I4210095439,Guizhou Minzu University,https://openalex.org/I4210095439,,,,,,,,,,,,,,,,,,,,,,,,,,,,,,,,,,,,,,,,,,,,,,,,,,,,,,,,,,,,,,,,,,,,,,,,
Haowei Zhang,A5080515807,3,,,Nanjing University of Aeronautics and Astronautics,https://openalex.org/I9842412,,,Zhejiang University,https://openalex.org/I76130692,Ministry of Industry and Information Technology,https://openalex.org/I890469752,Zhejiang University,https://openalex.org/I76130692,Zhejiang University,https://openalex.org/I76130692,Zhejiang University,https://openalex.org/I76130692,Zhejiang University,https://openalex.org/I76130692,Zhejiang University,https://openalex.org/I76130692,,,,,,,,,,,,,,,,,,,,,,,,,,,,,,,,,,,,,,,,,,,,,,,,,,,,,,,,,,,,,,
Mingchuan Zhang,A5087014857,17,Henan University of Science and Technology,https://openalex.org/I167383011,Northeastern University,https://openalex.org/I9224756,Northeastern University,https://openalex.org/I9224756,Shanghai Jiao Tong University,https://openalex.org/I183067930,Xiamen University of Technology,https://openalex.org/I75867142,Zhejiang University of Technology,https://openalex.org/I55712492,Shanghai Jiao Tong University,https://openalex.org/I183067930,Henan University of Science and Technology,https://openalex.org/I167383011,Henan Cancer Hospital,https://openalex.org/I4210143608,Henan University of Engineering,https://openalex.org/I4210094772,Beijing Jiaotong University,https://openalex.org/I21193070,Beijing Jiaotong University,https://openalex.org/I21193070,National Center for Advanced Packaging (China),https://openalex.org/I4210151511,State Key Laboratory of Networking and Switching Technology,https://openalex.org/I4392021250,Henan University of Science and Technology,https://openalex.org/I167383011,Shanghai Jiao Tong University,https://openalex.org/I183067930,Jiangsu University of Science and Technology,https://openalex.org/I4210096899,Shanghai Industrial Boiler Research Institute (China),https://openalex.org/I4210092700,Northeastern University,https://openalex.org/I9224756,Shandong Jianzhu University,https://openalex.org/I44445938,Shanghai Jiao Tong University,https://openalex.org/I183067930,Shanghai Jiao Tong University,https://openalex.org/I183067930,Shanghai Jiao Tong University,https://openalex.org/I183067930,Shanghai Jiao Tong University,https://openalex.org/I183067930,Shanghai Jiao Tong University,https://openalex.org/I183067930,Shanghai Jiao Tong University,https://openalex.org/I183067930,Beihang University,https://openalex.org/I82880672,Shanghai Jiao Tong University,https://openalex.org/I183067930,,,,,,,,,,,,,,,,,,,University of North Carolina at Charlotte,https://openalex.org/I102149020,,,Virginia Tech,https://openalex.org/I859038795,Massachusetts Institute of Technology,https://openalex.org/I63966007
Wen Liu,A5100320278,16,,,Wuhan Institute of Technology,https://openalex.org/I91125648,Wuhan Institute of Technology,https://openalex.org/I91125648,University of Science and Technology Beijing,https://openalex.org/I92403157,Xi'an Jiaotong University,https://openalex.org/I87445476,University of Chinese Academy of Sciences,https://openalex.org/I4210165038,Tsinghua University,https://openalex.org/I99065089,Shanghai Maritime University,https://openalex.org/I96733725,Shanghai Maritime University,https://openalex.org/I96733725,ShanghaiTech University,https://openalex.org/I30809798,Chiba University,https://openalex.org/I159385669,,,,,Sichuan University,https://openalex.org/I24185976,University of Kentucky,https://openalex.org/I143302722,University of Kentucky,https://openalex.org/I143302722,Zhongkai University of Agriculture and Engineering,https://openalex.org/I94357780,PLA Rocket Force University of Engineering,https://openalex.org/I2801618472,Xi'an Aeronautical University,https://openalex.org/I4210133467,Nanyang Technological University,https://openalex.org/I172675005,Xiangtan University,https://openalex.org/I4610292,National Central University,https://openalex.org/I22265921,,,,,,,,,,,,,,,,,,,,,,,,,,,,,,,,,,,,,,
Xiaodong Liu,A5100374771,18,,,Northwestern Polytechnic University,https://openalex.org/I99418890,Dalian Jiaotong University,https://openalex.org/I7350606,Southeast University,https://openalex.org/I76569877,Carnegie Mellon University,https://openalex.org/I74973139,China National Petroleum Corporation (China),https://openalex.org/I98227222,Northeastern University,https://openalex.org/I9224756,Microsoft Research (United Kingdom),https://openalex.org/I4210164937,Dalian University,https://openalex.org/I4210092944,Dalian Maritime University,https://openalex.org/I43313876,Lanzhou University,https://openalex.org/I76214153,Lanzhou University,https://openalex.org/I76214153,Dalian Maritime University,https://openalex.org/I43313876,Nara Institute of Science and Technology,https://openalex.org/I75917431,Dalian Maritime University,https://openalex.org/I43313876,Dalian Maritime University,https://openalex.org/I43313876,Tokushima University,https://openalex.org/I922474255,Ocean University of China,https://openalex.org/I59028903,Anhui University of Technology,https://openalex.org/I92178344,Tsinghua University,https://openalex.org/I99065089,Northeastern University,https://openalex.org/I9224756,Tsinghua University,https://openalex.org/I99065089,Xi'an Jiaotong University,https://openalex.org/I87445476,,,,,,,De Montfort University,https://openalex.org/I66943878,Iowa State University,https://openalex.org/I173911158,,,,,,,,,,,,,,,,,,,,,,,,,,
Ying He,A5100389169,17,,,Southeast University,https://openalex.org/I76569877,Tsinghua University,https://openalex.org/I99065089,Guangzhou Medical University,https://openalex.org/I92039509,Tsinghua University,https://openalex.org/I99065089,Chinese People's Armed Police Force,https://openalex.org/I4396570617,Lanzhou University,https://openalex.org/I76214153,Lanzhou University,https://openalex.org/I76214153,Beihang University,https://openalex.org/I82880672,State Key Laboratory of Supramolecular Structure and Materials,https://openalex.org/I4391768123,State Key Laboratory of Supramolecular Structure and Materials,https://openalex.org/I4391768123,State Key Laboratory of Supramolecular Structure and Materials,https://openalex.org/I4391768123,Beihang University,https://openalex.org/I82880672,Northwestern Polytechnic University,https://openalex.org/I99418890,National Institute for Viral Disease Control and Prevention,https://openalex.org/I4210140986,Tyndall Centre,https://openalex.org/I4210143632,Hebei University of Technology,https://openalex.org/I184843921,Harbin Institute of Technology,https://openalex.org/I204983213,Radboud Institute for Molecular Life Sciences,https://openalex.org/I4210109357,Wuyi University,https://openalex.org/I98834328,Tsinghua University,https://openalex.org/I99065089,Beihang University,https://openalex.org/I82880672,Colorado State University,https://openalex.org/I92446798,Colorado State University,https://openalex.org/I92446798,Tsinghua University,https://openalex.org/I99065089,Lingnan Normal University,https://openalex.org/I154833797,,,,,University of Calgary,https://openalex.org/I168635309,,,,,,,,,,,,,,,,,,,,,,,,
Shiyu Wang,A5100437635,8,,,RIKEN Center for Quantum Computing,https://openalex.org/I4387156398,Tsinghua University,https://openalex.org/I99065089,PLA Information Engineering University,https://openalex.org/I169689159,Shanghai First People's Hospital,https://openalex.org/I4210135742,Shanghai Jiao Tong University,https://openalex.org/I183067930,Shanghai Jiao Tong University,https://openalex.org/I183067930,Heilongjiang University,https://openalex.org/I55022517,University of Chinese Academy of Sciences,https://openalex.org/I4210165038,Shanghai First People's Hospital,https://openalex.org/I4210135742,,,Jilin Province Science and Technology Department,https://openalex.org/I4210134929,,,,,,,,,,,,,,,,,,,,,,,,,,,,,,,,,,,,,,,,,,,,,,,,,,,,,,,,,,
Xingkai Yu,A5100608388,4,North China Electric Power University,https://openalex.org/I153473198,North China Electric Power University,https://openalex.org/I153473198,China-Japan Friendship Hospital,https://openalex.org/I2801051648,Tsinghua University,https://openalex.org/I99065089,Tsinghua University,https://openalex.org/I99065089,Tsinghua University,https://openalex.org/I99065089,Tsinghua University,https://openalex.org/I99065089,Shanghai Jiao Tong University,https://openalex.org/I183067930,Shanghai Jiao Tong University,https://openalex.org/I183067930,,,,,,,,,,,,,,,,,,,,,,,,,,,,,,,,,,,,,,,,,,,,,,,,,,,,,,,,,,,,,,,,
Yanhong Xu,A5100612566,5,China National Chemical Engineering (China),https://openalex.org/I4210134393,,,Civil Aviation University of China,https://openalex.org/I28813325,Yan'an University,https://openalex.org/I4210102412,Civil Aviation University of China,https://openalex.org/I28813325,,,,,,,,,,,,,,,,,,,,,,,Yan'an University,https://openalex.org/I4210102412,Shanxi University of Finance and Economics,https://openalex.org/I170751988,,,,,,,,,,,Southwest Forestry University,https://openalex.org/I25399270,,,,,,,,,,,,,,,,,,,,,,,,,,,,,,,,,,
Yichao Zhang,A5100625408,14,Tongji University,https://openalex.org/I116953780,Hangzhou Medical College,https://openalex.org/I4210165441,Hangzhou Medical College,https://openalex.org/I4210165441,Southwest Jiaotong University,https://openalex.org/I4800084,Shenyang Jianzhu University,https://openalex.org/I83714178,Shenyang Jianzhu University,https://openalex.org/I83714178,University of Chinese Academy of Sciences,https://openalex.org/I4210165038,Tongji University,https://openalex.org/I116953780,Tongji University,https://openalex.org/I116953780,Delft University of Technology,https://openalex.org/I98358874,Capital Normal University,https://openalex.org/I96852419,Lanzhou University,https://openalex.org/I76214153,Lanzhou University,https://openalex.org/I76214153,University College London,https://openalex.org/I45129253,Geological Institute,https://openalex.org/I4210124538,Tongji University,https://openalex.org/I116953780,Tongji University,https://openalex.org/I116953780,Tongji University,https://openalex.org/I116953780,Institute of Hydroecology,https://openalex.org/I4210163417,Shanghai University,https://openalex.org/I113940042,Peking University,https://openalex.org/I20231570,,,Shanghai Jiao Tong University,https://openalex.org/I183067930,,,,,,,,,,,,,,,,,,,,,,,,,,,,,,,,,,,,
Minghua Zhang,A5100737340,5,,,Stony Brook University,https://openalex.org/I59553526,"University of California, Davis",https://openalex.org/I84218800,"University of California, Davis",https://openalex.org/I84218800,Guangzhou Medical University,https://openalex.org/I92039509,"University of California, Davis",https://openalex.org/I84218800,"University of California, Davis",https://openalex.org/I84218800,"University of California, Davis",https://openalex.org/I84218800,"University of California, Davis",https://openalex.org/I84218800,"University of California, Davis",https://openalex.org/I84218800,"University of California, Davis",https://openalex.org/I84218800,"University of California, Davis",https://openalex.org/I84218800,"University of California, Davis",https://openalex.org/I84218800,"University of California, Davis",https://openalex.org/I84218800,Air Force Medical University,https://openalex.org/I9916479,"University of California, Davis",https://openalex.org/I84218800,"University of California, Davis",https://openalex.org/I84218800,"University of California, Davis",https://openalex.org/I84218800,"University of California, Davis",https://openalex.org/I84218800,"University of California, Davis",https://openalex.org/I84218800,Air Force Medical University,https://openalex.org/I9916479,"University of California, Davis",https://openalex.org/I84218800,"University of California, Davis",https://openalex.org/I84218800,"University of California, Davis",https://openalex.org/I84218800,Stony Brook University,https://openalex.org/I59553526,"University of California, Davis",https://openalex.org/I84218800,,,,,"University of California, Davis",https://openalex.org/I84218800,"University of California, Davis",https://openalex.org/I84218800,Stony Brook University,https://openalex.org/I59553526,Stony Brook University,https://openalex.org/I59553526,Stony Brook University,https://openalex.org/I59553526,,,,,State University of New York,https://openalex.org/I1327163397,,,,,,,,,,
Shanghao Lu,A5101289776,0,,,,,,,,,,,,,,,,,,,,,,,,,,,,,,,,,,,,,,,,,,,,,,,,,,,,,,,,,,,,,,,,,,,,,,,,,,,,,,,,,,
Ziwei Xie,A5101644040,3,,,,,,,Tencent (China),https://openalex.org/I2250653659,Qufu Normal University,https://openalex.org/I202126657,,,Sun Yat-sen University,https://openalex.org/I157773358,Sun Yat-sen University,https://openalex.org/I157773358,,,,,,,,,,,,,,,,,,,,,,,,,,,,,,,,,,,,,,,,,,,,,,,,,,,,,,,,,,,,,,,,,,
Qinyu Chen,A5101682928,6,,,Hangzhou DAC Biotech (China),https://openalex.org/I4210142178,,,Peking University,https://openalex.org/I20231570,Boston Consulting Group (United States),https://openalex.org/I4401726965,Boston Consulting Group (United States),https://openalex.org/I4401726965,Boston Consulting Group (United States),https://openalex.org/I4401726965,Boston Consulting Group (United States),https://openalex.org/I4401726965,The Ohio State University,https://openalex.org/I52357470,Sidney Kimmel Comprehensive Cancer Center,https://openalex.org/I4210164401,Shenyang Pharmaceutical University,https://openalex.org/I103890011,,,,,,,,,,,,,,,,,,,,,,,,,,,,,,,,,,,,,,,,,,,,,,,,,,,,,,,,,,,,
Yiyuan Liu,A5101704539,9,,,Xi'an Jiaotong University,https://openalex.org/I87445476,Jiangxi University of Science and Technology,https://openalex.org/I4510145,Zhejiang University,https://openalex.org/I76130692,"China University of Petroleum, East China",https://openalex.org/I4210162190,Peking University,https://openalex.org/I20231570,Taizhou University,https://openalex.org/I82760581,Collaborative Innovation Center of Quantum Matter,https://openalex.org/I4210127494,Otterbein University,https://openalex.org/I197312921,,,,,,,Tongji University,https://openalex.org/I116953780,,,,,,,,,,,,,,,,,,,,,,,,,,,,,,,,,,,,,,,,,,,,,,,,,,,,,,,,
Minghui Tang,A5101876129,12,,,Fuzhou University,https://openalex.org/I80947539,University of South China,https://openalex.org/I91935597,Hunan Children's Hospital,https://openalex.org/I4210132733,Intelligent Health (United Kingdom),https://openalex.org/I4210153682,Hokkaido University,https://openalex.org/I205349734,,,,,Nanjing University,https://openalex.org/I881766915,Nanjing University,https://openalex.org/I881766915,Shatin Hospital,https://openalex.org/I2800762105,Nanjing University of Aeronautics and Astronautics,https://openalex.org/I9842412,Nanjing University,https://openalex.org/I881766915,Nanjing University,https://openalex.org/I881766915,"University of Maryland, Baltimore",https://openalex.org/I126744593,"University of Maryland, Baltimore",https://openalex.org/I126744593,"University of Maryland, Baltimore",https://openalex.org/I126744593,Southwest Jiaotong University,https://openalex.org/I4800084,Loyola University Medical Center,https://openalex.org/I1304196042,Loyola University Medical Center,https://openalex.org/I1304196042,,,University of Illinois Chicago,https://openalex.org/I39422238,,,,,,,,,,,,,,,,,,,,,,,,,,,,,,,,,,,,,,
Guanting Chen,A5101983121,8,,,King Abdullah University of Science and Technology,https://openalex.org/I71920554,First Affiliated Hospital of Henan University,https://openalex.org/I4210155511,Columbia University,https://openalex.org/I78577930,National Taiwan University of Science and Technology,https://openalex.org/I154864474,Northwest University,https://openalex.org/I37802460,Stanford University,https://openalex.org/I97018004,Stanford University,https://openalex.org/I97018004,,,National Taiwan University of Science and Technology,https://openalex.org/I154864474,,,National Taiwan University of Science and Technology,https://openalex.org/I154864474,,,Hangzhou Dianzi University,https://openalex.org/I50760025,,,,,,,,,,,,,National Central University,https://openalex.org/I22265921,National Central University,https://openalex.org/I22265921,National Central University,https://openalex.org/I22265921,,,,,,,,,,,,,,,,,,,,,,,,,,,,,,,,,,,,
Yaofeng Sun,A5102212666,2,,,Gansu Coalfield Geology Bureau,https://openalex.org/I4210120546,,,,,,,,,,,,,,,,,,,,,,,,,,,,,,,,,,,,,,,,,,,,,Beijing Polytechnic,https://openalex.org/I4210152042,,,,,,,,,,,,,,,,,,,,,,,,,,,,,,,,
Zihui Gu,A5102691681,1,,,,,Guangxi University of Chinese Medicine,https://openalex.org/I4210113348,,,,,,,,,,,,,,,,,,,,,,,,,,,,,,,,,,,,,,,,,,,,,,,,,,,,,,,,,,,,,,,,,,,,,,,,,,,,
Zhe Fu,A5103128811,14,University of North Carolina at Charlotte,https://openalex.org/I102149020,Third Affiliated Hospital of Zhengzhou University,https://openalex.org/I4210144384,Xi'an Jiaotong University,https://openalex.org/I87445476,Huazhong University of Science and Technology,https://openalex.org/I47720641,PA Consulting Group,https://openalex.org/I61372060,Huazhong University of Science and Technology,https://openalex.org/I47720641,Renmin University of China,https://openalex.org/I78988378,,,,,Hubei University of Technology,https://openalex.org/I74525822,Wuhan University of Technology,https://openalex.org/I196699116,Huazhong University of Science and Technology,https://openalex.org/I47720641,Division of Materials Science and Engineering,https://openalex.org/I4210129794,,,"University of California, San Diego",https://openalex.org/I36258959,Université du Québec à Montréal,https://openalex.org/I159129438,Shanghai Jiao Tong University,https://openalex.org/I183067930,,,Microsoft (United States),https://openalex.org/I1290206253,,,,,,,,,,,,,,,Hong Kong Polytechnic University,https://openalex.org/I14243506,,,,,,,,,,,,,,,,,,,,,,,,,,,,
Fangyun Lin,A5109672590,0,,,,,,,,,,,,,,,,,,,,,,,,,,,,,,,,,,,,,,,,,,,,,,,,,,,,,,,,,,,,,,,,,,,,,,,,,,,,,,,,,,
Tian Pei,A5110880895,0,,,,,,,,,,,,,,,,,,,,,,,,,,,,,,,,,,,,,,,,,,,,,,,,,,,,,,,,,,,,,,,,,,,,,,,,,,,,,,,,,,
Xuecheng Su,A5111734260,2,,,,,,,University of Memphis,https://openalex.org/I94658018,University of Memphis,https://openalex.org/I94658018,,,,,,,,,Shandong University of Science and Technology,https://openalex.org/I80143920,,,Shandong University of Science and Technology,https://openalex.org/I80143920,,,Shandong University of Science and Technology,https://openalex.org/I80143920,Shandong University of Science and Technology,https://openalex.org/I80143920,,,,,Shandong University of Science and Technology,https://openalex.org/I80143920,Shandong University of Science and Technology,https://openalex.org/I80143920,Shandong University of Science and Technology,https://openalex.org/I80143920,Shandong University of Science and Technology,https://openalex.org/I80143920,,,,,Shandong University of Science and Technology,https://openalex.org/I80143920,,,,,Shandong University of Science and Technology,https://openalex.org/I80143920,,,,,,,,,,,,,,,,,,,,,,,,,,,,
Zehui Ren,A5112250476,5,,,Xinjiang University,https://openalex.org/I96908189,Chongqing Normal University,https://openalex.org/I126924076,China University of Mining and Technology,https://openalex.org/I25757504,,,,,,,University of British Columbia,https://openalex.org/I141945490,,,University of Manchester,https://openalex.org/I28407311,,,,,,,,,,,,,,,,,,,,,,,,,,,,,,,,,,,,,,,,,,,,,,,,,,,,,,,,,,,,,,
Erhang Li,A5113091614,2,,,,,,,,,,,,,,,,,,,,,,,,,,,,,,,,,,,,,,,,,Intel (United Kingdom),https://openalex.org/I4210158342,,,Intel (United States),https://openalex.org/I1343180700,,,,,,,,,,,,,,,,,,,,,,,,,,,,,,,,,,,,
Xiaotao Nie,A5113091615,3,,,,,,,,,,,Chubu Electric Power (Japan),https://openalex.org/I875722105,,,,,Zhejiang University,https://openalex.org/I76130692,,,,,,,,,University of Chinese Academy of Sciences,https://openalex.org/I4210165038,University of Chinese Academy of Sciences,https://openalex.org/I4210165038,,,,,,,,,,,,,,,,,,,,,,,,,,,,,,,,,,,,,,,,,,,,,,,,,,,,
Honghui Ding,A5113640093,5,,,Southeast University,https://openalex.org/I76569877,,,Wenzhou University,https://openalex.org/I146620803,Tongji Hospital,https://openalex.org/I4210160344,Tongji Hospital,https://openalex.org/I4210160344,,,Huazhong University of Science and Technology,https://openalex.org/I47720641,,,,,Huazhong University of Science and Technology,https://openalex.org/I47720641,Huazhong University of Science and Technology,https://openalex.org/I47720641,Huazhong University of Science and Technology,https://openalex.org/I47720641,,,,,Huazhong University of Science and Technology,https://openalex.org/I47720641,First Affiliated Hospital of Shantou University Medical College,https://openalex.org/I4210115239,Huazhong University of Science and Technology,https://openalex.org/I47720641,,,,,,,,,,,,,,,,,,,,,,,,,,,,,,,,,,,,,,,,,,,,,,
Xin Liu,A5115601909,1,,,,,Tsinghua University,https://openalex.org/I99065089,,,,,,,,,,,,,,,,,,,,,,,,,,,,,,,,,,,,,,,,,,,,,,,,,,,,,,,,,,,,,,,,,,,,,,,,,,,,
Fuli Luo,A5019525050,5,Xiaomi (China),https://openalex.org/I862669128,Hunan University of Technology,https://openalex.org/I49934816,Hunan University of Technology,https://openalex.org/I49934816,Alibaba Group (China),https://openalex.org/I45928872,Alibaba Group (China),https://openalex.org/I45928872,Alibaba Group (China),https://openalex.org/I45928872,Alibaba Group (United States),https://openalex.org/I4210095624,Peking University,https://openalex.org/I20231570,Peking University,https://openalex.org/I20231570,,,,,,,,,,,,,,,,,,,,,,,,,,,,,,,,,,,,,,,,,,,,,,,,,,,,,,,,,,,,,,,,
Yixuan Wei,A5019825958,1,,,,,,,,,Henan Normal University,https://openalex.org/I75955062,,,Henan Normal University,https://openalex.org/I75955062,,,,,,,,,,,,,,,,,,,,,,,,,,,,,,,,,,,,,,,,,,,,,,,,,,,,,,,,,,,,,,,,,,,,
Lean Wang,A5034611488,2,,,Peking University,https://openalex.org/I20231570,,,Tencent (China),https://openalex.org/I2250653659,,,,,,,,,,,,,,,,,,,,,,,,,,,,,,,,,,,,,,,,,,,,,,,,,,,,,,,,,,,,,,,,,,,,,,,,,,
Zhibin Gou,A5034928588,2,,,,,,,Tsinghua University,https://openalex.org/I99065089,Baidu (China),https://openalex.org/I98301712,,,,,,,,,,,,,,,,,,,,,,,,,,,,,,,,,,,,,,,,,,,,,,,,,,,,,,,,,,,,,,,,,,,,,,,,
Zilin Li,A5044058639,5,Air Force Medical University,https://openalex.org/I9916479,Second Affiliated Hospital of Zhejiang University,https://openalex.org/I4210158318,Beijing Tian Tan Hospital,https://openalex.org/I4210087691,Beijing Tian Tan Hospital,https://openalex.org/I4210087691,,,,,,,Sun Yat-sen University,https://openalex.org/I157773358,Sun Yat-sen University,https://openalex.org/I157773358,,,Sun Yat-sen University,https://openalex.org/I157773358,Institute of High Energy Physics,https://openalex.org/I4210137180,Sun Yat-sen University,https://openalex.org/I157773358,,,,,,,,,,,,,,,,,,,,,,,,,,,,,,,,,,,,,,,,,,,,,,,,,,,,,,,,
Yuduan Wang,A5047265939,2,,,"National University Cancer Institute, Singapore",https://openalex.org/I4210103786,National University of Singapore,https://openalex.org/I165932596,,,,,,,,,,,,,,,,,,,,,,,,,,,,,,,,,,,,,,,,,,,,,,,,,,,,,,,,,,,,,,,,,,,,,,,,,,,,
Xinyu Yang,A5055963260,8,Anhui Jianzhu University,https://openalex.org/I118987531,Zhejiang University,https://openalex.org/I76130692,Chongqing University of Technology,https://openalex.org/I50632499,State Key Laboratory of Automotive Simulation and Control,https://openalex.org/I4392738231,Hefei University of Technology,https://openalex.org/I16365422,Hefei University of Technology,https://openalex.org/I16365422,Hefei University,https://openalex.org/I39774598,Hefei University of Technology,https://openalex.org/I16365422,Hefei University of Technology,https://openalex.org/I16365422,Hefei University of Technology,https://openalex.org/I16365422,Hefei University of Technology,https://openalex.org/I16365422,Hefei University of Technology,https://openalex.org/I16365422,,,,,Dalian University,https://openalex.org/I4210092944,,,,,,,,,,,,,University of North Dakota,https://openalex.org/I24571045,,,University of North Dakota,https://openalex.org/I24571045,,,,,,,,,,,,,,,,,,,,,,,,,,,,,,,,,,
Xiaohan Wang,A5056359676,2,Tsinghua University,https://openalex.org/I99065089,Tsinghua University,https://openalex.org/I99065089,Tsinghua University,https://openalex.org/I99065089,State Key Laboratory of Digital Medical Engineering,https://openalex.org/I4387154005,,,,,,,,,,,,,,,,,,,,,,,,,,,,,,,,,,,,,,,,,,,,,,,,,,,,,,,,,,,,,,,,,,,,,,,,,,
Yixuan Tan,A5063984048,1,,,,,Shanghai Changzheng Hospital,https://openalex.org/I4210099558,Shanghai Changzheng Hospital,https://openalex.org/I4210099558,Shanghai Changzheng Hospital,https://openalex.org/I4210099558,,,,,,,,,,,,,,,,,,,,,,,,,,,,,,,,,,,,,,,,,,,,,,,,,,,,,,,,,,,,,,,,,,,,,,,,
Ruizhe Pan,a5076029614,2,,,,,,,,,Zhejiang University,https://openalex.org/I76130692,Zhejiang University,https://openalex.org/I76130692,,,,,,,Xiangya Hospital Central South University,https://openalex.org/I4210159865,,,,,,,,,,,,,,,,,,,,,,,,,,,,,,,,,,,,,,,,,,,,,,,,,,,,,,,,,,,,,,
Zhuoshu Li,A5086080455,3,Beijing Institute of Technology,https://openalex.org/I125839683,,,Zhejiang University,https://openalex.org/I76130692,,,,,,,,,,,,,,,,,,,,,Beihang University,https://openalex.org/I82880672,Beihang University,https://openalex.org/I82880672,,,,,,,,,,,,,,,,,,,,,,,,,,,,,,,,,,,,,,,,,,,,,,,,,,,,
Yongqiang Guo,A5100298247,6,Northwestern Polytechnical University,https://openalex.org/I17145004,,,Beijing Research Institute of Mechanical and Electrical Technology,https://openalex.org/I4210117825,Northwestern Polytechnical University,https://openalex.org/I17145004,University of Science and Technology Beijing,https://openalex.org/I92403157,,,Chongqing Medical University,https://openalex.org/I87780372,,,,,,,,,,,,,,,,,,,,,,,Chinese Academy of Medical Sciences & Peking Union Medical College,https://openalex.org/I200296433,,,,,,,,,,,Graduate School USA,https://openalex.org/I880766802,,,,,,,,,,,,,,,,,,,,,,,,,,,,,,,,
Xiaokang Chen,A5101412831,7,,,Shanxi Datong University,https://openalex.org/I5422934,Hubei University of Technology,https://openalex.org/I74525822,China Three Gorges University,https://openalex.org/I161350542,University of Science and Technology of China,https://openalex.org/I126520041,University of Science and Technology of China,https://openalex.org/I126520041,Japan Agency for Marine-Earth Science and Technology,https://openalex.org/I1315852903,,,Changzhou University,https://openalex.org/I4210153482,,,,,,,,,,,,,Chinese Academy of Fishery Sciences,https://openalex.org/I46529539,,,,,,,,,,,,,,,,,,,,,,,,,,,,,,,,,,,,,,,,,,,,,,,,,,
Liang Zhao,A5101780128,8,Hunan Academy of Traditional Chinese Medicine,https://openalex.org/I4210122600,Guangzhou Medical University,https://openalex.org/I92039509,Air Force Medical University,https://openalex.org/I9916479,Air Force Medical University,https://openalex.org/I9916479,Southern Medical University,https://openalex.org/I58200834,Southern Medical University,https://openalex.org/I58200834,Southern Medical University,https://openalex.org/I58200834,Southern Medical University,https://openalex.org/I58200834,Southern Medical University,https://openalex.org/I58200834,Southern Medical University,https://openalex.org/I58200834,Southern Medical University,https://openalex.org/I58200834,Xinxiang Medical University,https://openalex.org/I80626142,Chongqing Medical University,https://openalex.org/I87780372,Southern Medical University,https://openalex.org/I58200834,Southern Medical University,https://openalex.org/I58200834,Southern Medical University,https://openalex.org/I58200834,Southern Medical University,https://openalex.org/I58200834,Southern Medical University,https://openalex.org/I58200834,Southern Medical University,https://openalex.org/I58200834,Southern Medical University,https://openalex.org/I58200834,,,,,Eastern Hepatobiliary Surgery Hospital,https://openalex.org/I4210137389,Southern Medical University,https://openalex.org/I58200834,,,,,,,Lanzhou University,https://openalex.org/I76214153,,,,,,,,,,,,,,,,,,,,,,,,,,
Yuxuan Liu,A5102651090,2,,,Northeast Petroleum University,https://openalex.org/I921716337,Nanjing University,https://openalex.org/I881766915,Nanjing University,https://openalex.org/I881766915,,,,,,,,,,,,,,,,,,,,,,,,,,,,,,,,,,,,,,,,,,,,,,,,,,,,,,,,,,,,,,,,,,,,,,,,,,
Jingyang Yuan,A5113747152,6,King University,https://openalex.org/I111483173,Xiamen University of Technology,https://openalex.org/I75867142,Peking University,https://openalex.org/I20231570,Peking University,https://openalex.org/I20231570,,,,,,,Nanjing University,https://openalex.org/I881766915,Hunan Agricultural University,https://openalex.org/I52180223,,,,,,,,,,,,,,,Xiamen University of Technology,https://openalex.org/I75867142,,,,,,,Harbin Institute of Technology,https://openalex.org/I204983213,,,,,,,,,,,,,,,,,,,,,,,,,,,,,,,,,,,,,,,,
Zhizhou Ren,a5113969453,3,,,Tsinghua University,https://openalex.org/I99065089,Helix (United States),https://openalex.org/I4210163239,,,Helix (United States),https://openalex.org/I4210163239,University of Illinois Urbana-Champaign,https://openalex.org/I157725225,Tsinghua University,https://openalex.org/I99065089,Tsinghua University,https://openalex.org/I99065089,,,,,,,,,,,,,,,,,,,,,,,,,,,,,,,,,,,,,,,,,,,,,,,,,,,,,,,,,,,,,,,,,,
Zhigang Yan,A5001698196,2,,,National Livestock Breeding Center,https://openalex.org/I4210163340,,,,,,,Shantou University,https://openalex.org/I32574673,,,,,,,,,,,,,,,,,,,,,,,,,,,,,,,,,,,,,,,,,,,,,,,,,,,,,,,,,,,,,,,,,,,,,,
Jingchang Chen,A5003566311,8,,,China Automotive Engineering Research Institute,https://openalex.org/I4210131649,Impact,https://openalex.org/I4210161256,China Southern Power Grid (China),https://openalex.org/I74872605,State Key Laboratory of Vehicle NVH and Safety Technology,https://openalex.org/I4210145005,State Key Laboratory of Vehicle NVH and Safety Technology,https://openalex.org/I4210145005,,,Sun Yat-sen University,https://openalex.org/I157773358,Sun Yat-sen University,https://openalex.org/I157773358,,,Sun Yat-sen University,https://openalex.org/I157773358,Guangzhou Medical University,https://openalex.org/I92039509,,,Sun Yat-sen University,https://openalex.org/I157773358,Sun Yat-sen University,https://openalex.org/I157773358,,,China University of Mining and Technology,https://openalex.org/I25757504,China University of Mining and Technology,https://openalex.org/I25757504,Sun Yat-sen University,https://openalex.org/I157773358,,,,,Sun Yat-sen University,https://openalex.org/I157773358,Jimei University,https://openalex.org/I161346416,,,,,,,,,,,,,,,,,,,,,,,,,,,,,,,,,,,,
Qiancheng Wang,A5009091910,5,,,Institute of Grassland Research,https://openalex.org/I4210156847,Jiangsu Maritime Institute,https://openalex.org/I4210153872,National University of Defense Technology,https://openalex.org/I170215575,National University of Defense Technology,https://openalex.org/I170215575,National University of Defense Technology,https://openalex.org/I170215575,University of Southampton,https://openalex.org/I43439940,National University of Defense Technology,https://openalex.org/I170215575,Zhengzhou University,https://openalex.org/I38877650,National University of Defense Technology,https://openalex.org/I170215575,National University of Defense Technology,https://openalex.org/I170215575,National University of Defense Technology,https://openalex.org/I170215575,National University of Defense Technology,https://openalex.org/I170215575,National University of Defense Technology,https://openalex.org/I170215575,,,,,,,,,,,,,,,,,,,,,,,,,,,,,,,,,,,,,,,,,,,,,,,,,,,,,,
Yuyang Zhou,A5011549126,3,First Affiliated Hospital of Wenzhou Medical University,https://openalex.org/I2801769982,Xihu Institute of Electronic Research,https://openalex.org/I4210154159,Donghua University,https://openalex.org/I181326427,Donghua University,https://openalex.org/I181326427,,,,,,,,,,,,,,,,,,,,,,,,,,,,,,,,,,,,,,,,,,,,,,,,,,,,,,,,,,,,,,,,,,,,,,,,,,
Yifan Shi,A5018598375,4,Kunming University of Science and Technology,https://openalex.org/I10660446,Columbia University,https://openalex.org/I78577930,Yunnan Metallurgical Group (China),https://openalex.org/I4210149647,,,Beijing University of Chemical Technology,https://openalex.org/I75390827,,,,,,,Beijing University of Chemical Technology,https://openalex.org/I75390827,,,,,,,,,,,,,,,,,,,,,,,,,,,,,,,,,,,,,,,,,,,,,,,,,,,,,,,,,,,,,,,,
Kuai Yu,A5022036537,13,University of Baltimore,https://openalex.org/I6059380,Institute of Microelectronics,https://openalex.org/I4210119392,China Jiliang University,https://openalex.org/I55538621,Shenzhen University,https://openalex.org/I180726961,Shaoxing University,https://openalex.org/I192209268,Shenzhen University,https://openalex.org/I180726961,Shenzhen University,https://openalex.org/I180726961,Shenzhen Technology University,https://openalex.org/I4210152380,Stanford University,https://openalex.org/I97018004,Stanford University,https://openalex.org/I97018004,Shenzhen University,https://openalex.org/I180726961,University of Notre Dame,https://openalex.org/I107639228,Université Bourgogne Franche-Comté,https://openalex.org/I4210118524,University of Applied Sciences Leiden,https://openalex.org/I210716285,Huygens Institute for History and Culture of the Netherlands,https://openalex.org/I2801908541,National University of Singapore,https://openalex.org/I165932596,,,Hefei National Center for Physical Sciences at Nanoscale,https://openalex.org/I4210103894,Hefei National Center for Physical Sciences at Nanoscale,https://openalex.org/I4210103894,Hefei National Center for Physical Sciences at Nanoscale,https://openalex.org/I4210103894,,,,,,,,,,,,,,,,,,,,,,,,,,,,,,,,,,,,,,,,,,
Y. Q. Wang,A5022368707,1,,,,,,,,,,,,,,,,,,,Institute of High Energy Physics,https://openalex.org/I4210137180,,,Institute of High Energy Physics,https://openalex.org/I4210137180,,,,,,,,,,,,,,,,,,,,,,,,,,,,,,,,,,,,,,,,,,,,,,,,,,,,,,,,,,
Runji Wang,A5024300524,3,,,China Academy of Engineering Physics,https://openalex.org/I2801345734,,,,,Hunan University of Science and Technology,https://openalex.org/I121296143,,,Renmin University of China,https://openalex.org/I78988378,,,,,,,,,,,,,,,,,,,,,,,,,,,,,,,,,,,,,,,,,,,,,,,,,,,,,,,,,,,,,,,,,,,,
Xingchao Liu,A5024864770,6,Hebei Normal University,https://openalex.org/I94611258,Hebei Normal University,https://openalex.org/I94611258,The University of Texas at Austin,https://openalex.org/I86519309,The University of Texas at Austin,https://openalex.org/I86519309,The University of Texas at Austin,https://openalex.org/I86519309,The University of Texas at Austin,https://openalex.org/I86519309,China Agricultural University,https://openalex.org/I52158045,Beihang University,https://openalex.org/I82880672,Beihang University,https://openalex.org/I82880672,China Agricultural University,https://openalex.org/I52158045,China Agricultural University,https://openalex.org/I52158045,China Agricultural University,https://openalex.org/I52158045,,,,,Soochow University,https://openalex.org/I3923682,Soochow University,https://openalex.org/I3923682,,,,,,,,,,,81th Hospital of PLA,https://openalex.org/I4210118317,,,,,,,,,,,,,,,,,,,,,,,,,,,,,,,,,,,,,,
Yuan Ou,A5028036445,5,,,South China University of Technology,https://openalex.org/I90610280,Xihua University,https://openalex.org/I102345215,,,Tsinghua University,https://openalex.org/I99065089,,,,,,,Xihua University,https://openalex.org/I102345215,Tianjin Normal University,https://openalex.org/I15062923,Tianjin Normal University,https://openalex.org/I15062923,Beijing Forestry University,https://openalex.org/I31683504,,,,,,,,,,,,,,,,,,,,,,,,,,,,,,,,,,,,,,,,,,,,,,,,,,,,,,,,,,
Shengfeng Ye,A5030693568,5,,,Chinese Academy of Forestry,https://openalex.org/I4210128615,Institute of Chemical Industry of Forest Products,https://openalex.org/I4210111829,Chinese Academy of Forestry,https://openalex.org/I4210128615,Chinese Academy of Forestry,https://openalex.org/I4210128615,Institute of Chemical Industry of Forest Products,https://openalex.org/I4210111829,State Forestry and Grassland Administration,https://openalex.org/I4210134523,,,,,,,,,,,China Agricultural University,https://openalex.org/I52158045,,,China Agricultural University,https://openalex.org/I52158045,China Agricultural University,https://openalex.org/I52158045,,,,,,,China Agricultural University,https://openalex.org/I52158045,Wuhan University,https://openalex.org/I37461747,,,,,,,,,,,,,,,,,,,,,,,,,,,,,,,,,,,,,,,,
Ruoyu Zhang,A5034697076,6,,,Zhoukou Normal University,https://openalex.org/I4210093674,Northwest A&F University,https://openalex.org/I89652312,,,Peng Huanwu Center for Fundamental Theory,https://openalex.org/I4210112519,Northwest A&F University,https://openalex.org/I89652312,Cornell University,https://openalex.org/I205783295,Cornell University,https://openalex.org/I205783295,Illumina (United States),https://openalex.org/I178645029,Cornell University,https://openalex.org/I205783295,Cornell University,https://openalex.org/I205783295,,,,,,,,,The University of Texas MD Anderson Cancer Center,https://openalex.org/I1343551460,,,,,,,,,,,,,,,,,,,,,,,,,,,,,,,,,,,,,,,,,,,,,,,,,,
Zhicheng Ma,A5045715549,2,,,China United Network Communications Group (China),https://openalex.org/I6507939,,,,,Lanzhou Jiaotong University,https://openalex.org/I3133134087,,,,,,,,,,,,,,,,,,,,,,,,,,,,,,,,,,,,,,,,,,,,,,,,,,,,,,,,,,,,,,,,,,,,,,,,
Yunfan Xiong,A5046575444,1,,,,,,,,,First Affiliated Hospital of Kunming Medical University,https://openalex.org/I4210120169,,,First Affiliated Hospital of Kunming Medical University,https://openalex.org/I4210120169,,,,,,,,,,,,,,,,,,,,,,,,,,,,,,,,,,,,,,,,,,,,,,,,,,,,,,,,,,,,,,,,,,,,
Xiaokang Zhang,A5048566877,1,,,,,,,China Agricultural University,https://openalex.org/I52158045,,,,,,,,,,,,,,,,,,,,,,,,,,,,,,,,,,,,,,,,,,,,,,,,,,,,,,,,,,,,,,,,,,,,,,,,,,
Ruisong Zhang,A5048832336,4,Institute of Automation,https://openalex.org/I4210112150,University of Chinese Academy of Sciences,https://openalex.org/I4210165038,China University of Geosciences (Beijing),https://openalex.org/I3125743391,University of Chinese Academy of Sciences,https://openalex.org/I4210165038,University of Chinese Academy of Sciences,https://openalex.org/I4210165038,,,,,,,China National Petroleum Corporation (China),https://openalex.org/I98227222,,,,,,,,,,,,,,,,,,,,,,,,,,,,,,,,,,,,,,,,,,,,,,,,,,,,,,,,,,,,,,,,
Yi Yu,A5060198927,10,Chinese Academy of Agricultural Sciences,https://openalex.org/I4210138501,South China University of Technology,https://openalex.org/I90610280,South China University of Technology,https://openalex.org/I90610280,South China University of Technology,https://openalex.org/I90610280,South China University of Technology,https://openalex.org/I90610280,Nanjing University of Aeronautics and Astronautics,https://openalex.org/I9842412,Nanjing University of Aeronautics and Astronautics,https://openalex.org/I9842412,South China University of Technology,https://openalex.org/I90610280,"University of California, Berkeley",https://openalex.org/I95457486,"University of California, Berkeley",https://openalex.org/I95457486,"University of California, Berkeley",https://openalex.org/I95457486,Nanjing University of Aeronautics and Astronautics,https://openalex.org/I9842412,Tsinghua University,https://openalex.org/I99065089,Tsinghua University,https://openalex.org/I99065089,Tsinghua University,https://openalex.org/I99065089,Tsinghua University,https://openalex.org/I99065089,,,National Taiwan University,https://openalex.org/I16733864,"Changchun Institute of Optics, Fine Mechanics and Physics",https://openalex.org/I4210088164,University of Amsterdam,https://openalex.org/I887064364,,,,,,,,,,,,,Shanghai Institute of Microsystem and Information Technology,https://openalex.org/I4210147322,,,Shanghai Institute of Microsystem and Information Technology,https://openalex.org/I4210147322,,,,,,,,,McMaster University,https://openalex.org/I98251732,,,McMaster University,https://openalex.org/I98251732,,,,,,,,,,
Yang Zhang,A5065385441,2,,,Sichuan University,https://openalex.org/I24185976,Sichuan University,https://openalex.org/I24185976,,,,,,,Sichuan University,https://openalex.org/I24185976,,,,,,,Sichuan University,https://openalex.org/I24185976,,,,,,,,,Sichuan University,https://openalex.org/I24185976,Sichuan University,https://openalex.org/I24185976,Institute of High Energy Physics,https://openalex.org/I4210137180,,,,,,,,,,,,,,,,,,,,,,,,,,,,,,,,,,,,,,,,,,,,,,
Zhiyu Wu,A5071782544,8,Hainan University,https://openalex.org/I20942203,Wuhan Institute of Technology,https://openalex.org/I91125648,Shanxi Datong University,https://openalex.org/I5422934,Wuhan Textile University,https://openalex.org/I4210119942,Wuhan Textile University,https://openalex.org/I4210119942,Wuhan Textile University,https://openalex.org/I4210119942,,,Hainan University,https://openalex.org/I20942203,Hainan University,https://openalex.org/I20942203,,,,,Hainan University,https://openalex.org/I20942203,,,Shenyang University of Chemical Technology,https://openalex.org/I48780066,,,,,,,Hainan University,https://openalex.org/I20942203,Block Engineering (United States),https://openalex.org/I4210121678,,,,,,,Suzhou University of Science and Technology,https://openalex.org/I308837,Auburn University,https://openalex.org/I82497590,,,,,,,,,,,,,,,,,,,,,,,,,,,,,,,,,,
Ziyi Gao,A5075527381,4,,,Liaoning University,https://openalex.org/I118803816,Nanfang Hospital,https://openalex.org/I4210103346,Beijing Forestry University,https://openalex.org/I31683504,Qinghai University for Nationalities,https://openalex.org/I290007724,,,,,,,,,,,,,,,,,,,,,,,,,,,,,,,,,,,,,,,,,,,,,,,,,,,,,,,,,,,,,,,,,,,,,,,,
Chengda Lu,A5090328003,5,Intelligent Automation (United States),https://openalex.org/I4210130203,Shandong Institute of Automation,https://openalex.org/I4210094879,Shandong Institute of Automation,https://openalex.org/I4210094879,Shandong Institute of Automation,https://openalex.org/I4210094879,Shandong Institute of Automation,https://openalex.org/I4210094879,Ministry of Natural Resources,https://openalex.org/I4210127658,Shandong Institute of Automation,https://openalex.org/I4210094879,Swinburne University of Technology,https://openalex.org/I57093077,Swinburne University of Technology,https://openalex.org/I57093077,Swinburne University of Technology,https://openalex.org/I57093077,China University of Geosciences,https://openalex.org/I3124059619,,,,,,,,,,,,,,,,,,,,,,,,,,,,,,,,,,,,,,,,,,,,,,,,,,,,,,,,,,,,
Yuxiang Luo,A5100569167,3,,,Hunan University of Technology,https://openalex.org/I49934816,Hainan Agricultural School,https://openalex.org/I4210145393,Hainan Agricultural School,https://openalex.org/I4210145393,,,,,,,,,,,,,,,,,,,,,,,,,,,Guizhou Electric Power Design and Research Institute,https://openalex.org/I4210145500,,,,,,,,,,,,,,,,,,,,,,,,,,,,,,,,,,,,,,,,,,,,,,
Xin Cheng,A5100692497,5,,,Beijing Jiaotong University,https://openalex.org/I21193070,Shanghai University of Medicine and Health Sciences,https://openalex.org/I4210135985,Renmin University of China,https://openalex.org/I78988378,Beijing Jiaotong University,https://openalex.org/I21193070,Beijing Jiaotong University,https://openalex.org/I21193070,,,,,,,Beijing Jiaotong University,https://openalex.org/I21193070,,,,,,,,,,,,,Southeast University,https://openalex.org/I76569877,,,,,,,,,Harbin Institute of Technology,https://openalex.org/I204983213,,,,,,,,,,,,,,,,,,,,,,,,,,,,,,,,,,,,,,
Junlong Li,A5100757072,10,Weifang University,https://openalex.org/I66883779,Chongqing Medical University,https://openalex.org/I87780372,Fuzhou University,https://openalex.org/I80947539,University of Bath,https://openalex.org/I51601045,Tsinghua University,https://openalex.org/I99065089,Tsinghua University,https://openalex.org/I99065089,University of Bath,https://openalex.org/I51601045,Beijing University of Civil Engineering and Architecture,https://openalex.org/I62853816,,,Huawei Technologies (China),https://openalex.org/I2250955327,,,Harbin Institute of Technology,https://openalex.org/I204983213,,,,,,,,,,,,,Shenyang Aerospace University,https://openalex.org/I125904092,Kunming University,https://openalex.org/I146071755,,,,,,,,,,,,,,,,,,,,,,,,,,,,,,,,,,,,,,,,,,
Yiyang Ma,A5101360646,3,Guangzhou University,https://openalex.org/I37987034,Guangzhou University,https://openalex.org/I37987034,Peking University,https://openalex.org/I20231570,King Mongkut's University of Technology Thonburi,https://openalex.org/I60837268,,,,,,,,,,,,,,,,,,,,,,,,,,,,,,,,,,,,,,,,,,,,,,,,,,,,,,,,,,,,,,,,,,,,,,,,,,
Bing Xue,A5101472713,8,,,Scientific Methods (United States),https://openalex.org/I4210145164,,,Jilin University,https://openalex.org/I194450716,Jilin Medical University,https://openalex.org/I4210136497,Zhejiang Ocean University,https://openalex.org/I31847773,Shaanxi University of Science and Technology,https://openalex.org/I51622183,Zhejiang Ocean University,https://openalex.org/I31847773,Xinjiang University,https://openalex.org/I96908189,,,Jilin Medical University,https://openalex.org/I4210136497,University of Minnesota,https://openalex.org/I130238516,Jilin University,https://openalex.org/I194450716,Southwest Jiaotong University,https://openalex.org/I4800084,,,Jilin Medical University,https://openalex.org/I4210136497,Jilin University,https://openalex.org/I194450716,Jilin Medical University,https://openalex.org/I4210136497,Jilin University,https://openalex.org/I194450716,Jilin University,https://openalex.org/I194450716,,,,,,,,,,,,,,,,,,,,,,,,,,,,,,,,,,,,,,,,,,
Yu Wu,A5101709477,5,,,Power Grid Corporation (India),https://openalex.org/I867306930,Microsoft Research Asia (China),https://openalex.org/I4210113369,Microsoft Research (United Kingdom),https://openalex.org/I4210164937,Microsoft Research (United Kingdom),https://openalex.org/I4210164937,Microsoft Research (United Kingdom),https://openalex.org/I4210164937,Microsoft Research (United Kingdom),https://openalex.org/I4210164937,Beihang University,https://openalex.org/I82880672,Beihang University,https://openalex.org/I82880672,Beihang University,https://openalex.org/I82880672,Beihang University,https://openalex.org/I82880672,Beihang University,https://openalex.org/I82880672,,,,,Wuhan University,https://openalex.org/I37461747,,,,,Wuhan University,https://openalex.org/I37461747,Wuhan University,https://openalex.org/I37461747,,,,,,,,,,,,,,,,,,,,,,,,,,,,,,,,,,,,,,,,,,,,
Tao Yun,A5102213433,17,,,Anhui Polytechnic University,https://openalex.org/I70908550,Anhui Polytechnic University,https://openalex.org/I70908550,Anhui Polytechnic University,https://openalex.org/I70908550,Nanjing University of Aeronautics and Astronautics,https://openalex.org/I9842412,China Astronaut Research and Training Center,https://openalex.org/I4210163738,,,Zhongshan Hospital,https://openalex.org/I4210127074,City University of Macau,https://openalex.org/I6469544,,,Wuhan University,https://openalex.org/I37461747,First Affiliated Hospital of Soochow University,https://openalex.org/I4210153519,,,West Anhui University,https://openalex.org/I4210147745,China Meteorological Administration,https://openalex.org/I141301092,Chang'an University,https://openalex.org/I25355098,South China University of Technology,https://openalex.org/I90610280,China Meteorological Administration,https://openalex.org/I141301092,,,Anhui University,https://openalex.org/I143868143,Jiangsu Provincial Institute of Geological Survey,https://openalex.org/I4210131771,,,Yunnan University,https://openalex.org/I189210763,Yunnan Observatories,https://openalex.org/I2801168720,CAO Group (United States),https://openalex.org/I4210152159,,,,,,,,,,,,,,,,,,,,,,,Shanghai Institute of Planned Parenthood Research,https://openalex.org/I4210127634,,,,,,,,
Xuheng Lin,A5102457348,1,,,,,,,,,,,,,,,China United Network Communications Group (China),https://openalex.org/I6507939,,,,,,,,,,,,,,,,,,,,,,,,,,,,,,,,,,,,,,,,,,,,,,,,,,,,,,,,,,,,,,,,,,
Zijia Zhu,A5102510461,4,Shanghai Jiao Tong University,https://openalex.org/I183067930,Tsinghua University,https://openalex.org/I99065089,Shanghai Jiao Tong University,https://openalex.org/I183067930,Shanghai Center for Brain Science and Brain-Inspired Technology,https://openalex.org/I4210164150,Shanghai Jiao Tong University,https://openalex.org/I183067930,First Affiliated Hospital of Zhengzhou University,https://openalex.org/I4210156804,First Affiliated Hospital of Zhengzhou University,https://openalex.org/I4210156804,First Affiliated Hospital of Zhengzhou University,https://openalex.org/I4210156804,,,,,,,,,,,,,,,,,,,,,,,,,,,,,,,,,,,,,,,,,,,,,,,,,,,,,,,,,,,,,,,,,,
Z. F. Wu,A5102697103,2,Guangzhou University,https://openalex.org/I37987034,Guangzhou University,https://openalex.org/I37987034,Guangzhou University,https://openalex.org/I37987034,,,,,,,,,,,,,,,,,,,,,Chinese Academy of Agricultural Sciences,https://openalex.org/I4210138501,,,Chinese Academy of Agricultural Sciences,https://openalex.org/I4210138501,,,,,,,,,,,,,,,,,,,,,,,,,,,,,,,,,,,,,,,,,,,,,,,,,,
Bochao Wu,A5103178710,6,,,Inner Mongolia Medical University,https://openalex.org/I44673925,Structural Integrity Associates (United States),https://openalex.org/I4210128902,Nantong University,https://openalex.org/I199305430,Southwest Jiaotong University,https://openalex.org/I4800084,University of Chinese Academy of Sciences,https://openalex.org/I4210165038,University of Chinese Academy of Sciences,https://openalex.org/I4210165038,University of Chinese Academy of Sciences,https://openalex.org/I4210165038,Nantong University,https://openalex.org/I199305430,China Electronics Technology Group Corporation,https://openalex.org/I2800372957,,,,,,,,,,,,,,,,,,,,,,,,,,,,,,,,,,,,,,,,,,,,,,,,,,,,,,,,,,,,,,
Litong Wang,A5103211182,8,,,Qilu Hospital of Shandong University,https://openalex.org/I4210161528,Second Affiliated Hospital of Dalian Medical University,https://openalex.org/I4210100868,Second Affiliated Hospital of Dalian Medical University,https://openalex.org/I4210100868,Second Affiliated Hospital of Dalian Medical University,https://openalex.org/I4210100868,Second Affiliated Hospital of Dalian Medical University,https://openalex.org/I4210100868,North China Electric Power University,https://openalex.org/I153473198,Yangzhou University,https://openalex.org/I78978612,Liaoning University of Traditional Chinese Medicine,https://openalex.org/I2800959905,Second Affiliated Hospital of Dalian Medical University,https://openalex.org/I4210100868,Zhejiang University of Technology,https://openalex.org/I55712492,,,Harbin Engineering University,https://openalex.org/I151727225,Zhejiang University of Technology,https://openalex.org/I55712492,Zhejiang University of Technology,https://openalex.org/I55712492,Zhejiang University of Technology,https://openalex.org/I55712492,Zhejiang University of Technology,https://openalex.org/I55712492,Chongqing University,https://openalex.org/I158842170,Chongqing University,https://openalex.org/I158842170,,,,,,,,,,,,,,,,,,,,,,,,,,,,,,,,,,,,,,,,,,,,
Zizheng Pan,A5104206167,2,,,Monash University,https://openalex.org/I56590836,Monash University,https://openalex.org/I56590836,Monash University,https://openalex.org/I56590836,Monash University,https://openalex.org/I56590836,Monash University,https://openalex.org/I56590836,University of Adelaide,https://openalex.org/I5681781,,,,,,,,,,,,,,,,,,,,,,,,,,,,,,,,,,,,,,,,,,,,,,,,,,,,,,,,,,,,,,,,,,,,
Zhean Xu,A5104332671,3,,,Purple Mountain Observatory,https://openalex.org/I2802340896,Chinese Academy of Sciences,https://openalex.org/I19820366,Purple Mountain Observatory,https://openalex.org/I2802340896,Purple Mountain Observatory,https://openalex.org/I2802340896,Purple Mountain Observatory,https://openalex.org/I2802340896,,,Purple Mountain Observatory,https://openalex.org/I2802340896,Purple Mountain Observatory,https://openalex.org/I2802340896,University of Science and Technology of China,https://openalex.org/I126520041,,,,,,,,,,,,,,,,,,,,,,,,,,,,,,,,,,,,,,,,,,,,,,,,,,,,,,,,,,,,,,
Yisong Wang,A5104684132,2,Northeastern University,https://openalex.org/I9224756,Northeastern University,https://openalex.org/I9224756,Taizhou University,https://openalex.org/I82760581,,,,,,,,,,,,,,,,,,,,,,,,,,,,,,,,,,,,,,,,,,,,,,,,,,,,,,,,,,,,,,,,,,,,,,,,,,,,
H. Zhang,A5108346243,4,Anhui University,https://openalex.org/I143868143,,,West China Hospital of Sichuan University,https://openalex.org/I4210089761,,,,,First Affiliated Hospital of Anhui Medical University,https://openalex.org/I4210136596,,,,,,,,,,,Chinese Center For Disease Control and Prevention,https://openalex.org/I184490438,,,,,,,,,,,,,,,,,,,,,,,,,,,,,,,,,,,,,,,,,,,,,,,,,,,,,,,,,,
Jianzhong Guo,A5111161539,5,,,Division of Materials Science and Engineering,https://openalex.org/I4210129794,Zhejiang A & F University,https://openalex.org/I1284762954,Zhejiang Academy of Forestry,https://openalex.org/I4210166194,Zhejiang Academy of Forestry,https://openalex.org/I4210166194,Zhejiang A & F University,https://openalex.org/I1284762954,Zhejiang A & F University,https://openalex.org/I1284762954,Jiyang College of Zhejiang A&F University,https://openalex.org/I4210126248,Zhejiang A & F University,https://openalex.org/I1284762954,Zhejiang Academy of Forestry,https://openalex.org/I4210166194,Zhejiang A & F University,https://openalex.org/I1284762954,,,Zhejiang A & F University,https://openalex.org/I1284762954,,,Zhejiang A & F University,https://openalex.org/I1284762954,Zhejiang A & F University,https://openalex.org/I1284762954,Zhejiang A & F University,https://openalex.org/I1284762954,Zhejiang University,https://openalex.org/I76130692,Zhejiang University,https://openalex.org/I76130692,Zhejiang University,https://openalex.org/I76130692,,,Zhejiang Academy of Forestry,https://openalex.org/I4210166194,,,,,,,,,,,,,,,,,,,,,,,,,,,,,,,,,,,,,,
Zhengyan Zhang,A5111176285,0,,,,,,,,,,,,,,,,,,,,,,,,,,,,,,,,,,,,,,,,,,,,,,,,,,,,,,,,,,,,,,,,,,,,,,,,,,,,,,,,,,
Shuting Pan,A5113628365,1,,,,,,,,,,,,,,,,,,,,,,,First Affiliated Hospital of Nanchang University,https://openalex.org/I4210164024,,,,,,,,,,,,,,,,,,,,,,,,,,,,,,,,,,,,,,,,,,,,,,,,,,,,,,,,,,
Mingxu Zhou,A5032538237,6,,,State Key Laboratory of Crystal Materials,https://openalex.org/I4391768157,Nanning Normal University,https://openalex.org/I4210151929,Xinxiang Medical University,https://openalex.org/I80626142,Yunnan Institute of Tropical Crops,https://openalex.org/I4210145338,Jiangsu Academy of Agricultural Sciences,https://openalex.org/I4210087107,Yangzhou University,https://openalex.org/I78978612,Yangzhou University,https://openalex.org/I78978612,Yangzhou University,https://openalex.org/I78978612,,,Yangzhou University,https://openalex.org/I78978612,Yangzhou University,https://openalex.org/I78978612,Yangzhou University,https://openalex.org/I78978612,Yangzhou University,https://openalex.org/I78978612,Yangzhou University,https://openalex.org/I78978612,,,,,,,,,,,,,,,,,,,,,,,,,,,,,,,,,,,,,,,,,,,,,,,,,,,,
Yue Gong,A5065675807,4,,,First Affiliated Hospital of Nanchang University,https://openalex.org/I4210164024,Fudan University Shanghai Cancer Center,https://openalex.org/I4210093194,Fudan University Shanghai Cancer Center,https://openalex.org/I4210093194,PLA 306 Hospital,https://openalex.org/I4210107698,305 Hospital of People Liberation Army,https://openalex.org/I4210139604,First Affiliated Hospital of Nanchang University,https://openalex.org/I4210164024,Fudan University Shanghai Cancer Center,https://openalex.org/I4210093194,First Affiliated Hospital of Nanchang University,https://openalex.org/I4210164024,Fudan University Shanghai Cancer Center,https://openalex.org/I4210093194,,,,,,,,,,,,,,,,,,,,,,,,,,,,,,,,,,,,,,,,,,,,,,,,,,,,,,,,,,,,,,
Y. Wu,A5075693457,8,,,Shanghai Electric (China),https://openalex.org/I4210126065,Hangzhou Normal University,https://openalex.org/I163151501,First Affiliated Hospital of Wenzhou Medical University,https://openalex.org/I2801769982,Institute of Chemistry,https://openalex.org/I4210155088,Hangzhou Normal University,https://openalex.org/I163151501,Hangzhou Normal University,https://openalex.org/I163151501,Northeast Normal University,https://openalex.org/I184983240,Institute of Applied Ecology,https://openalex.org/I4210110024,Institute of Applied Ecology,https://openalex.org/I4210110024,Institute of Applied Ecology,https://openalex.org/I4210110024,Hangzhou Normal University,https://openalex.org/I163151501,Guangxi Normal University,https://openalex.org/I29739308,Hangzhou Normal University,https://openalex.org/I163151501,Hangzhou Normal University,https://openalex.org/I163151501,Sichuan Institute of Building Research,https://openalex.org/I4210131782,,,,,,,,,,,,,,,,,Institute of Applied Ecology,https://openalex.org/I4210110024,,,,,,,,,,,,,,,,,,,,,,,,,,,,,,,,
Xinyuan Li,A5100663165,6,,,Xuchang University,https://openalex.org/I903994226,,,Ministry of Agriculture and Rural Affairs,https://openalex.org/I4210151987,Agriculture and Forestry University,https://openalex.org/I2801534221,,,Peking University,https://openalex.org/I20231570,Nanjing University,https://openalex.org/I881766915,Qiqihar Medical University,https://openalex.org/I899859998,Peking University,https://openalex.org/I20231570,,,,,,,,,,,,,,,,,,,,,,,,,,,,,,,,,,,,,,,,,,,,,,,,,,,,,,,,,,,,,,
Kexin Huang,A5102892551,8,National University of Defense Technology,https://openalex.org/I170215575,Affiliated Hospital of Qingdao University,https://openalex.org/I4210116869,National University of Defense Technology,https://openalex.org/I170215575,Jilin University,https://openalex.org/I194450716,Jilin University,https://openalex.org/I194450716,Nanjing Forestry University,https://openalex.org/I167027274,Jilin University,https://openalex.org/I194450716,Nanjing Forestry University,https://openalex.org/I167027274,,,,,,,Jilin Medical University,https://openalex.org/I4210136497,,,North China Electric Power University,https://openalex.org/I153473198,Zhanjiang Experimental Station,https://openalex.org/I4210151662,,,Jilin University,https://openalex.org/I194450716,,,,,,,Northwestern Polytechnical University,https://openalex.org/I17145004,,,,,,,,,,,,,,,,,,,,,,,,,,,,,,,,,,,,,,,,
Yinmin Zhong,A5000644890,1,,,Peking University,https://openalex.org/I20231570,Peking University,https://openalex.org/I20231570,Peking University,https://openalex.org/I20231570,,,,,,,,,,,,,,,,,,,,,,,,,,,,,,,,,,,,,,,,,,,,,,,,,,,,,,,,,,,,,,,,,,,,,,,,,,
Kexing Zhou,A5000718123,1,,,Peking University,https://openalex.org/I20231570,Peking University,https://openalex.org/I20231570,Peking University,https://openalex.org/I20231570,Peking University,https://openalex.org/I20231570,Peking University,https://openalex.org/I20231570,,,,,,,,,,,,,,,,,,,,,,,,,,,,,,,,,,,,,,,,,,,,,,,,,,,,,,,,,,,,,,,,,,,,,,
Tian Ye,A5001904065,10,Hospital of Hebei Province,https://openalex.org/I4210090615,Beijing Friendship Hospital,https://openalex.org/I4210147433,Beijing Friendship Hospital,https://openalex.org/I4210147433,Beijing Friendship Hospital,https://openalex.org/I4210147433,Beijing Friendship Hospital,https://openalex.org/I4210147433,Second Hospital of Hebei Medical University,https://openalex.org/I4210099373,Henan Normal University,https://openalex.org/I75955062,Pukyong National University,https://openalex.org/I8991828,Penn State Milton S. Hershey Medical Center,https://openalex.org/I82783531,Beijing Friendship Hospital,https://openalex.org/I4210147433,Chinese PLA General Hospital,https://openalex.org/I2802939634,,,Beijing Friendship Hospital,https://openalex.org/I4210147433,Lifeline Hospital,https://openalex.org/I4210162228,,,,,,,,,,,Soochow University,https://openalex.org/I3923682,,,,,General Hospital of Guangzhou Military Command,https://openalex.org/I4210099466,,,,,,,,,,,,,,,,,,,,,,,,,,,,,,,,,,,,
Zongqing Yao,A5003259585,1,,,Shanghai Tunnel Engineering Rail Transit Design & Research Institute,https://openalex.org/I4210118977,,,,,,,,,,,,,,,,,,,,,,,,,,,,,,,,,,,,,,,,,,,,,,,,,,,,,,,,,,,,,,,,,,,,,,,,,,,,,,
Shengyu Liu,A5004265996,1,,,Chinese Academy of Fishery Sciences,https://openalex.org/I46529539,Chinese Academy of Fishery Sciences,https://openalex.org/I46529539,,,,,,,,,,,Chinese Academy of Fishery Sciences,https://openalex.org/I46529539,Chinese Academy of Fishery Sciences,https://openalex.org/I46529539,,,,,,,Chinese Academy of Fishery Sciences,https://openalex.org/I46529539,,,,,,,,,,,,,,,,,,,,,,,,,,,,,,,,,,,,,,,,,,,,,,,,,,,,,,
Jingyuan Cheng,A5007742979,1,,,,,,,,,,,,,,,Fujian Normal University,https://openalex.org/I111753288,Fujian Normal University,https://openalex.org/I111753288,,,,,,,,,,,,,,,,,,,,,,,,,,,,,,,,,,,,,,,,,,,,,,,,,,,,,,,,,,,,,,,,
Shengding Hu,A5010557815,2,,,Tsinghua University,https://openalex.org/I99065089,Tsinghua University,https://openalex.org/I99065089,Tsinghua University,https://openalex.org/I99065089,Tsinghua University,https://openalex.org/I99065089,PRG S&Tech (South Korea),https://openalex.org/I4390039265,Tsinghua University,https://openalex.org/I99065089,,,,,,,,,,,,,,,,,,,,,,,,,,,,,,,,,,,,,,,,,,,,,,,,,,,,,,,,,,,,,,,,,,,,
Huanqi Cao,A5016089490,3,,,,,Tsinghua University,https://openalex.org/I99065089,Tsinghua University,https://openalex.org/I99065089,Tsinghua University,https://openalex.org/I99065089,Tsinghua University,https://openalex.org/I99065089,Tsinghua University,https://openalex.org/I99065089,Tsinghua University,https://openalex.org/I99065089,,,University of Science and Technology of China,https://openalex.org/I126520041,,,,,,,,,,,,,,,,,,,,,,,,,,,,,Lehigh University,https://openalex.org/I186143895,,,Lehigh University,https://openalex.org/I186143895,,,Lehigh University,https://openalex.org/I186143895,Lehigh University,https://openalex.org/I186143895,,,,,,,,,,,,,,,,,,,,,,
Haozhe Ji,A5020700222,3,,,,,Jiamusi University,https://openalex.org/I151893264,,,Tsinghua University,https://openalex.org/I99065089,Tsinghua University,https://openalex.org/I99065089,Tsinghua University,https://openalex.org/I99065089,,,Tsinghua University,https://openalex.org/I99065089,,,,,,,,,,,,,,,,,,,,,,,,,Henan Forestry Vocational College,https://openalex.org/I4210146584,,,,,,,,,,,,,,,,,,,,,,,,,,,,,,,,,,,,,,
Kezhao Huang,A5023674199,1,,,Tsinghua University,https://openalex.org/I99065089,Tsinghua University,https://openalex.org/I99065089,,,,,Tsinghua University,https://openalex.org/I99065089,,,,,,,,,,,,,,,,,,,,,,,,,,,,,,,,,,,,,,,,,,,,,,,,,,,,,,,,,,,,,,,,,,,,,,
Ying Zhou,A5025286172,15,,,China Medical University,https://openalex.org/I91656880,Dana-Farber Cancer Institute,https://openalex.org/I4210117453,Auburn University,https://openalex.org/I82497590,Nanjing Medical University,https://openalex.org/I83519826,Fred Hutch Cancer Center,https://openalex.org/I4210089486,Shanghai First Maternity and Infant Hospital,https://openalex.org/I4210153623,First Affiliated Hospital of Soochow University,https://openalex.org/I4210153519,University of Chinese Academy of Sciences,https://openalex.org/I4210165038,University of Chinese Academy of Sciences,https://openalex.org/I4210165038,University of Chinese Academy of Sciences,https://openalex.org/I4210165038,Shanghai Institutes for Biological Sciences,https://openalex.org/I4210106477,Children's Hospital of Fudan University,https://openalex.org/I4210159329,Xiangya Hospital Central South University,https://openalex.org/I4210159865,Xiangya Hospital Central South University,https://openalex.org/I4210159865,Hunan Provincial Maternal and Child Health Hospital,https://openalex.org/I4210166238,Chinese People's Liberation Army,https://openalex.org/I4210160531,,,Second Xiangya Hospital of Central South University,https://openalex.org/I4210153856,,,,,,,,,,,,,,,,,,,,,,,University of Southern California,https://openalex.org/I1174212,,,,,,,,,,,,,,,,,,,,
Jun Ran,A5029163663,3,,,Jiangxi Agricultural University,https://openalex.org/I74837319,Huazhong University of Science and Technology,https://openalex.org/I47720641,Huazhong University of Science and Technology,https://openalex.org/I47720641,Huazhong University of Science and Technology,https://openalex.org/I47720641,Huazhong University of Science and Technology,https://openalex.org/I47720641,Huazhong University of Science and Technology,https://openalex.org/I47720641,,,Huazhong University of Science and Technology,https://openalex.org/I47720641,Huazhong University of Science and Technology,https://openalex.org/I47720641,Huazhong University of Science and Technology,https://openalex.org/I47720641,Huazhong University of Science and Technology,https://openalex.org/I47720641,,,,,,,Chinese Academy of Sciences,https://openalex.org/I19820366,,,,,,,,,,,,,,,,,,,,,,,,,,,,,,,,,,,,,,,,,,,,,,,,,,
Jiewen Hu,A5030169073,3,,,Carnegie Mellon University,https://openalex.org/I74973139,Virginia Tech,https://openalex.org/I859038795,Virginia Tech,https://openalex.org/I859038795,Apple (United States),https://openalex.org/I4210153776,Virginia Tech,https://openalex.org/I859038795,Virginia Tech,https://openalex.org/I859038795,Virginia Tech,https://openalex.org/I859038795,Virginia Tech,https://openalex.org/I859038795,,,,,,,,,,,,,,,,,,,,,,,,,,,,,,,,,,,,,,,,,,,,,,,,,,,,,,,,,,,,,,,,
Yuanfan Xu,A5035964223,1,Tsinghua University,https://openalex.org/I99065089,Tsinghua University,https://openalex.org/I99065089,Tsinghua University,https://openalex.org/I99065089,Tsinghua University,https://openalex.org/I99065089,Tsinghua University,https://openalex.org/I99065089,Tsinghua University,https://openalex.org/I99065089,Tsinghua University,https://openalex.org/I99065089,Tsinghua University,https://openalex.org/I99065089,,,,,,,,,,,,,,,,,,,,,,,,,,,,,,,,,,,,,,,,,,,,,,,,,,,,,,,,,,,,,,,,,,
Lingxiao Luo,A5036387082,1,,,,,,,Obstetrics and Gynecology Hospital of Fudan University,https://openalex.org/I4210146205,,,,,Obstetrics and Gynecology Hospital of Fudan University,https://openalex.org/I4210146205,,,,,,,,,,,,,,,,,,,,,,,,,,,,,,,,,,,,,,,,,,,,,,,,,,,,,,,,,,,,,,,,,,,,
Xuwei Fu,A5040119265,3,,,,,,,Suzhou Institute of Nano-tech and Nano-bionics,https://openalex.org/I4210092495,Wuhan Engineering Science & Technology Institute,https://openalex.org/I4210148639,Wuhan Engineering Science & Technology Institute,https://openalex.org/I4210148639,Wuhan Engineering Science & Technology Institute,https://openalex.org/I4210148639,,,,,Shaanxi Normal University,https://openalex.org/I88830068,Shaanxi Normal University,https://openalex.org/I88830068,,,,,,,,,,,,,,,,,,,,,,,,,,,,,,,,,,,,,,,,,,,,,,,,,,,,,,,,,,,,
Hao Li,A5042878459,5,,,National University of Singapore,https://openalex.org/I165932596,Zhejiang University,https://openalex.org/I76130692,,,China Agricultural University,https://openalex.org/I52158045,,,,,Hong Kong Baptist University,https://openalex.org/I141568987,University of Oklahoma,https://openalex.org/I8692664,University of Oklahoma,https://openalex.org/I8692664,,,,,,,,,,,,,,,,,,,,,,,,,,,,,,,,,,,,,,,,,,,,,,,,,,,,,,,,,,,,,,
Ziyang Song,A5043597604,2,,,Beijing University of Chemical Technology,https://openalex.org/I75390827,,,,,,,,,Beijing Children’s Hospital,https://openalex.org/I4210144404,Beijing Children’s Hospital,https://openalex.org/I4210144404,,,,,,,,,,,,,,,,,,,,,,,,,,,,,,,,,,,,,,,,,,,,,,,,,,,,,,,,,,,,,,,,,,
Songyang Zhou,A5047145856,15,,,Hainan Medical University,https://openalex.org/I79731167,Sun Yat-sen Memorial Hospital,https://openalex.org/I4210097354,Guangzhou Regenerative Medicine and Health Guangdong Laboratory,https://openalex.org/I4210107668,Guangzhou Regenerative Medicine and Health Guangdong Laboratory,https://openalex.org/I4210107668,Guangzhou Regenerative Medicine and Health Guangdong Laboratory,https://openalex.org/I4210107668,Guangzhou Regenerative Medicine and Health Guangdong Laboratory,https://openalex.org/I4210107668,Jiangsu Province Hospital,https://openalex.org/I4210152119,Sun Yat-sen University Cancer Center,https://openalex.org/I4210146711,Children's Cancer Center,https://openalex.org/I4210150362,Sun Yat-sen University Cancer Center,https://openalex.org/I4210146711,Sun Yat-sen University Cancer Center,https://openalex.org/I4210146711,"The First Affiliated Hospital, Sun Yat-sen University",https://openalex.org/I4210128921,"The First Affiliated Hospital, Sun Yat-sen University",https://openalex.org/I4210128921,Key Laboratory of Guangdong Province,https://openalex.org/I4210098034,Baylor College of Medicine,https://openalex.org/I181547552,Baylor College of Medicine,https://openalex.org/I181547552,Mars (United States),https://openalex.org/I4210113968,Baylor College of Medicine,https://openalex.org/I181547552,Baylor College of Medicine,https://openalex.org/I181547552,Baylor College of Medicine,https://openalex.org/I181547552,,,Baylor College of Medicine,https://openalex.org/I181547552,Beth Israel Deaconess Hospital,https://openalex.org/I2801337628,"University of California, San Diego",https://openalex.org/I36258959,Baylor College of Medicine,https://openalex.org/I181547552,Baylor College of Medicine,https://openalex.org/I181547552,Massachusetts Institute of Technology,https://openalex.org/I63966007,Rockefeller University,https://openalex.org/I83399316,McGill University,https://openalex.org/I5023651,Beth Israel Deaconess Hospital,https://openalex.org/I2801337628,Beth Israel Deaconess Hospital,https://openalex.org/I2801337628,Beth Israel Deaconess Hospital,https://openalex.org/I2801337628,Beth Israel Deaconess Hospital,https://openalex.org/I2801337628,,,,,,,,,,,,,,
Haowen Luo,A5049311422,2,Zhejiang University,https://openalex.org/I76130692,Zhejiang University,https://openalex.org/I76130692,Second Affiliated Hospital of Nanchang University,https://openalex.org/I4210108480,Second Affiliated Hospital of Nanchang University,https://openalex.org/I4210108480,,,Second Affiliated Hospital of Nanchang University,https://openalex.org/I4210108480,,,,,,,,,,,,,,,,,,,,,,,,,,,,,,,,,,,,,,,,,,,,,,,,,,,,,,,,,,,,,,,,,,,,,,
Wenjie Pang,A5049920338,1,,,,,,,,,,,,,,,,,,,,,Shanghai Jiao Tong University,https://openalex.org/I183067930,,,,,,,,,,,,,,,,,,,,,,,,,,,,,,,,,,,,,,,,,,,,,,,,,,,,,,,,,,,,
Xi Gao,A5050692023,4,Southeast University,https://openalex.org/I76569877,Southeast University,https://openalex.org/I76569877,Southeast University,https://openalex.org/I76569877,University of Delaware,https://openalex.org/I86501945,Southeast University,https://openalex.org/I76569877,Southeast University,https://openalex.org/I76569877,Southeast University,https://openalex.org/I76569877,"University of California, Davis",https://openalex.org/I84218800,University of Delaware,https://openalex.org/I86501945,Southeast University,https://openalex.org/I76569877,Southeast University,https://openalex.org/I76569877,Southeast University,https://openalex.org/I76569877,Southeast University,https://openalex.org/I76569877,Southeast University,https://openalex.org/I76569877,Southeast University,https://openalex.org/I76569877,Southeast University,https://openalex.org/I76569877,East China University of Political Science and Law,https://openalex.org/I78974044,East China University of Political Science and Law,https://openalex.org/I78974044,Southeast University,https://openalex.org/I76569877,Southeast University,https://openalex.org/I76569877,Southeast University,https://openalex.org/I76569877,Southeast University,https://openalex.org/I76569877,Southeast University,https://openalex.org/I76569877,Southeast University,https://openalex.org/I76569877,Southeast University,https://openalex.org/I76569877,Southeast University,https://openalex.org/I76569877,Southeast University,https://openalex.org/I76569877,Southeast University,https://openalex.org/I76569877,Southeast University,https://openalex.org/I76569877,Southeast University,https://openalex.org/I76569877,Southeast University,https://openalex.org/I76569877,Southeast University,https://openalex.org/I76569877,,,,,,,,,,,,,,,,,,
Xuan Lu,A5052404451,12,Dalian University,https://openalex.org/I4210092944,Zhejiang Medicine (China),https://openalex.org/I4210163926,Guangdong Ocean University,https://openalex.org/I79223203,Guangdong Ocean University,https://openalex.org/I79223203,Guangdong Ocean University,https://openalex.org/I79223203,Guangdong Ocean University,https://openalex.org/I79223203,Guangdong Ocean University,https://openalex.org/I79223203,Chongqing Municipal Health Commission,https://openalex.org/I4210160019,Wuhan University,https://openalex.org/I37461747,Zhejiang University,https://openalex.org/I76130692,Institute of Software,https://openalex.org/I4210128818,State Key Laboratory of Virology,https://openalex.org/I4391768268,Zhejiang University,https://openalex.org/I76130692,Peking University,https://openalex.org/I20231570,,,Zhongnan Hospital of Wuhan University,https://openalex.org/I4210120234,University of Chinese Academy of Sciences,https://openalex.org/I4210165038,,,,,,,Zhejiang University,https://openalex.org/I76130692,,,,,,,Eindhoven University of Technology,https://openalex.org/I83019370,,,,,,,,,,,,,,,,,,,,,,,,,,,,,,,,
Peixin Cong,A5054102678,1,,,Hohai University,https://openalex.org/I163340411,Hohai University,https://openalex.org/I163340411,Hohai University,https://openalex.org/I163340411,Hohai University,https://openalex.org/I163340411,Hohai University,https://openalex.org/I163340411,,,,,,,,,,,,,,,,,,,,,,,,,,,,,,,,,,,,,,,,,,,,,,,,,,,,,,,,,,,,,,,,,,,,,,
Tianyuan Yue,A5058110644,1,,,,,,,,,Beijing University of Posts and Telecommunications,https://openalex.org/I139759216,,,,,,,,,,,,,,,,,,,,,,,,,,,,,,,,,,,,,,,,,,,,,,,,,,,,,,,,,,,,,,,,,,,,,,,,
Yujia He,A5060991733,3,,,Shenzhen Technology University,https://openalex.org/I4210152380,Monash University,https://openalex.org/I56590836,,,State Key Laboratory of Biotherapy,https://openalex.org/I4391768003,,,,,,,,,,,,,,,,,,,,,,,,,,,,,,,,,,,,,,,,,,,,,,,,,,,,,,,,,,,,,,,,,,,,,,,,
Zian Xu,A5067424229,1,,,Shanghai Ninth People's Hospital,https://openalex.org/I4210097066,,,Shanghai Ninth People's Hospital,https://openalex.org/I4210097066,Shanghai Ninth People's Hospital,https://openalex.org/I4210097066,,,,,,,,,,,,,,,,,,,,,,,,,,,,,,,,,,,,,,,,,,,,,,,,,,,,,,,,,,,,,,,,,,,,,,,,
Yixiao Chen,A5068277084,4,,,Affiliated Hospital of Qingdao University,https://openalex.org/I4210116869,Donghua University,https://openalex.org/I181326427,Entrepreneurial Ecosystems,https://openalex.org/I4210164282,Guilin University of Technology,https://openalex.org/I38706770,,,,,,,,,,,,,,,,,,,,,,,,,,,,,,,,,,,,,,,,,,,,,,,,,,,,,,,,,,,,,,,,,,,,,,,,
Yanru Ma,A5070263617,5,,,The University of Texas Southwestern Medical Center,https://openalex.org/I867280407,,,,,University of Edinburgh,https://openalex.org/I98677209,,,Lanzhou University,https://openalex.org/I76214153,,,,,Target (United States),https://openalex.org/I1320354487,Peking Union Medical College Hospital,https://openalex.org/I2801228662,Peking Union Medical College Hospital,https://openalex.org/I2801228662,,,,,,,,,,,,,,,,,,,,,,,,,,,,,,,,,,,,,,,,,,,,,,,,,,,,,,,,,,
S. H. Liu,A5072626432,1,,,,,,,,,,,,,,,,,,,,,,,,,,,,,,,,,,,,,,,,,,,,,,,Animal Technology Institute Taiwan,https://openalex.org/I4210165564,,,,,,,,,,,,,,,,,,,,,,,,,,,,,,,,,,
Hongxuan Tang,A5072855790,2,Inner Mongolia University,https://openalex.org/I2722730,Inner Mongolia University,https://openalex.org/I2722730,,,Zhejiang A & F University,https://openalex.org/I1284762954,Zhejiang A & F University,https://openalex.org/I1284762954,,,,,,,,,,,,,,,,,,,,,,,,,,,,,,,,,,,,,,,,,,,,,,,,,,,,,,,,,,,,,,,,,,,,,,,,
Shaofei Cai,A5074233262,5,Beijing Academy of Artificial Intelligence,https://openalex.org/I4210100255,Peking University,https://openalex.org/I20231570,Beijing Academy of Artificial Intelligence,https://openalex.org/I4210100255,Institute of Computing Technology,https://openalex.org/I4210090176,University of Chinese Academy of Sciences,https://openalex.org/I4210165038,University of Chinese Academy of Sciences,https://openalex.org/I4210165038,University of Chinese Academy of Sciences,https://openalex.org/I4210165038,China Southern Power Grid (China),https://openalex.org/I74872605,,,,,,,,,,,,,,,,,,,,,,,,,,,,,,,,,,,,,,,,,,,,,,,,,,,,,,,,,,,,,,,,,,
Hui Zeng,A5077369376,7,Beijing Information Science & Technology University,https://openalex.org/I78675632,University of Science and Technology Beijing,https://openalex.org/I92403157,University of Science and Technology Beijing,https://openalex.org/I92403157,University of Science and Technology Beijing,https://openalex.org/I92403157,University of Science and Technology Beijing,https://openalex.org/I92403157,University of Science and Technology Beijing,https://openalex.org/I92403157,University of Science and Technology Beijing,https://openalex.org/I92403157,University of Science and Technology Beijing,https://openalex.org/I92403157,University of Science and Technology Beijing,https://openalex.org/I92403157,University of Science and Technology Beijing,https://openalex.org/I92403157,University of Science and Technology Beijing,https://openalex.org/I92403157,University of Science and Technology Beijing,https://openalex.org/I92403157,University of Science and Technology Beijing,https://openalex.org/I92403157,University of Science and Technology Beijing,https://openalex.org/I92403157,University of Science and Technology Beijing,https://openalex.org/I92403157,Nanjing University of Aeronautics and Astronautics,https://openalex.org/I9842412,Nanjing University of Aeronautics and Astronautics,https://openalex.org/I9842412,University of Science and Technology Beijing,https://openalex.org/I92403157,University of Science and Technology Beijing,https://openalex.org/I92403157,,,Northeastern University,https://openalex.org/I9224756,University of Science and Technology of China,https://openalex.org/I126520041,Fiberhome Technology Group (China),https://openalex.org/I4210155232,Institute of Acoustics,https://openalex.org/I4210099069,,,,,,,,,,,,,,,,,,,,,,,,,,,,,,,,,,
Wenqin Yu,A5082678890,2,,,,,Ningxia Medical University General Hospital,https://openalex.org/I4210139449,,,,,,,,,Nanjing Medical University,https://openalex.org/I83519826,,,,,,,,,,,,,,,,,,,,,,,,,,,,,,,,,,,,,,,,,,,,,,,,,,,,,,,,,,,,,,,,,,
Yuhan Wu,A5084253746,9,,,University College London,https://openalex.org/I45129253,Yancheng Institute of Technology,https://openalex.org/I4210157719,Wuhan Institute of Technology,https://openalex.org/I91125648,Institute of Theoretical Physics,https://openalex.org/I4210125404,Northwest University,https://openalex.org/I37802460,Peng Huanwu Center for Fundamental Theory,https://openalex.org/I4210112519,,,,,National Synchrotron Radiation Research Center,https://openalex.org/I4210094216,National Synchrotron Radiation Research Center,https://openalex.org/I4210094216,,,Jilin Normal University,https://openalex.org/I149240348,Jilin Normal University,https://openalex.org/I149240348,National Cheng Kung University,https://openalex.org/I91807558,Jilin Normal University,https://openalex.org/I149240348,National Cheng Kung University,https://openalex.org/I91807558,,,National Cheng Kung University,https://openalex.org/I91807558,National Cheng Kung University,https://openalex.org/I91807558,,,,,,,,,,,,,,,,,,,,,,,,,,,,,,,,,,,,,,,,,,
M. S. Di,A5092740563,1,,,Bohai University,https://openalex.org/I97009856,Bohai University,https://openalex.org/I97009856,Bohai University,https://openalex.org/I97009856,,,,,,,,,,,,,,,,,,,,,,,,,,,,,,,,,,,,,,,,,,,,,,,,,,,,,,,,,,,,,,,,,,,,,,,,,,
Zihao Wang,A5100413085,7,"University of California, Berkeley",https://openalex.org/I95457486,University of Hong Kong,https://openalex.org/I889458895,Tsinghua University,https://openalex.org/I99065089,Northwest A&F University,https://openalex.org/I89652312,Tsinghua University,https://openalex.org/I99065089,Hangzhou Institute of Applied Acoustics,https://openalex.org/I4210144142,Tsinghua University,https://openalex.org/I99065089,Tsinghua University,https://openalex.org/I99065089,Tsinghua University,https://openalex.org/I99065089,University of Hong Kong,https://openalex.org/I889458895,Tsinghua University,https://openalex.org/I99065089,Shanghai Research Center for Wireless Communications,https://openalex.org/I4210153300,Carnegie Mellon University,https://openalex.org/I74973139,,,,,,,,,,,,,,,,,,,,,,,,,,,,,,,,,,,,,,,,,,,,,,,,,,,,,,,,
Lei Wang,A5100435806,15,,,Zhejiang University,https://openalex.org/I76130692,Inner Mongolia University of Technology,https://openalex.org/I55654194,Yantai University,https://openalex.org/I18452120,Grinm Advanced Materials (China),https://openalex.org/I4210129545,The University of Texas Southwestern Medical Center,https://openalex.org/I867280407,Nanjing Normal University,https://openalex.org/I152031979,Huawei Technologies (United Kingdom),https://openalex.org/I4210160618,Yantai University,https://openalex.org/I18452120,Yantai University,https://openalex.org/I18452120,Southeast University,https://openalex.org/I76569877,Yantai University,https://openalex.org/I18452120,China National Rice Research Institute,https://openalex.org/I4210160522,Tongji Hospital,https://openalex.org/I4210160344,Beijing Forestry University,https://openalex.org/I31683504,Nanjing University of Science and Technology,https://openalex.org/I36399199,Dalian University of Technology,https://openalex.org/I27357992,Institute of Theoretical Physics,https://openalex.org/I4210125404,Institute of Theoretical Physics,https://openalex.org/I4210125404,,,Yangtze University,https://openalex.org/I177739611,,,,,,,,,,,,,,,,,,,,,,,,,,,,,,,,,,,,,,,,
Qingyang Li,A5100700135,4,Carleton University,https://openalex.org/I67031392,Southern Marine Science and Engineering Guangdong Laboratory (Guangzhou),https://openalex.org/I4210106122,Carleton University,https://openalex.org/I67031392,,,Carleton University,https://openalex.org/I67031392,Carleton University,https://openalex.org/I67031392,Ocean University of China,https://openalex.org/I59028903,Ocean University of China,https://openalex.org/I59028903,,,,,,,,,,,Child Mind Institute,https://openalex.org/I4210103248,,,,,,,,,,,,,,,,,,,,,,,,,,,,,,,,,,,,,,,,,,,,,,,,,,,,,,
Zipeng Zhang,A5100722630,5,Qingdao University,https://openalex.org/I108688024,China University of Mining and Technology,https://openalex.org/I25757504,China University of Mining and Technology,https://openalex.org/I25757504,China University of Mining and Technology,https://openalex.org/I25757504,China University of Mining and Technology,https://openalex.org/I25757504,Beijing University of Chemical Technology,https://openalex.org/I75390827,,,China University of Mining and Technology,https://openalex.org/I25757504,,,,,,,,,,,,,,,,,,,,,Hubei University of Technology,https://openalex.org/I74525822,,,,,Huazhong University of Science and Technology,https://openalex.org/I47720641,,,,,,,,,,,,,,,,,,,,,,,,,,,,,,,,,,,,,,
Zijun Liu,A5100725216,3,,,,,,,Shandong Academy of Sciences,https://openalex.org/I4210142748,,,Shanghai Ocean University,https://openalex.org/I44675526,Qingdao Agricultural University,https://openalex.org/I146773158,Shanghai Ocean University,https://openalex.org/I44675526,,,,,,,,,,,,,,,,,,,,,,,,,,,,,,,,,,,,,,,,,,,,,,,,,,,,,,,,,,,,,,,,,,
Bo Liu,A5100727812,15,,,Dalian Jiaotong University,https://openalex.org/I7350606,Beihang University,https://openalex.org/I82880672,Tsinghua University,https://openalex.org/I99065089,The University of Texas at Austin,https://openalex.org/I86519309,Shandong Institute of Automation,https://openalex.org/I4210094879,Xi'an Technological University,https://openalex.org/I4210110558,,,Auburn University,https://openalex.org/I82497590,Shanxi Transportation Research Institute,https://openalex.org/I4210167045,Air Force Engineering University,https://openalex.org/I4210104252,Tsinghua University,https://openalex.org/I99065089,Xi'an Technological University,https://openalex.org/I4210110558,China Jiliang University,https://openalex.org/I55538621,,,Xi'an Technological University,https://openalex.org/I4210110558,University of Technology Sydney,https://openalex.org/I114017466,Xi'an Jiaotong University,https://openalex.org/I87445476,,,South China University of Technology,https://openalex.org/I90610280,,,South China University of Technology,https://openalex.org/I90610280,The University of Texas at Arlington,https://openalex.org/I189196454,,,Shandong University,https://openalex.org/I154099455,,,,,,,,,,,,,,,,,,,,,,,,,,,,,,,,
Chen Dong,A5100767305,11,,,Framingham State University,https://openalex.org/I47834966,Tsinghua University,https://openalex.org/I99065089,Tsinghua University,https://openalex.org/I99065089,Air Force Medical University,https://openalex.org/I9916479,Tsinghua University,https://openalex.org/I99065089,Tsinghua University,https://openalex.org/I99065089,Tsinghua University,https://openalex.org/I99065089,Tsinghua University,https://openalex.org/I99065089,Tsinghua University,https://openalex.org/I99065089,Tsinghua University,https://openalex.org/I99065089,Tsinghua University,https://openalex.org/I99065089,Tsinghua University,https://openalex.org/I99065089,Tsinghua University,https://openalex.org/I99065089,Tsinghua University,https://openalex.org/I99065089,Affiliated Hospital of Hebei University,https://openalex.org/I4210140680,The University of Texas Health Science Center at Houston,https://openalex.org/I919571938,The University of Texas Health Science Center at Houston,https://openalex.org/I919571938,The University of Texas MD Anderson Cancer Center,https://openalex.org/I1343551460,Stanford University,https://openalex.org/I97018004,First Affiliated Hospital of Jinan University,https://openalex.org/I4210162753,The University of Texas MD Anderson Cancer Center,https://openalex.org/I1343551460,Stanford University,https://openalex.org/I97018004,Stanford University,https://openalex.org/I97018004,Yale University,https://openalex.org/I32971472,Seattle University,https://openalex.org/I58610484,Yale University,https://openalex.org/I32971472,,,Howard Hughes Medical Institute,https://openalex.org/I1344073410,,,,,,,,,,,,,,,,,,,,,,,,
Chenhao Xu,A5101012867,2,Northwestern Polytechnical University,https://openalex.org/I17145004,Northwestern Polytechnical University,https://openalex.org/I17145004,,,,,,,,,,,,,,,,,Semiconductor Manufacturing International (China),https://openalex.org/I4210142504,,,,,,,,,,,,,,,,,,,,,,,,,,,,,,,,,,,,,,,,,,,,,,,,,,,,,,,,,,,,
Yongtong Wu,A5101238210,1,,,,,,,Sun Yat-sen Memorial Hospital,https://openalex.org/I4210097354,,,,,,,,,,,,,,,,,,,,,,,,,,,,,,,,,,,,,,,,,,,,,,,,,,,,,,,,,,,,,,,,,,,,,,,,,,
Jiaxin Xu,A5101299439,3,,,Henan University of Technology,https://openalex.org/I36152291,Henan University of Science and Technology,https://openalex.org/I167383011,Shenyang University,https://openalex.org/I42852656,,,,,,,,,,,,,,,,,,,,,,,,,,,,,,,,,,,,,,,,,,,,,,,,,,,,,,,,,,,,,,,,,,,,,,,,,,
Shiqiang Hu,A5101413296,3,Center for Life Sciences,https://openalex.org/I4210160507,,,,,,,Tsinghua University,https://openalex.org/I99065089,,,,,,,,,Institute of Applied Physics and Computational Mathematics,https://openalex.org/I4210145278,,,,,,,,,,,,,,,,,,,,,,,,,,,,,,,,,,,,,,,,,,,,,,,,,,,,,,,,,,,,,,
Zehua Zhao,A5101521680,5,,,Beijing Institute of Technology,https://openalex.org/I125839683,The University of Sydney,https://openalex.org/I129604602,,,Beijing University of Chinese Medicine,https://openalex.org/I17747738,Guang’anmen Hospital,https://openalex.org/I4210146387,Chongqing University,https://openalex.org/I158842170,,,Chongqing University,https://openalex.org/I158842170,Chongqing University,https://openalex.org/I158842170,,,,,,,,,,,,,,,,,,,,,,,,,,,,,,,,,,,,,,,,,,,,,,,,,,,,,,,,,,,,,,
Kai Hu,A5101710153,6,Jiangxi Academy of Sciences,https://openalex.org/I4210155731,South China University of Technology,https://openalex.org/I90610280,South China University of Technology,https://openalex.org/I90610280,Tsinghua University,https://openalex.org/I99065089,Anhui University of Technology,https://openalex.org/I92178344,,,,,,,,,Shanghai Institute of Technical Physics,https://openalex.org/I4210135723,Anhui University of Technology,https://openalex.org/I92178344,,,,,,,University of Calgary,https://openalex.org/I168635309,,,University of Calgary,https://openalex.org/I168635309,,,,,University of Calgary,https://openalex.org/I168635309,,,,,,,,,,,,,,,,,,,,,,,,,,,,,,,,,,,,,,,,,,
Xu Chen,A5101779008,8,,,Hebei University,https://openalex.org/I43337087,West China Medical Center of Sichuan University,https://openalex.org/I2800091995,Tianjin Central Hospital of Gynecology Obstetrics,https://openalex.org/I4210125036,Tianjin Central Hospital of Gynecology Obstetrics,https://openalex.org/I4210125036,Tianjin Central Hospital of Gynecology Obstetrics,https://openalex.org/I4210125036,State Key Laboratory of Electroanalytical Chemistry,https://openalex.org/I4391768190,Renal Research Institute,https://openalex.org/I4210124297,,,,,"Czech Academy of Sciences, Institute of Mathematics",https://openalex.org/I4210120266,,,Nankai University,https://openalex.org/I205237279,Tianjin Nankai Hospital,https://openalex.org/I4210093484,,,,,Nankai University,https://openalex.org/I205237279,Nankai University,https://openalex.org/I205237279,,,,,,,,,,,,,,,,,,,,,,,,,,,,,,,,,,,,,,,,,,,,,,
Yifan Ding,A5101822672,2,,,University of Notre Dame,https://openalex.org/I107639228,,,,,Amazon (Germany),https://openalex.org/I4210089985,University of Notre Dame,https://openalex.org/I107639228,University of Notre Dame,https://openalex.org/I107639228,University of Notre Dame,https://openalex.org/I107639228,,,,,,,,,,,,,,,,,,,,,,,,,,,,,,,,,,,,,,,,,,,,,,,,,,,,,,,,,,,,,,,,,,
Junguang Jiang,A5101828204,1,,,,,,,,,First Affiliated Hospital of Zhengzhou University,https://openalex.org/I4210156804,,,,,First Affiliated Hospital of Zhengzhou University,https://openalex.org/I4210156804,,,,,,,,,,,,,,,,,,,,,,,,,,,,,,,,,,,,,,,,,,,,,,,,,,,,,,,,,,,,,,,,,,
Lihua Guo,A5101908065,3,,,Tsinghua University,https://openalex.org/I99065089,Tsinghua University,https://openalex.org/I99065089,Tsinghua University,https://openalex.org/I99065089,Chongqing University,https://openalex.org/I158842170,Chongqing University,https://openalex.org/I158842170,,,,,,,,,,,,,,,,,Guangzhou Marine Geological Survey,https://openalex.org/I4210090744,,,,,,,,,,,,,,,,,,,,,,,,,,,,,,,,,,,,,,,,,,,,,,,,,,,,
M. Y. Xu,A5101910351,5,,,Guangzhou Urban Planning Survey & Design Institute,https://openalex.org/I4210126705,Hunan Institute of Mental Health,https://openalex.org/I4210159426,Changchun University,https://openalex.org/I49232843,,,,,,,,,Jiangxi College of Applied Technology,https://openalex.org/I4210163048,,,Yunnan University of Finance And Economics,https://openalex.org/I49185572,Yunnan University of Finance And Economics,https://openalex.org/I49185572,,,,,,,,,,,,,,,,,,,,,,,,,,,,,,,,,,,,,,,,,,,,,,,,,,,,,,,,,,
Wenjing Luo,A5102068638,5,,,Southwest Jiaotong University,https://openalex.org/I4800084,Anhui Normal University,https://openalex.org/I4472751,,,Zhejiang University,https://openalex.org/I76130692,Zhejiang University,https://openalex.org/I76130692,,,Hubei Provincial Water Resources and Hydropower Planning Survey and Design Institute,https://openalex.org/I4210113530,International Craniofacial Institute,https://openalex.org/I4210100055,,,,,,,,,,,,,,,,,,,,,,,,,,,,,,,,,,,,,,,,,,,,,,,,,,,,,,,,,,,,,,,,
Jinhua Zhu,A5102224739,1,,,,,,,,,,,,,,,,,,,,,,,,,,,,,,,,,,,,,,,,,,,,,,,,,Northeast Institute of Geography and Agroecology,https://openalex.org/I4210101301,,,,,,,,,,,,,,,,,,,,,,,,,,,,,,,,
Shaoyuan Chen,A5102307049,4,,,Tsinghua University,https://openalex.org/I99065089,Peking University,https://openalex.org/I20231570,Peking University,https://openalex.org/I20231570,,,,,State Key Laboratory of Remote Sensing Science,https://openalex.org/I4210166112,,,State Key Laboratory of Remote Sensing Science,https://openalex.org/I4210166112,,,,,State Key Laboratory of Remote Sensing Science,https://openalex.org/I4210166112,State Key Laboratory of Remote Sensing Science,https://openalex.org/I4210166112,,,,,,,,,,,,,,,Jinan University,https://openalex.org/I159948400,,,,,,,,,,,,,,,,,,,,,,,,,,,,,,,,,,,,,,,,
Xiangwen Wang,A5103138406,9,Lanzhou University,https://openalex.org/I76214153,Northwest Normal University,https://openalex.org/I68986083,Northwest Normal University,https://openalex.org/I68986083,Anqing Normal University,https://openalex.org/I46482218,Northwest Normal University,https://openalex.org/I68986083,Lanzhou University,https://openalex.org/I76214153,Shanghai University of Electric Power,https://openalex.org/I23632641,Northwest Normal University,https://openalex.org/I68986083,Shanghai University of Electric Power,https://openalex.org/I23632641,Alcoa (United States),https://openalex.org/I28304128,Northwest Normal University,https://openalex.org/I68986083,Northwest Normal University,https://openalex.org/I68986083,PowerChina (China),https://openalex.org/I4210120238,PowerChina (China),https://openalex.org/I4210120238,Alcoa (United States),https://openalex.org/I28304128,Arconic (United States),https://openalex.org/I4210166763,,,Hangzhou Dianzi University,https://openalex.org/I50760025,Shanghai Jiao Tong University,https://openalex.org/I183067930,Shanghai Jiao Tong University,https://openalex.org/I183067930,,,Shanghai Jiao Tong University,https://openalex.org/I183067930,,,,,,,,,,,,,,,,,,,,,,,,,,,,,,,,,,,,,,
Jialiang Huang,A5103278071,5,,,,,East China Normal University,https://openalex.org/I66867065,Guangzhou University,https://openalex.org/I37987034,Shanghai University,https://openalex.org/I113940042,University of Nottingham,https://openalex.org/I142263535,Guangzhou University,https://openalex.org/I37987034,Guangzhou University,https://openalex.org/I37987034,Guangzhou University,https://openalex.org/I37987034,,,,,,,,,,,,,,,,,,,,,,,,,Beibu Gulf University,https://openalex.org/I4210105374,,,,,,,,,,,,,,,,,,,,,,,,,,,,,,,,,,,,,,
Yuan Cheng,A5103907115,2,,,,,,,,,,,National Synchrotron Radiation Research Center,https://openalex.org/I4210094216,,,,,,,,,,,,,,,North China University of Water Resources and Electric Power,https://openalex.org/I198645480,,,,,,,,,,,,,,,,,,,,,,,,,,,,,,,,,,,,,,,,,,,,,,,,,,,,,,
Ruiling Xu,A5107918038,2,California University of Pennsylvania,https://openalex.org/I36788626,California University of Pennsylvania,https://openalex.org/I36788626,California University of Pennsylvania,https://openalex.org/I36788626,,,University of Pennsylvania,https://openalex.org/I79576946,University of Pennsylvania,https://openalex.org/I79576946,,,,,,,,,,,,,,,,,,,,,,,,,,,,,,,,,,,,,,,,,,,,,,,,,,,,,,,,,,,,,,,,,,,,,,
Bingzheng Xu,A5109505733,3,,,,,Wenzhou Medical University,https://openalex.org/I27781120,,,,,Dongyang People's Hospital,https://openalex.org/I4210156545,,,,,Dongyang People's Hospital,https://openalex.org/I4210156545,,,,,,,,,,,,,,,,,,,,,,,,,,,,,,,South China University of Technology,https://openalex.org/I90610280,,,,,,,,,,,,,,,,,,,,,South China University of Technology,https://openalex.org/I90610280,,,,,,,,,,
Zhuping Zhang,A5109662866,7,Huazhong University of Science and Technology,https://openalex.org/I47720641,Huazhong University of Science and Technology,https://openalex.org/I47720641,Shandong University,https://openalex.org/I154099455,Shandong University,https://openalex.org/I154099455,Shandong University,https://openalex.org/I154099455,Shandong Institute of Quantum Science and Technology,https://openalex.org/I4210134794,Central Hospital of Wuhan,https://openalex.org/I4210143568,Central Hospital of Wuhan,https://openalex.org/I4210143568,Guizhou University of Finance and Economics,https://openalex.org/I170172562,Nanjing Second Hospital,https://openalex.org/I4210150549,,,,,,,,,,,,,,,,,,,,,,,,,,,,,,,,,,,,,,,,,,,,,South China Botanical Garden,https://openalex.org/I4210120696,,,,,,,,,,,,,,,,
Chaofan Lin,A5109678287,1,,,North China Electric Power University,https://openalex.org/I153473198,North China Electric Power University,https://openalex.org/I153473198,North China Electric Power University,https://openalex.org/I153473198,,,,,,,,,,,,,,,,,,,,,,,,,,,,,,,,,,,,,,,,,,,,,,,,,,,,,,,,,,,,,,,,,,,,,,,,,,
Yongji Wang,A5110372162,8,,,Bio-Medical Science (South Korea),https://openalex.org/I4210145660,Institute of Software,https://openalex.org/I4210128818,State Key Laboratory of Computer Science,https://openalex.org/I4391767820,University of Chinese Academy of Sciences,https://openalex.org/I4210165038,University of Chinese Academy of Sciences,https://openalex.org/I4210165038,Institute of Software,https://openalex.org/I4210128818,University of Chinese Academy of Sciences,https://openalex.org/I4210165038,State Key Laboratory of Computer Science,https://openalex.org/I4391767820,Air Force Medical University,https://openalex.org/I9916479,,,State Key Laboratory of Computer Science,https://openalex.org/I4391767820,Medical Technology Transfer (Netherlands),https://openalex.org/I4210160980,Air Force Medical University,https://openalex.org/I9916479,Institute of Software,https://openalex.org/I4210128818,East China University of Political Science and Law,https://openalex.org/I78974044,Institute of Software,https://openalex.org/I4210128818,Institute of Software,https://openalex.org/I4210128818,Institute of Software,https://openalex.org/I4210128818,Institute of Software,https://openalex.org/I4210128818,University of Chinese Academy of Sciences,https://openalex.org/I4210165038,Institute of Software,https://openalex.org/I4210128818,Institute of Software,https://openalex.org/I4210128818,,,,,,,,,,,Institute of Microbiology,https://openalex.org/I4210134982,,,,,,,,,,,,,,,,,,,,,,,,
Tao Ni,A5110445732,5,,,Yanshan University,https://openalex.org/I39333907,,,Institute of Microelectronics,https://openalex.org/I4210119392,Yanshan University,https://openalex.org/I39333907,Jilin University,https://openalex.org/I194450716,Jilin University,https://openalex.org/I194450716,,,Dalian Maritime University,https://openalex.org/I43313876,,,Jilin University,https://openalex.org/I194450716,,,,,Jilin University,https://openalex.org/I194450716,,,Jilin Medical University,https://openalex.org/I4210136497,Jilin University,https://openalex.org/I194450716,,,,,,,,,,,,,,,,,,,,,,,,,,,,,,,,,,,,,,,,,,,,,,,,
Xingyou Li,A5110532585,5,,,University of South China,https://openalex.org/I91935597,Xinjiang University,https://openalex.org/I96908189,Xinjiang University,https://openalex.org/I96908189,Xinjiang University,https://openalex.org/I96908189,University of Chinese Academy of Sciences,https://openalex.org/I4210165038,Chongqing Medical University,https://openalex.org/I87780372,Fujian University of Technology,https://openalex.org/I83791580,,,Fujian University of Technology,https://openalex.org/I83791580,,,,,,,,,,,,,,,,,,,,,,,,,,,,,,,,,,,,,,,,,,,,,,,,,,,,,,,,,,,,,,
Huajian Xin,A5111038333,1,,,,,Guangxi Research Institute of Chemical Industry,https://openalex.org/I4210143029,,,,,,,,,,,,,,,,,,,,,,,,,,,,,,,,,,,,,,,,,,,,,,,,,,,,,,,,,,,,,,,,,,,,,,,,,,,,
Zhixian Huang,A5111603195,3,,,,,First Affiliated Hospital of Wenzhou Medical University,https://openalex.org/I2801769982,,,,,,,,,,,,,,,,,,,,,,,,,,,,,,,,,,,,,,,,,,,,,,,,,,,,,National Yang Ming Chiao Tung University,https://openalex.org/I148366613,,,,,,,,,Shanghai Institute of Optics and Fine Mechanics,https://openalex.org/I4210135349,,,,,,,,,,,,
Yi Qian,A5111815579,3,,,,,,,West Anhui University,https://openalex.org/I4210147745,,,,,,,,,,,,,Anhui University,https://openalex.org/I143868143,,,,,,,,,Zhejiang Normal University,https://openalex.org/I135237710,,,,,,,,,,,,,,,,,,,,,,,,,,,,,,,,,,,,,,,,,,,,,,,,,,
Haofen Liang,A5113319915,2,University of Jinan,https://openalex.org/I34949971,,,University of Chinese Academy of Sciences,https://openalex.org/I4210165038,,,,,,,,,,,,,,,,,,,,,,,,,,,,,,,,,,,,,,,,,,,,,,,,,,,,,,,,,,,,,,,,,,,,,,,,,,,,
Haoran Wei,A5114246441,2,,,Zhejiang University of Science and Technology,https://openalex.org/I168879160,Zhejiang University,https://openalex.org/I76130692,,,,,,,,,,,,,,,,,,,,,,,,,,,,,,,,,,,,,,,,,,,,,,,,,,,,,,,,,,,,,,,,,,,,,,,,,,,,
Bowei Zhang,A5120751166,0,,,,,,,,,,,,,,,,,,,,,,,,,,,,,,,,,,,,,,,,,,,,,,,,,,,,,,,,,,,,,,,,,,,,,,,,,,,,,,,,,,
Jiawei Wang,A5001098396,3,,,First Hospital of Jiaxing,https://openalex.org/I4210139237,Zhejiang Chinese Medical University,https://openalex.org/I114539943,Anyang Tumor Hospital,https://openalex.org/I4210163319,Anyang Tumor Hospital,https://openalex.org/I4210163319,Anyang Tumor Hospital,https://openalex.org/I4210163319,Anyang Tumor Hospital,https://openalex.org/I4210163319,,,Anyang Tumor Hospital,https://openalex.org/I4210163319,,,,,,,,,,,,,,,,,,,,,,,,,,,,,,,,,,,,,,,,,,,,,,,,,,,,,,,,,,,,,,,,
W. L. Xiao,A5001162491,5,,,Xiangtan University,https://openalex.org/I4610292,Southwest Petroleum University,https://openalex.org/I165745306,State Key Laboratory of Oil and Gas Reservoir Geology and Exploitation,https://openalex.org/I4210098205,State Key Laboratory of Oil and Gas Reservoir Geology and Exploitation,https://openalex.org/I4210098205,State Key Laboratory of Oil and Gas Reservoir Geology and Exploitation,https://openalex.org/I4210098205,,,State Key Laboratory of Oil and Gas Reservoir Geology and Exploitation,https://openalex.org/I4210098205,,,State Key Laboratory of Oil and Gas Reservoir Geology and Exploitation,https://openalex.org/I4210098205,State Key Laboratory of Oil and Gas Reservoir Geology and Exploitation,https://openalex.org/I4210098205,State Key Laboratory of Oil and Gas Reservoir Geology and Exploitation,https://openalex.org/I4210098205,Southwest Petroleum University,https://openalex.org/I165745306,State Key Laboratory of Oil and Gas Reservoir Geology and Exploitation,https://openalex.org/I4210098205,State Key Laboratory of Oil and Gas Reservoir Geology and Exploitation,https://openalex.org/I4210098205,China Shenhua Energy (China),https://openalex.org/I4210142993,State Key Laboratory of Oil and Gas Reservoir Geology and Exploitation,https://openalex.org/I4210098205,State Key Laboratory of Oil and Gas Reservoir Geology and Exploitation,https://openalex.org/I4210098205,Shengli Oilfield Central Hospital,https://openalex.org/I4210121984,,,,,,,,,,,,,,,,,,,,,,,,,,,,,,,,,,,,,,,,,,,,
Xuehai Pan,A5001682354,2,,,Peking University,https://openalex.org/I20231570,,,,,Zibo Vocational Institute,https://openalex.org/I1305126327,,,,,,,,,,,,,,,,,Zibo Vocational Institute,https://openalex.org/I1305126327,Zibo Vocational Institute,https://openalex.org/I1305126327,Zibo Vocational Institute,https://openalex.org/I1305126327,,,,,,,,,,,,,,,,,,,,,,,,,,,,,,,,,,,,,,,,,,,,,,,,,,
Fangqi Zhou,A5002273360,1,,,,,,,China Aerodynamics Research and Development Center,https://openalex.org/I2802505932,China Aerodynamics Research and Development Center,https://openalex.org/I2802505932,,,,,,,,,,,,,,,,,,,,,,,,,,,,,,,,,,,,,,,,,,,,,,,,,,,,,,,,,,,,,,,,,,,,,,,,
Xianzu Wang,A5002303194,1,,,,,Nanjing University,https://openalex.org/I881766915,,,,,,,,,,,,,,,,,,,,,,,,,,,,,,,,,,,,,,,,,,,,,,,,,,,,,,,,,,,,,,,,,,,,,,,,,,,,
Aoxue Mei,A5005251905,2,Huanghuai University,https://openalex.org/I4210131125,Huanghuai University,https://openalex.org/I4210131125,,,,,,,,,,,Chongqing Medical University,https://openalex.org/I87780372,,,,,,,,,,,,,,,,,,,,,,,,,,,,,,,,,,,,,,,,,,,,,,,,,,,,,,,,,,,,,,,,,,
Yukun Zha,A5006037200,1,,,Aba Teachers University,https://openalex.org/I4210108633,,,,,,,,,,,,,,,,,,,,,,,,,,,,,,,,,,,,,,,,,,,,,,,,,,,,,,,,,,,,,,,,,,,,,,,,,,,,,,
X. Q. Li,A5006875159,3,,,Peking University,https://openalex.org/I20231570,Hubei University,https://openalex.org/I75900474,,,,,,,,,,,,,,,,,,,,,,,China Institute of Atomic Energy,https://openalex.org/I4210096139,China Institute of Atomic Energy,https://openalex.org/I4210096139,China Institute of Atomic Energy,https://openalex.org/I4210096139,,,,,,,,,,,,,,,,,,,,,,,,,,,,,,,,,,,,,,,,,,,,,,,,
Tianyu Sun,A5015475948,2,,,Kuaishou (China),https://openalex.org/I4401726859,Tsinghua University,https://openalex.org/I99065089,,,,,,,,,,,,,,,,,,,,,,,,,,,,,,,,,,,,,,,,,,,,,,,,,,,,,,,,,,,,,,,,,,,,,,,,,,,,
Kaichao You,A5016284649,1,,,,,Tsinghua University,https://openalex.org/I99065089,Tsinghua University,https://openalex.org/I99065089,Tsinghua University,https://openalex.org/I99065089,Tsinghua University,https://openalex.org/I99065089,Tsinghua University,https://openalex.org/I99065089,Tsinghua University,https://openalex.org/I99065089,,,,,,,,,,,,,,,,,,,,,,,,,,,,,,,,,,,,,,,,,,,,,,,,,,,,,,,,,,,,,,,,,,
S. S. Li,A5016620334,2,Central South University,https://openalex.org/I139660479,Xiangya Hospital Central South University,https://openalex.org/I4210159865,,,,,,,,,,,,,,,,,,,,,,,,,,,,,,,,,,,,,,,,,,,,,,,,,,,,,,,,,,,,,,,,,,,,,,,,,,,,,,
Bei Feng,A5016665033,2,,,Union Hospital,https://openalex.org/I4210163933,,,,,,,,,,,,,,,,,Northwest A&F University,https://openalex.org/I89652312,,,,,,,,,,,,,,,,,,,,,,,,,,,,,,,,,,,,,,,,,,,,,,,,,,,,,,,,,,,,
Yuting Yan,A5019540330,3,Institute of Hematology & Blood Diseases Hospital,https://openalex.org/I4210147887,Fu Wai Hospital,https://openalex.org/I4210161896,,,,,,,Thermal Power Research Institute,https://openalex.org/I4210123254,,,,,,,,,,,,,,,,,,,,,,,,,,,,,,,,,,,,,,,,,,,,,,,,,,,,,,,,,,,,,Thermal Power Research Institute,https://openalex.org/I4210123254,,,,,,,,
Jiaqi Ni,A5019579257,2,,,,,,,,,,,Beijing Institute of Technology,https://openalex.org/I125839683,Delft University of Technology,https://openalex.org/I98358874,,,,,,,,,,,,,,,,,,,,,,,,,,,,,,,,,,,,,,,,,,,,,,,,,,,,,,,,,,,,,,,,,,,,
Lei Xu,A5020790434,15,,,Tsinghua University,https://openalex.org/I99065089,Brunei Polytechnic,https://openalex.org/I4210146866,Zhejiang University,https://openalex.org/I76130692,Lanzhou University,https://openalex.org/I76214153,State Key Laboratory of Information Engineering in Surveying Mapping and Remote Sensing,https://openalex.org/I4210118728,Geospatial Research (United Kingdom),https://openalex.org/I4210120373,State Key Laboratory of Information Engineering in Surveying Mapping and Remote Sensing,https://openalex.org/I4210118728,State Key Laboratory of Information Engineering in Surveying Mapping and Remote Sensing,https://openalex.org/I4210118728,Huazhong University of Science and Technology,https://openalex.org/I47720641,Chinese Academy of Agricultural Sciences,https://openalex.org/I4210138501,Yunnan Normal University,https://openalex.org/I120825670,,,"University at Buffalo, State University of New York",https://openalex.org/I63190737,"University at Buffalo, State University of New York",https://openalex.org/I63190737,"University at Buffalo, State University of New York",https://openalex.org/I63190737,"University at Buffalo, State University of New York",https://openalex.org/I63190737,Nokia (China),https://openalex.org/I4210099903,University of Science and Technology Beijing,https://openalex.org/I92403157,Zhejiang University,https://openalex.org/I76130692,Luoyang Normal University,https://openalex.org/I4210117164,,,Columbia University,https://openalex.org/I78577930,,,,,Anhui Normal University,https://openalex.org/I4472751,,,,,,,,,,,,,,,,,,,,,,,,,,,,,,
Wei An,A5021639941,12,Chengdu University of Traditional Chinese Medicine,https://openalex.org/I53411278,University of South China,https://openalex.org/I91935597,Changhai Hospital,https://openalex.org/I4210115928,Hunan Provincial People's Hospital,https://openalex.org/I4210147389,Cells Therapy (Poland),https://openalex.org/I4210137574,S.P.E.C.I.E.S.,https://openalex.org/I4210166347,Beijing Obstetrics and Gynecology Hospital,https://openalex.org/I4210163952,Changhai Hospital,https://openalex.org/I4210115928,Beijing YouAn Hospital,https://openalex.org/I4210147332,Changhai Hospital,https://openalex.org/I4210115928,Capital Medical University,https://openalex.org/I183519381,Capital Medical University,https://openalex.org/I183519381,Cells Therapy (Poland),https://openalex.org/I4210137574,Cells Therapy (Poland),https://openalex.org/I4210137574,Changhai Hospital,https://openalex.org/I4210115928,Changhai Hospital,https://openalex.org/I4210115928,Changhai Hospital,https://openalex.org/I4210115928,Capital Medical University,https://openalex.org/I183519381,Capital Medical University,https://openalex.org/I183519381,Capital Medical University,https://openalex.org/I183519381,Wuhan University,https://openalex.org/I37461747,,,Capital University,https://openalex.org/I139787848,,,Capital Medical University,https://openalex.org/I183519381,Capital Medical University,https://openalex.org/I183519381,,,Capital Medical University,https://openalex.org/I183519381,,,,,,,,,,,Dalian Medical University,https://openalex.org/I191996457,,,,,,,,,,,,,,
Han Bao,A5021682810,3,,,University of Chinese Academy of Sciences,https://openalex.org/I4210165038,University of Chinese Academy of Sciences,https://openalex.org/I4210165038,Northwestern Polytechnical University,https://openalex.org/I17145004,Northwestern Polytechnical University,https://openalex.org/I17145004,Northwestern Polytechnical University,https://openalex.org/I17145004,Northwestern Polytechnical University,https://openalex.org/I17145004,,,,,,,,,Shandong University,https://openalex.org/I154099455,,,,,,,,,,,,,,,,,,,,,,,,,,,,,,,,,,,,,,,,,,,,,,,,,,,,,,,,,,
Zhipeng Xu,A5024958662,3,Shandong Normal University,https://openalex.org/I28006308,Northeastern University,https://openalex.org/I9224756,Shanxi Provincial People’s Hospital,https://openalex.org/I4210160763,,,,,Shanxi Provincial People’s Hospital,https://openalex.org/I4210160763,,,Shanxi Provincial People’s Hospital,https://openalex.org/I4210160763,,,,,,,,,,,,,,,,,,,,,,,,,,,,,,,,,,,,,,,,,,,,,,,,,,,,,,,,,,,,,,,,,,
Miaojun Wang,A5026325208,5,,,Zhejiang University of Finance and Economics,https://openalex.org/I90727586,Zhejiang University,https://openalex.org/I76130692,Zhejiang University,https://openalex.org/I76130692,Applied Materials (United States),https://openalex.org/I193427800,,,,,,,,,Cancer Hospital of Shantou University Medical College,https://openalex.org/I4210091098,Cancer Hospital of Shantou University Medical College,https://openalex.org/I4210091098,Zhejiang University of Finance and Economics,https://openalex.org/I90727586,,,,,,,,,Cancer Hospital of Shantou University Medical College,https://openalex.org/I4210091098,,,,,,,,,"University of California, Davis",https://openalex.org/I84218800,"University of California, Davis",https://openalex.org/I84218800,,,,,,,,,,,,,,,,,,,,,,,,,,,,,,,,,,,,
Yuchen Zhu,A5033494277,3,Zhejiang University of Technology,https://openalex.org/I55712492,Zhejiang University of Technology,https://openalex.org/I55712492,University of Chinese Academy of Sciences,https://openalex.org/I4210165038,University of Chinese Academy of Sciences,https://openalex.org/I4210165038,University of Chinese Academy of Sciences,https://openalex.org/I4210165038,,,,,Institute of Computing Technology,https://openalex.org/I4210090176,,,,,,,,,,,,,,,,,,,,,,,,,,,,,,,,,,,,,,,,,,,,,,,,,,,,,,,,,,,,,,,,,,
Haocheng Wang,A5034335736,4,,,Shenyang Jianzhu University,https://openalex.org/I83714178,China Medical University,https://openalex.org/I91656880,China Medical University,https://openalex.org/I91656880,Guangzhou Medical University,https://openalex.org/I92039509,Affiliated Hospital of Qingdao University,https://openalex.org/I4210116869,Affiliated Hospital of Qingdao University,https://openalex.org/I4210116869,Affiliated Hospital of Qingdao University,https://openalex.org/I4210116869,,,,,,,,,,,,,,,,,,,,,,,,,,,,,,,,,,,,,,,,,,,,,,,,,,,,,,,,,,,,,,,,,,
Xiaosha Chen,A5036491343,3,Taiyuan University of Technology,https://openalex.org/I9086337,Taiyuan University of Technology,https://openalex.org/I9086337,Taiyuan University of Technology,https://openalex.org/I9086337,Taiyuan University of Technology,https://openalex.org/I9086337,,,University of Electronic Science and Technology of China,https://openalex.org/I150229711,Shenzhen Institutes of Advanced Technology,https://openalex.org/I4210145761,University of Electronic Science and Technology of China,https://openalex.org/I150229711,University of Electronic Science and Technology of China,https://openalex.org/I150229711,,,,,,,,,,,,,,,,,,,,,,,,,,,,,,,,,,,,,,,,,,,,,,,,,,,,,,,,,,,,,,,,
Ruyi Chen,A5036645286,2,,,Zhongnan Hospital of Wuhan University,https://openalex.org/I4210120234,,,,,,,,,Zhejiang Chinese Medical University,https://openalex.org/I114539943,,,,,,,,,,,,,,,,,,,,,,,,,,,,,,,,,,,,,,,,,,,,,,,,,,,,,,,,,,,,,,,,,,,,
Jingxiang Sun,A5040066835,1,,,,,,,,,Tsinghua University,https://openalex.org/I99065089,,,,,,,,,,,,,,,,,,,,,,,,,,,,,,,,,,,,,,,,,,,,,,,,,,,,,,,,,,,,,,,,,,,,,,,,
Dongjie Ji,A5043755032,2,Beihang University,https://openalex.org/I82880672,,,,,,,,,,,,,,,,,,,,,,,,,,,,,,,,,Wuhan University,https://openalex.org/I37461747,,,,,,,,,,,,,,,,,,,,,,,,,,,,,,,,,,,,,,,,,,,,,,
T. Wang,A5046543349,15,China Medical University,https://openalex.org/I91656880,Southwest Jiaotong University,https://openalex.org/I4800084,Shenzhen University Health Science Center,https://openalex.org/I4210145292,Beijing University of Chemical Technology,https://openalex.org/I75390827,First Affiliated Hospital of Harbin Medical University,https://openalex.org/I4210156501,Shenzhen University Health Science Center,https://openalex.org/I4210145292,Tsinghua University,https://openalex.org/I99065089,Shenzhen University Health Science Center,https://openalex.org/I4210145292,Shenzhen Technology University,https://openalex.org/I4210152380,Tsinghua University,https://openalex.org/I99065089,Shenzhen University Health Science Center,https://openalex.org/I4210145292,Shenzhen University Health Science Center,https://openalex.org/I4210145292,Ames National Laboratory,https://openalex.org/I2802789608,Shenzhen University Health Science Center,https://openalex.org/I4210145292,Shenzhen University Health Science Center,https://openalex.org/I4210145292,Northeastern University,https://openalex.org/I9224756,First Hospital of Jilin University,https://openalex.org/I4210125137,Tsinghua University,https://openalex.org/I99065089,Sichuan University,https://openalex.org/I24185976,Tsinghua University,https://openalex.org/I99065089,Tsinghua University,https://openalex.org/I99065089,Public Health Dayton & Montgomery County,https://openalex.org/I4210116866,University of Chicago,https://openalex.org/I40347166,University of Chicago,https://openalex.org/I40347166,,,Sichuan University,https://openalex.org/I24185976,,,,,Union University,https://openalex.org/I155673605,,,,,,,,,Institute of Fluid Physics,https://openalex.org/I4387152340,,,,,,,,,,,,,,
Ning Tian,A5053537379,2,Xi'an University of Architecture and Technology,https://openalex.org/I148099405,Xi'an University of Architecture and Technology,https://openalex.org/I148099405,"University of Architecture, Civil Engineering and Geodesy",https://openalex.org/I206451062,Xi'an University of Architecture and Technology,https://openalex.org/I148099405,Xi'an University of Architecture and Technology,https://openalex.org/I148099405,,,,,,,,,,,,,,,,,,,,,,,,,,,,,,,,,,,,,,,,,,,,,,,,,,,,,,,,,,,,,,,,,,,,,,,,
Tongzheng Ren,A5055015446,3,,,The University of Texas at Austin,https://openalex.org/I86519309,,,The University of Texas at Austin,https://openalex.org/I86519309,Google (United States),https://openalex.org/I1291425158,The University of Texas at Austin,https://openalex.org/I86519309,The University of Texas at Austin,https://openalex.org/I86519309,Tsinghua University,https://openalex.org/I99065089,Tsinghua University,https://openalex.org/I99065089,,,,,,,,,,,,,,,,,,,,,,,,,,,,,,,,,,,,,,,,,,,,,,,,,,,,,,,,,,,,,,,,
Jiping Yu,A5055665761,2,Tsinghua University,https://openalex.org/I99065089,Tsinghua University,https://openalex.org/I99065089,Wuhan University of Technology,https://openalex.org/I196699116,,,,,Tsinghua University,https://openalex.org/I99065089,,,Tsinghua University,https://openalex.org/I99065089,Tsinghua University,https://openalex.org/I99065089,,,,,,,,,,,,,,,,,,,,,,,,,,,,,,,,,,,,,,,,,,,,,,,,,,,,,,,,,,,,,,,,
Xinxia Shan,A5059343948,2,,,Lanzhou University,https://openalex.org/I76214153,Lanzhou University,https://openalex.org/I76214153,University of Science and Technology of China,https://openalex.org/I126520041,University of Science and Technology of China,https://openalex.org/I126520041,University of Science and Technology of China,https://openalex.org/I126520041,,,University of Science and Technology of China,https://openalex.org/I126520041,University of Science and Technology of China,https://openalex.org/I126520041,,,,,,,,,,,,,,,,,,,,,,,,,,,,,,,,,,,,,,,,,,,,,,,,,,,,,,,,,,,,,,,,
Ying Tang,A5068378063,12,,,Lanzhou University,https://openalex.org/I76214153,Xi'an Jiaotong University,https://openalex.org/I87445476,Xi'an Shiyou University,https://openalex.org/I181903023,Xi'an Shiyou University,https://openalex.org/I181903023,China National Petroleum Corporation (China),https://openalex.org/I98227222,China National Petroleum Corporation (China),https://openalex.org/I98227222,China National Petroleum Corporation (China),https://openalex.org/I98227222,University of Chinese Academy of Sciences,https://openalex.org/I4210165038,China XD Group (China),https://openalex.org/I4210141776,Xi'an Shiyou University,https://openalex.org/I181903023,Xi'an Shiyou University,https://openalex.org/I181903023,Xi'an Jiaotong University,https://openalex.org/I87445476,South China Institute Of Environmental Sciences,https://openalex.org/I4210130999,South China Institute Of Environmental Sciences,https://openalex.org/I4210130999,Ningxia Water Conservancy,https://openalex.org/I4210132981,Yancheng Teachers University,https://openalex.org/I4210141689,Changzhou Vocational Institute of Textile and Garment,https://openalex.org/I4210093412,"University at Buffalo, State University of New York",https://openalex.org/I63190737,"University at Buffalo, State University of New York",https://openalex.org/I63190737,Shaanxi Normal University,https://openalex.org/I88830068,,,"University at Buffalo, State University of New York",https://openalex.org/I63190737,"University at Buffalo, State University of New York",https://openalex.org/I63190737,Shaanxi Normal University,https://openalex.org/I88830068,,,,,,,,,,,,,,,,,,,,,,,,,,,,,,,,
Y. X. Zhu,A5068383472,3,,,Nanjing University,https://openalex.org/I881766915,Nanjing University of Aeronautics and Astronautics,https://openalex.org/I9842412,,,,,,,,,,,Xiamen University,https://openalex.org/I191208505,,,,,Xiamen University,https://openalex.org/I191208505,,,,,,,,,,,,,,,,,,,,,,,,,Xiamen University,https://openalex.org/I191208505,,,,,,,,,,,,,,,,,,,,,,,,,,,,,,,,
Size Zheng,a5072186367,3,Tsinghua University,https://openalex.org/I99065089,Tsinghua University,https://openalex.org/I99065089,Beijing Information Science & Technology University,https://openalex.org/I78675632,Peking University,https://openalex.org/I20231570,Peking University,https://openalex.org/I20231570,Peking University,https://openalex.org/I20231570,Peking University,https://openalex.org/I20231570,Peking University,https://openalex.org/I20231570,,,,,,,,,,,,,,,,,,,,,,,,,,,,,,,,,,,,,,,,,,,,,,,,,,,,,,,,,,,,,,,,,,
Liangsheng Yin,A5074614946,1,,,,,,,,,,,,,,,Hangzhou Red Cross Hospital,https://openalex.org/I4210149251,,,,,Hangzhou Red Cross Hospital,https://openalex.org/I4210149251,,,,,,,,,,,,,,,,,,,,,,,,,,,,,,,,,,,,,,,,,,,,,,,,,,,,,,,,,,,,
J. L. Cai,A5075973287,11,Changzhou University,https://openalex.org/I4210153482,Guangzhou Medical University,https://openalex.org/I92039509,University Hospital Cologne,https://openalex.org/I4210153755,Nanjing University,https://openalex.org/I881766915,The Synergetic Innovation Center for Advanced Materials,https://openalex.org/I4210159340,Southeast University,https://openalex.org/I76569877,Rongsheng Petrochemical (China),https://openalex.org/I4210143904,Zhongshan Hospital of Xiamen University,https://openalex.org/I4210124907,Chongqing University of Technology,https://openalex.org/I50632499,Zhongshan Hospital of Xiamen University,https://openalex.org/I4210124907,Rongsheng Petrochemical (China),https://openalex.org/I4210143904,Zhongshan Hospital of Xiamen University,https://openalex.org/I4210124907,174th hospital of the People's Liberation Army,https://openalex.org/I4210107987,Xiamen University,https://openalex.org/I191208505,Xiamen University,https://openalex.org/I191208505,Chongqing University of Technology,https://openalex.org/I50632499,Chongqing University of Technology,https://openalex.org/I50632499,Chongqing University of Technology,https://openalex.org/I50632499,Chongqing University of Technology,https://openalex.org/I50632499,Chongqing University of Technology,https://openalex.org/I50632499,,,Chongqing University of Technology,https://openalex.org/I50632499,,,,,,,,,,,,,,,,,,,,,,,,,,,,,,,,,,,,,,
Yaohui Li,A5082760644,3,Beijing University of Technology,https://openalex.org/I37796252,University of Science and Technology Beijing,https://openalex.org/I92403157,Shaanxi University of Science and Technology,https://openalex.org/I51622183,,,,,,,,,,,,,,,,,,,,,,,,,,,,,,,,,,,,,,,,,,,,,,,,,,,,,,,,,,,,,,,,,,,,,,,,,,,,
Jinhao Tu,A5089007420,8,Northeast Forestry University,https://openalex.org/I47689461,Ningbo First Hospital,https://openalex.org/I4210166261,First Affiliated Hospital of Wenzhou Medical University,https://openalex.org/I2801769982,Huazhong Agricultural University,https://openalex.org/I204823248,State Key Laboratory of Agricultural Microbiology,https://openalex.org/I4391768000,Huazhong Agricultural University,https://openalex.org/I204823248,Huazhong Agricultural University,https://openalex.org/I204823248,The University of Texas Health Science Center at Houston,https://openalex.org/I919571938,Chinese Academy of Fishery Sciences,https://openalex.org/I46529539,The University of Texas Health Science Center at Houston,https://openalex.org/I919571938,The University of Texas Health Science Center at Houston,https://openalex.org/I919571938,,,The University of Texas Health Science Center at Houston,https://openalex.org/I919571938,,,Zhejiang University,https://openalex.org/I76130692,Huazhong Agricultural University,https://openalex.org/I204823248,State Key Laboratory of Agricultural Microbiology,https://openalex.org/I4391768000,Huazhong Agricultural University,https://openalex.org/I204823248,,,,,,,,,Huazhong Agricultural University,https://openalex.org/I204823248,,,,,,,,,,,,,,,,,,,,,,,,,,,,,,,,,,,,
Xinnan Song,A5090535931,3,,,181st Hospital of Chinese People's Liberation Army,https://openalex.org/I4210133939,,,,,,,,,Tianjin University,https://openalex.org/I162868743,,,,,,,,,,,,,,,,,,,,,,,,,,,Shanghai Jian Qiao University,https://openalex.org/I4210154361,,,,,,,,,,,,,,,,,,,,,,,,,,,,,,,,,,,,,,,,
B. Zhang,A5100335386,15,,,Shanghai Electric (China),https://openalex.org/I4210126065,Zhejiang University,https://openalex.org/I76130692,Alibaba Group (China),https://openalex.org/I45928872,National University of Defense Technology,https://openalex.org/I170215575,Innovation Academy for Microsatellites of Chinese Academy of Sciences,https://openalex.org/I4387154354,Innovation Academy for Microsatellites of Chinese Academy of Sciences,https://openalex.org/I4387154354,NARI Group (China),https://openalex.org/I4210118629,People’s Hospital of Rizhao,https://openalex.org/I4210097707,,,,,Chongqing University,https://openalex.org/I158842170,,,,,William & Mary,https://openalex.org/I16285277,Engineering Systems (United States),https://openalex.org/I4210116219,Jiangsu University,https://openalex.org/I115592961,Engineering Systems (United States),https://openalex.org/I4210116219,Engineering Systems (United States),https://openalex.org/I4210116219,Huazhong University of Science and Technology,https://openalex.org/I47720641,University of Southern California,https://openalex.org/I1174212,,,KTH Royal Institute of Technology,https://openalex.org/I86987016,KTH Royal Institute of Technology,https://openalex.org/I86987016,University of Science and Technology of China,https://openalex.org/I126520041,University of Science and Technology of China,https://openalex.org/I126520041,,,,,,,,,,,,,,,,,,,,,,,,,,,,,,
Mingming Li,A5100338776,9,Ningxia Medical University,https://openalex.org/I4210127460,Beijing University of Chemical Technology,https://openalex.org/I75390827,University of Chinese Academy of Sciences,https://openalex.org/I4210165038,Ningxia Medical University General Hospital,https://openalex.org/I4210139449,University of Chinese Academy of Sciences,https://openalex.org/I4210165038,,,,,"China University of Petroleum, Beijing",https://openalex.org/I204553293,Northeast Petroleum University,https://openalex.org/I921716337,,,,,Zhejiang University,https://openalex.org/I76130692,Tsinghua University,https://openalex.org/I99065089,Ocean University of China,https://openalex.org/I59028903,,,,,,,,,,,,,,,,,,,,,,,,,,,,,,,,,,,,,,,,,,,,,,,,,,,,,,
Yi Zheng,A5100342733,9,,,University of Hong Kong,https://openalex.org/I889458895,"SINOPEC Research Institute of Safety Engineering Co., Ltd.",https://openalex.org/I4392738069,Chinese Academy of Engineering,https://openalex.org/I40246663,Southeast University,https://openalex.org/I76569877,Southeast University,https://openalex.org/I76569877,,,University of Hong Kong,https://openalex.org/I889458895,,,"Institut de Microélectronique, Electromagnétisme et Photonique",https://openalex.org/I4210139715,,,,,,,China Institute of Atomic Energy,https://openalex.org/I4210096139,Zhejiang Normal University,https://openalex.org/I135237710,Zhejiang Normal University,https://openalex.org/I135237710,,,MSCI (China),https://openalex.org/I4210142228,Beihang University,https://openalex.org/I82880672,,,,,,,,,,,,,,,,,,,,,,,,,,,,,,,,,,,,,,,,,,,,
Peng Zhang,A5100364050,12,,,Huazhong University of Science and Technology,https://openalex.org/I47720641,Northeastern University,https://openalex.org/I9224756,Shandong University of Science and Technology,https://openalex.org/I80143920,Jinzhou Medical University,https://openalex.org/I85430964,Beihang University,https://openalex.org/I82880672,Beihang University,https://openalex.org/I82880672,Beijing Computational Science Research Center,https://openalex.org/I4210139958,Beijing Computational Science Research Center,https://openalex.org/I4210139958,Beijing Computational Science Research Center,https://openalex.org/I4210139958,Beijing Computational Science Research Center,https://openalex.org/I4210139958,Institute of Theoretical Physics,https://openalex.org/I4210125404,Institute of Theoretical Physics,https://openalex.org/I4210125404,Institute of Theoretical Physics,https://openalex.org/I4210125404,Institute of Theoretical Physics,https://openalex.org/I4210125404,University of Wollongong,https://openalex.org/I204824540,Lanzhou Jiaotong University,https://openalex.org/I3133134087,Beijing University of Technology,https://openalex.org/I37796252,Lanzhou Jiaotong University,https://openalex.org/I3133134087,Lanzhou Jiaotong University,https://openalex.org/I3133134087,Institute of Theoretical Physics,https://openalex.org/I4210125404,University of Hong Kong,https://openalex.org/I889458895,Institute of Theoretical Physics,https://openalex.org/I4210125404,Academia Sinica,https://openalex.org/I84653119,Academia Sinica,https://openalex.org/I84653119,,,,,,,,,,,,,,,,,,,,,,,,,,,,,,,,
Chenyu Zhang,A5100377485,6,Beijing Sport University,https://openalex.org/I87710204,Beijing Sport University,https://openalex.org/I87710204,Xi'an Shiyou University,https://openalex.org/I181903023,Southeast University,https://openalex.org/I76569877,,,Shanghai Electric (China),https://openalex.org/I4210126065,Dalian Maritime University,https://openalex.org/I43313876,,,,,,,Shanghai Electric (China),https://openalex.org/I4210126065,,,Nanjing University of Science and Technology,https://openalex.org/I36399199,,,,,,,,,,,,,,,,,,,,,,,,,,,,,,,,,,,,,,,,,,,,,,,,,,,,,,,,
Zihan Wang,a5100380111,4,Chang'an University,https://openalex.org/I25355098,Tsinghua University,https://openalex.org/I99065089,Tsinghua University,https://openalex.org/I99065089,Tsinghua University,https://openalex.org/I99065089,Tsinghua University,https://openalex.org/I99065089,Tsinghua University,https://openalex.org/I99065089,Tsinghua University,https://openalex.org/I99065089,University of Chinese Academy of Sciences,https://openalex.org/I4210165038,University of Chinese Academy of Sciences,https://openalex.org/I4210165038,Tsinghua University,https://openalex.org/I99065089,Tsinghua University,https://openalex.org/I99065089,,,,,Xiangtan University,https://openalex.org/I4610292,,,,,,,,,,,,,,,,,,,,,,,,,,,,,,,,,,,,,,,,,,,,,,,,,,,,,,
Hui Li,A5100637295,8,,,University of Chinese Academy of Sciences,https://openalex.org/I4210165038,State Key Laboratory of Space Weather,https://openalex.org/I4391768066,State Key Laboratory of Space Weather,https://openalex.org/I4391768066,State Key Laboratory of Space Weather,https://openalex.org/I4391768066,University of Chinese Academy of Sciences,https://openalex.org/I4210165038,State Key Laboratory of Space Weather,https://openalex.org/I4391768066,Instituto Nacional de Pesquisas Espaciais,https://openalex.org/I80849659,University of Chinese Academy of Sciences,https://openalex.org/I4210165038,National Space Science Center,https://openalex.org/I4210115570,National Space Science Center,https://openalex.org/I4210115570,National Space Science Center,https://openalex.org/I4210115570,National Space Science Center,https://openalex.org/I4210115570,University of Houston,https://openalex.org/I44461941,University of Chinese Academy of Sciences,https://openalex.org/I4210165038,Hebei Normal University,https://openalex.org/I94611258,National Space Science Center,https://openalex.org/I4210115570,National Space Science Center,https://openalex.org/I4210115570,National Space Science Center,https://openalex.org/I4210115570,National Space Science Center,https://openalex.org/I4210115570,,,Chinese Academy of Sciences,https://openalex.org/I19820366,,,Chengdu Organic Chemicals (China),https://openalex.org/I4210106541,,,Chengdu Organic Chemicals (China),https://openalex.org/I4210106541,,,,,,,,,,,,,,,,,,,,,,,,,,,,,,
Xiaoxiang Wang,A5100679200,7,,,Shanghai Construction Group (China),https://openalex.org/I4210153035,Zhejiang University,https://openalex.org/I76130692,Zhejiang University,https://openalex.org/I76130692,Zhejiang University,https://openalex.org/I76130692,Zhejiang University,https://openalex.org/I76130692,Zhejiang University,https://openalex.org/I76130692,Zhejiang University,https://openalex.org/I76130692,Nanjing University,https://openalex.org/I881766915,Columbia University,https://openalex.org/I78577930,Zhejiang University,https://openalex.org/I76130692,Zhejiang University,https://openalex.org/I76130692,,,Zhejiang University,https://openalex.org/I76130692,Shougang Institute of Technology,https://openalex.org/I4210127624,Zhejiang University,https://openalex.org/I76130692,Zhejiang University,https://openalex.org/I76130692,China National Petroleum Corporation (China),https://openalex.org/I98227222,Zhejiang University,https://openalex.org/I76130692,Zhejiang University,https://openalex.org/I76130692,,,Zhejiang University,https://openalex.org/I76130692,,,,,,,,,,,Okayama University,https://openalex.org/I163770644,,,,,,,,,,,,,,,,,,,,,,,,,,
Jin Chen,A5100689175,18,Zhejiang University,https://openalex.org/I76130692,Huizhou University,https://openalex.org/I93477617,Hainan Medical University,https://openalex.org/I79731167,Guangzhou Medical University,https://openalex.org/I92039509,South China University of Technology,https://openalex.org/I90610280,Jinzhou Medical University,https://openalex.org/I85430964,Nanjing Medical University,https://openalex.org/I83519826,Hangzhou Dianzi University,https://openalex.org/I50760025,Chongqing Medical University,https://openalex.org/I87780372,Chongqing Medical University,https://openalex.org/I87780372,Fu Wai Hospital,https://openalex.org/I4210161896,Chongqing Medical University,https://openalex.org/I87780372,Chongqing Medical University,https://openalex.org/I87780372,University of Missouri,https://openalex.org/I76835614,Zhongda Hospital Southeast University,https://openalex.org/I4210105806,Huashan Hospital,https://openalex.org/I4210159575,Zhejiang University,https://openalex.org/I76130692,Shandong University of Science and Technology,https://openalex.org/I80143920,Fuzhou General Hospital of Nanjing Military Command,https://openalex.org/I4210120223,Daping Hospital,https://openalex.org/I4210092099,,,,,,,Air Force Medical University,https://openalex.org/I9916479,,,,,Shanghai Jiao Tong University,https://openalex.org/I183067930,,,,,,,,,,,,,,,,,,,,,,,,,,,,
Shuang Zhou,A5101508494,3,,,Second Affiliated Hospital of Fujian Medical University,https://openalex.org/I4210134617,,,,,,,,,,,Nanjing University of Posts and Telecommunications,https://openalex.org/I41198531,Southeast University,https://openalex.org/I76569877,Southeast University,https://openalex.org/I76569877,,,Southeast University,https://openalex.org/I76569877,,,,,,,,,,,,,,,,,,,,,,,,,,,,,,,,,,,,,,,,,,,,,,,,,,,,,,,,,,
Wenjie Hu,A5101521918,12,,,University of Pennsylvania,https://openalex.org/I79576946,Hunan Agricultural University,https://openalex.org/I52180223,Hubei University,https://openalex.org/I75900474,Chinese Academy of Science and Technology for Development,https://openalex.org/I4210149693,Stomatology Hospital,https://openalex.org/I4210132950,Stomatology Hospital,https://openalex.org/I4210132950,Stanford University,https://openalex.org/I97018004,Zhejiang University,https://openalex.org/I76130692,Stomatology Hospital,https://openalex.org/I4210132950,Northwest A&F University,https://openalex.org/I89652312,Stomatology Hospital,https://openalex.org/I4210132950,,,University of Sousse,https://openalex.org/I8636806,Stomatology Hospital,https://openalex.org/I4210132950,,,Fudan University Shanghai Cancer Center,https://openalex.org/I4210093194,Peking University,https://openalex.org/I20231570,Yahoo (United Kingdom),https://openalex.org/I1325784139,,,,,,,,,,,Peking University,https://openalex.org/I20231570,,,,,,,,,,,,,,,,,,,,,,,,,,,,,,,,
Shaoqing Wu,A5101533376,5,,,Guangzhou Medical University,https://openalex.org/I92039509,Guangzhou Medical University,https://openalex.org/I92039509,Guangzhou Medical University,https://openalex.org/I92039509,Guangzhou Medical University,https://openalex.org/I92039509,,,Guangzhou Medical University,https://openalex.org/I92039509,Guangzhou Medical University,https://openalex.org/I92039509,Guangzhou Medical University,https://openalex.org/I92039509,New York University,https://openalex.org/I57206974,Guangzhou Medical University,https://openalex.org/I92039509,Guangzhou Medical University,https://openalex.org/I92039509,Guangzhou Medical University,https://openalex.org/I92039509,,,,,Jining First People's Hospital,https://openalex.org/I4210136826,,,,,,,,,Guangzhou Medical University,https://openalex.org/I92039509,,,Guangdong Province Women and Children Hospital,https://openalex.org/I4210143875,,,,,,,,,,,,,Tzu Chi Foundation,https://openalex.org/I2800374468,,,,,,,,,,,,,,,,,,,,,,
Zhen Huang,A5101653729,9,,,Zhejiang University,https://openalex.org/I76130692,Jiangxi University of Science and Technology,https://openalex.org/I4510145,Jiangxi University of Science and Technology,https://openalex.org/I4510145,Jiangxi University of Science and Technology,https://openalex.org/I4510145,Tsinghua University,https://openalex.org/I99065089,Nanjing University,https://openalex.org/I881766915,Nanjing University,https://openalex.org/I881766915,Nanjing University,https://openalex.org/I881766915,Nanjing University,https://openalex.org/I881766915,China University of Mining and Technology,https://openalex.org/I25757504,China University of Mining and Technology,https://openalex.org/I25757504,Gannan Medical University,https://openalex.org/I4210113195,China University of Mining and Technology,https://openalex.org/I25757504,Nanjing University,https://openalex.org/I881766915,Southeast University,https://openalex.org/I76569877,Central South University,https://openalex.org/I139660479,,,,,,,Shanghai University of Engineering Science,https://openalex.org/I141962983,,,,,,,,,,,,,,,,,,,,,,,,,,,,,,,,,,,,,,,,
Yanping Huang,A5101749154,7,,,Institute of High Pressure Physics,https://openalex.org/I4210091332,Institute of High Pressure Physics,https://openalex.org/I4210091332,Chengdu University,https://openalex.org/I4210125143,Sichuan University,https://openalex.org/I24185976,Nanjing Forestry University,https://openalex.org/I167027274,China Leather and Footwear Industry Research Institute,https://openalex.org/I4210144678,Sichuan University,https://openalex.org/I24185976,Hunan University,https://openalex.org/I16609230,,,,,,,,,,,,,,,,,,,,,,,,,,,,,,,,,,,,,East China Normal University,https://openalex.org/I66867065,,,,,,,,,,,,,,,,,,,,,,,,,,
Meng Li,A5101815738,13,Hebei Medical University,https://openalex.org/I111381250,Chongqing Medical University,https://openalex.org/I87780372,Huazhong University of Science and Technology,https://openalex.org/I47720641,Yangzhou University,https://openalex.org/I78978612,Chongqing Medical University,https://openalex.org/I87780372,Southwest Florida Research,https://openalex.org/I4210126525,Henan Institute of Science and Technology,https://openalex.org/I4210163247,First Affiliated Hospital of Hebei Medical University,https://openalex.org/I4210157729,Shanghai Jiao Tong University,https://openalex.org/I183067930,Shandong Academy of Agricultural Sciences,https://openalex.org/I4210106325,New York University,https://openalex.org/I57206974,Henan Institute of Science and Technology,https://openalex.org/I4210163247,Henan University of Technology,https://openalex.org/I36152291,Henan Institute of Science and Technology,https://openalex.org/I4210163247,Henan Institute of Science and Technology,https://openalex.org/I4210163247,Henan Institute of Science and Technology,https://openalex.org/I4210163247,,,Heilongjiang Academy of Forestry,https://openalex.org/I4210115771,Hebei Agricultural University,https://openalex.org/I108160477,Henan Institute of Science and Technology,https://openalex.org/I4210163247,,,,,,,,,,,,,,,,,,,,,,,,,,,,,,,,,,,,,,,,,,
Yilong Zhao,a5101870121,4,,,Shanghai Jiao Tong University,https://openalex.org/I183067930,Fudan University,https://openalex.org/I24943067,Fudan University,https://openalex.org/I24943067,Fudan University,https://openalex.org/I24943067,ShangHai JiAi Genetics & IVF Institute,https://openalex.org/I4210122302,Fudan University,https://openalex.org/I24943067,Fudan University,https://openalex.org/I24943067,,,,,,,,,,,Michigan Technological University,https://openalex.org/I11957088,,,,,,,,,,,,,,,,,,,,,,,,,,,,,,,,,,,,,,,,,,,,,,,,,,,,,,
Hao Yang,a5101895792,3,,,China Southern Power Grid (China),https://openalex.org/I74872605,Communication University of China,https://openalex.org/I75689368,Communication University of China,https://openalex.org/I75689368,,,,,,,,,,,Jiangsu Center for Collaborative Innovation in Geographical Information Resource Development and Application,https://openalex.org/I4210141657,,,,,,,,,,,,,,,,,,,,,,,,,,,,,,,,,,,,,,,,,,,,,,,,,,,,,,,,,,,,,,
Tong Wu,A5101994749,7,,,China Agricultural University,https://openalex.org/I52158045,Qiqihar Medical University,https://openalex.org/I899859998,Beihang University,https://openalex.org/I82880672,Qiqihar Medical University,https://openalex.org/I899859998,Qiqihar Medical University,https://openalex.org/I899859998,Xi'an Jiaotong University,https://openalex.org/I87445476,Qiqihar Medical University,https://openalex.org/I899859998,Yibin University,https://openalex.org/I4210131342,Xi'an Jiaotong University,https://openalex.org/I87445476,Yibin University,https://openalex.org/I4210131342,Yibin University,https://openalex.org/I4210131342,Yibin University,https://openalex.org/I4210131342,Yibin University,https://openalex.org/I4210131342,Yibin University,https://openalex.org/I4210131342,Research Center for Eco-Environmental Sciences,https://openalex.org/I4210144289,Yibin University,https://openalex.org/I4210131342,Southwest University,https://openalex.org/I142108993,Southwest University,https://openalex.org/I142108993,,,Yibin University,https://openalex.org/I4210131342,,,,,,,,,,,,,,,,,,,,,,,,,,,,,,,,,,,,,,,,
Xiaowen Sun,A5104180229,2,Shanghai Ocean University,https://openalex.org/I44675526,State Key Laboratory of Crystal Materials,https://openalex.org/I4391768157,State Key Laboratory of Crystal Materials,https://openalex.org/I4391768157,,,,,,,,,,,,,,,,,,,,,,,,,,,,,,,,,,,,,,,,,,,,,,,,,,,,,,,,,,,,,,,,,,,,,,,,,,,,
Yunxian Ma,A5107930819,11,Guangxi University of Chinese Medicine,https://openalex.org/I4210113348,Fairchild Semiconductor (United States),https://openalex.org/I81844223,Oklahoma State University Oklahoma City,https://openalex.org/I4210131712,University College London,https://openalex.org/I45129253,Institute of High Energy Physics,https://openalex.org/I4210137180,Peking University,https://openalex.org/I20231570,Ludwig-Maximilians-Universität München,https://openalex.org/I8204097,The University of Adelaide,https://openalex.org/I5681781,The University of Adelaide,https://openalex.org/I5681781,University College London,https://openalex.org/I45129253,The University of Adelaide,https://openalex.org/I5681781,,,,,Nagoya University,https://openalex.org/I60134161,Budker Institute of Nuclear Physics,https://openalex.org/I4843557,California Institute of Technology,https://openalex.org/I122411786,California Institute of Technology,https://openalex.org/I122411786,,,,,,,,,,,,,,,,,,,,,,,,,,,,,,,,,,,,,,,,,,,,,,,,
Leyi Xia,A5107939686,3,,,,,University of Science and Technology of China,https://openalex.org/I126520041,,,,,University of Warwick,https://openalex.org/I39555362,University of Science and Technology of China,https://openalex.org/I126520041,,,The University of Adelaide,https://openalex.org/I5681781,The University of Adelaide,https://openalex.org/I5681781,,,,,,,,,,,,,,,,,,,,,,,,,,,,,,,,,,,,,,,,,,,,,,,,,,,,,,,,,,,,,,
R. L. Jin,A5109083484,7,Shanghai Jiao Tong University,https://openalex.org/I183067930,Anyang Academy of Agricultural Sciences,https://openalex.org/I4210104895,,,New Technology (Israel),https://openalex.org/I4210136868,,,,,,,Sichuan Agricultural University,https://openalex.org/I37574244,,,Sichuan Agricultural University,https://openalex.org/I37574244,,,,,,,Gansu Agricultural University,https://openalex.org/I16295237,,,,,,,,,,,,,Chonnam National University,https://openalex.org/I111277659,,,,,,,,,,,,,,,,,,,,,,,Hunter College,https://openalex.org/I39694355,,,,,,,,,,,,,,,,
Haoyu Lu,A5110986785,3,,,Hebei GEO University,https://openalex.org/I95946905,Shandong First Medical University,https://openalex.org/I4210163399,Hebei GEO University,https://openalex.org/I95946905,,,,,,,,,,,,,Southeast University,https://openalex.org/I76569877,,,,,,,,,,,,,,,,,,,,,,,,,,,,,,,,,,,,,,,,,,,,,,,,,,,,,,,,,,,,
Xinyi Zhou,A5111292232,0,,,,,,,,,,,,,,,,,,,,,,,,,,,,,,,,,,,,,,,,,,,,,,,,,,,,,,,,,,,,,,,,,,,,,,,,,,,,,,,,,,
Xiaojin Shen,A5111323358,1,,,,,,,,,,,,,First People's Hospital of Yunnan Province,https://openalex.org/I4210091044,,,,,,,,,,,,,,,,,,,,,,,,,,,,,,,,,,,,,,,,,,,,,,,,,,,,,,,,,,,,,,,,,,,,
Jian Liang,A5112183358,4,,,National Sun Yat-sen University,https://openalex.org/I142974352,Jiangmen Central Hospital,https://openalex.org/I4210146741,,,,,,,,,,,,,,,,,,,,,,,Nanyang Technological University,https://openalex.org/I172675005,,,Guangdong University of Technology,https://openalex.org/I139024713,Guangdong University of Technology,https://openalex.org/I139024713,,,,,,,,,,,,,,,,,,,,,,,,,,,,,,,,,,,,,,,,,,,,,,
R. J. Chen,A5112374713,2,,,Yan'an University,https://openalex.org/I4210102412,,,,,,,,,,,,,Institute of Modern Physics,https://openalex.org/I4210131271,,,,,,,,,,,,,,,,,,,,,,,,,,,,,,,,,,,,,,,,,,,,,,,,,,,,,,,,,,,,,,,,
Wanjia Zhao,A5112946948,3,,,Abraham Baldwin Agricultural College,https://openalex.org/I2799637951,,,Zhejiang University,https://openalex.org/I76130692,,,,,,,,,,,Northwestern Polytechnical University,https://openalex.org/I17145004,,,,,,,,,,,,,,,,,,,,,,,,,,,,,,,,,,,,,,,,,,,,,,,,,,,,,,,,,,,,,,
Yixin Dong,a5114999117,0,,,,,,,,,,,,,,,,,,,,,,,,,,,,,,,,,,,,,,,,,,,,,,,,,,,,,,,,,,,,,,,,,,,,,,,,,,,,,,,,,,
Zhongyu Zhang,A5115604997,9,,,First People's Hospital of Chongqing,https://openalex.org/I4210161892,Hangzhou Dianzi University,https://openalex.org/I50760025,,,,,,,Chinese Academy of Sciences,https://openalex.org/I19820366,,,,,Huazhong University of Science and Technology,https://openalex.org/I47720641,Beijing Institute of Technology,https://openalex.org/I125839683,,,New York Institute of Technology,https://openalex.org/I4210104314,Qujing Normal University,https://openalex.org/I4210105365,,,,,,,"Changchun Institute of Optics, Fine Mechanics and Physics",https://openalex.org/I4210088164,,,,,,,,,,,,,,,,,"Changchun Institute of Optics, Fine Mechanics and Physics",https://openalex.org/I4210088164,Purple Mountain Observatory,https://openalex.org/I2802340896,,,,,,,,,,,,,,,,,,,,,,,,,,
Zhen Zhang,A5118092868,10,,,Beihang University,https://openalex.org/I82880672,Beihang University,https://openalex.org/I82880672,South China Agricultural University,https://openalex.org/I101479585,Northeast Forestry University,https://openalex.org/I47689461,Shenyang Pharmaceutical University,https://openalex.org/I103890011,,,,,,,Key Laboratory of Guangdong Province,https://openalex.org/I4210098034,Dana-Farber Cancer Institute,https://openalex.org/I4210117453,Dana-Farber Cancer Institute,https://openalex.org/I4210117453,,,ZheJiang Academy of Agricultural Sciences,https://openalex.org/I4210126939,Nanjing University,https://openalex.org/I881766915,,,Johns Hopkins University,https://openalex.org/I145311948,,,,,Johns Hopkins Medicine,https://openalex.org/I2799853436,,,,,,,,,,,,,,,,,,,,,,,,,,,,,,,,,,,,,,,,,,
