Author,OA_ID,unique_affiliation_count,all_china,some_china,some_usa,all_usa,all_countries,affiliation_display_name_2026,affiliation_id_2026,affiliation_country_2026,affiliation_display_name_2025,affiliation_id_2025,affiliation_country_2025,affiliation_display_name_2024,affiliation_id_2024,affiliation_country_2024,affiliation_display_name_2023,affiliation_id_2023,affiliation_country_2023,affiliation_display_name_2022,affiliation_id_2022,affiliation_country_2022,affiliation_display_name_2021,affiliation_id_2021,affiliation_country_2021,affiliation_display_name_2020,affiliation_id_2020,affiliation_country_2020,affiliation_display_name_2019,affiliation_id_2019,affiliation_country_2019,affiliation_display_name_2018,affiliation_id_2018,affiliation_country_2018,affiliation_display_name_2017,affiliation_id_2017,affiliation_country_2017,affiliation_display_name_2016,affiliation_id_2016,affiliation_country_2016,affiliation_display_name_2015,affiliation_id_2015,affiliation_country_2015,affiliation_display_name_2014,affiliation_id_2014,affiliation_country_2014,affiliation_display_name_2013,affiliation_id_2013,affiliation_country_2013,affiliation_display_name_2012,affiliation_id_2012,affiliation_country_2012,affiliation_display_name_2011,affiliation_id_2011,affiliation_country_2011,affiliation_display_name_2010,affiliation_id_2010,affiliation_country_2010,affiliation_display_name_2009,affiliation_id_2009,affiliation_country_2009,affiliation_display_name_2008,affiliation_id_2008,affiliation_country_2008,affiliation_display_name_2007,affiliation_id_2007,affiliation_country_2007,affiliation_display_name_2006,affiliation_id_2006,affiliation_country_2006,affiliation_display_name_2005,affiliation_id_2005,affiliation_country_2005,affiliation_display_name_2004,affiliation_id_2004,affiliation_country_2004,affiliation_display_name_2003,affiliation_id_2003,affiliation_country_2003,affiliation_display_name_2002,affiliation_id_2002,affiliation_country_2002,affiliation_display_name_2001,affiliation_id_2001,affiliation_country_2001,affiliation_display_name_2000,affiliation_id_2000,affiliation_country_2000,affiliation_display_name_1999,affiliation_id_1999,affiliation_country_1999,affiliation_display_name_1998,affiliation_id_1998,affiliation_country_1998,affiliation_display_name_1997,affiliation_id_1997,affiliation_country_1997,affiliation_display_name_1996,affiliation_id_1996,affiliation_country_1996,affiliation_display_name_1995,affiliation_id_1995,affiliation_country_1995,affiliation_display_name_1994,affiliation_id_1994,affiliation_country_1994,affiliation_display_name_1993,affiliation_id_1993,affiliation_country_1993,affiliation_display_name_1992,affiliation_id_1992,affiliation_country_1992,affiliation_display_name_1991,affiliation_id_1991,affiliation_country_1991,affiliation_display_name_1989,affiliation_id_1989,affiliation_country_1989,affiliation_display_name_1988,affiliation_id_1988,affiliation_country_1988,affiliation_display_name_1987,affiliation_id_1987,affiliation_country_1987,affiliation_display_name_1986,affiliation_id_1986,affiliation_country_1986,affiliation_display_name_1985,affiliation_id_1985,affiliation_country_1985
Yao Li,A5110237033,11,False,True,True,False,China; United Kingdom; United States,Intelligent Health (United Kingdom),https://openalex.org/I4210153682,United Kingdom,Taiyuan University of Science and Technology,https://openalex.org/I46305995,China,Heilongjiang Institute of Technology,https://openalex.org/I4210161462,China,Harbin Institute of Technology,https://openalex.org/I204983213,China,University of Chinese Academy of Sciences,https://openalex.org/I4210165038,China,Harbin Institute of Technology,https://openalex.org/I204983213,China,Harbin Institute of Technology,https://openalex.org/I204983213,China,Shandong University of Science and Technology,https://openalex.org/I80143920,China,China National Petroleum Corporation (China),https://openalex.org/I98227222,China,Harbin Institute of Technology,https://openalex.org/I204983213,China,"University of Maryland, Baltimore County",https://openalex.org/I79272384,United States,Lanzhou University,https://openalex.org/I76214153,China,Harbin Institute of Technology,https://openalex.org/I204983213,China,,,,Harbin Institute of Technology,https://openalex.org/I204983213,China,Harbin Institute of Technology,https://openalex.org/I204983213,China,Harbin Institute of Technology,https://openalex.org/I204983213,China,Hebei University of Architecture,https://openalex.org/I4210161087,China,,,,Harbin Institute of Technology,https://openalex.org/I204983213,China,Hebei University of Architecture,https://openalex.org/I4210161087,China,,,,,,,,,,,,,,,,,,,,,,,,,,,,,,,,,,,,,,,,,,,City College,https://openalex.org/I4210093530,United States,,,,,,,,,,,,,,,
Zhenda Xie,A5007043113,4,False,True,True,False,China; United States,,,,Nanjing University,https://openalex.org/I881766915,China,Nanjing University,https://openalex.org/I881766915,China,Nanjing University,https://openalex.org/I881766915,China,Tsinghua University,https://openalex.org/I99065089,China,Nanjing University,https://openalex.org/I881766915,China,Nanjing University,https://openalex.org/I881766915,China,Nanjing University,https://openalex.org/I881766915,China,Nanjing University,https://openalex.org/I881766915,China,Nanjing University,https://openalex.org/I881766915,China,Nanjing University,https://openalex.org/I881766915,China,Columbia University,https://openalex.org/I78577930,United States,Columbia University,https://openalex.org/I78577930,United States,University of South China,https://openalex.org/I91935597,China,Nanjing University,https://openalex.org/I881766915,China,Nanjing University,https://openalex.org/I881766915,China,Nanjing University,https://openalex.org/I881766915,China,Nanjing University,https://openalex.org/I881766915,China,Nanjing University,https://openalex.org/I881766915,China,Nanjing University,https://openalex.org/I881766915,China,Nanjing University,https://openalex.org/I881766915,China,,,,,,,,,,,,,,,,,,,,,,,,,,,,,,,,,,,,,,,,,,,,,,,,,,,,,,,,,,,,
Junxiao Song,A5008686458,4,False,True,False,False,China; Hong Kong; South Korea,,,,,,,,,,Qingdao University,https://openalex.org/I108688024,China,,,,,,,,,,,,,,,,,,,Hong Kong University of Science and Technology,https://openalex.org/I200769079,Hong Kong,University of Hong Kong,https://openalex.org/I889458895,Hong Kong,Hong Kong University of Science and Technology,https://openalex.org/I200769079,Hong Kong,Hong Kong University of Science and Technology,https://openalex.org/I200769079,Hong Kong,,,,,,,,,,,,,,,,,,,Korea Aerospace University,https://openalex.org/I24456540,South Korea,,,,,,,,,,,,,,,,,,,,,,,,,,,,,,,,,,,,,,,,,,,,,,,,,,,,,,,,,,,,
Wenfeng Liang,A5009435651,6,False,True,True,False,China; United States,,,,Shenyang Jianzhu University,https://openalex.org/I83714178,China,Guangzhou Medical University,https://openalex.org/I92039509,China,Shenyang Jianzhu University,https://openalex.org/I83714178,China,Shenyang Jianzhu University,https://openalex.org/I83714178,China,Shenyang Jianzhu University,https://openalex.org/I83714178,China,Shenyang Jianzhu University,https://openalex.org/I83714178,China,Shenyang Jianzhu University,https://openalex.org/I83714178,China,Shenyang Jianzhu University,https://openalex.org/I83714178,China,Shenyang Jianzhu University,https://openalex.org/I83714178,China,Goodyear (United States),https://openalex.org/I4210143271,United States,Shenyang Jianzhu University,https://openalex.org/I83714178,China,University of Chinese Academy of Sciences,https://openalex.org/I4210165038,China,University of Chinese Academy of Sciences,https://openalex.org/I4210165038,China,University of Chinese Academy of Sciences,https://openalex.org/I4210165038,China,University of Chinese Academy of Sciences,https://openalex.org/I4210165038,China,Institute of Electrical Engineering,https://openalex.org/I4210128819,China,Institute of Electrical Engineering,https://openalex.org/I4210128819,China,Institute of Electrical Engineering,https://openalex.org/I4210128819,China,,,,,,,,,,,,,,,,,,,,,,,,,,,,,,,,,,North Carolina State University,https://openalex.org/I137902535,United States,North Carolina State University,https://openalex.org/I137902535,United States,North Carolina State University,https://openalex.org/I137902535,United States,North Carolina State University,https://openalex.org/I137902535,United States,,,,,,,,,,,,,,,,,,,,,
Jiashi Li,A5014851555,8,False,True,True,False,China; Japan; United States,Taiyuan University of Technology,https://openalex.org/I9086337,China,Taiyuan University of Technology,https://openalex.org/I9086337,China,Taiyuan University of Technology,https://openalex.org/I9086337,China,Taiyuan University of Technology,https://openalex.org/I9086337,China,Taiyuan University of Technology,https://openalex.org/I9086337,China,Beijing University of Posts and Telecommunications,https://openalex.org/I139759216,China,,,,Shanxi University,https://openalex.org/I181877577,China,,,,,,,,,,,,,,,,,,,,,,,,,Yankton Rural Area Health Education Center,https://openalex.org/I4210146872,United States,East China University of Science and Technology,https://openalex.org/I143593769,China,,,,,,,,,,,,,,,,,,,,,,Beijing University of Chinese Medicine,https://openalex.org/I17747738,China,Hoshi University,https://openalex.org/I36296616,Japan,Hoshi University,https://openalex.org/I36296616,Japan,,,,Beijing Hospital of Traditional Chinese Medicine,https://openalex.org/I4210148966,China,,,,,,,,,,,,,,,,,,,,,,,,,,,,,,,,,
Kang Guan,A5017301651,7,True,True,False,False,China,South China University of Technology,https://openalex.org/I90610280,China,China National Petroleum Corporation (China),https://openalex.org/I98227222,China,China National Petroleum Corporation (China),https://openalex.org/I98227222,China,South China University of Technology,https://openalex.org/I90610280,China,South China University of Technology,https://openalex.org/I90610280,China,South China University of Technology,https://openalex.org/I90610280,China,South China University of Technology,https://openalex.org/I90610280,China,South China University of Technology,https://openalex.org/I90610280,China,South China University of Technology,https://openalex.org/I90610280,China,South China University of Technology,https://openalex.org/I90610280,China,South China University of Technology,https://openalex.org/I90610280,China,South China University of Technology,https://openalex.org/I90610280,China,Yunnan University of Traditional Chinese Medicine,https://openalex.org/I46975222,China,Northwestern Polytechnical University,https://openalex.org/I17145004,China,China National Petroleum Corporation (China),https://openalex.org/I98227222,China,Northwestern Polytechnical University,https://openalex.org/I17145004,China,Northwestern Polytechnical University,https://openalex.org/I17145004,China,,,,,,,,,,,,,,,,,,,,,,Tianjin Academy of Environmental Sciences,https://openalex.org/I4210149704,China,,,,,,,,,,Tianjin Academy of Environmental Sciences,https://openalex.org/I4210149704,China,,,,,,,,,,,,,,,,Kunming Institute of Botany,https://openalex.org/I13850615,China,,,,Institute of Metals Research,https://openalex.org/I4210126304,China,,,,Institute of Metals Research,https://openalex.org/I4210126304,China,,,,,,
Yukun Li,A5018379530,1,True,True,False,False,China,,,,Xinjiang University,https://openalex.org/I96908189,China,Xinjiang University,https://openalex.org/I96908189,China,Xinjiang University,https://openalex.org/I96908189,China,,,,,,,,,,,,,Xinjiang University,https://openalex.org/I96908189,China,Xinjiang University,https://openalex.org/I96908189,China,,,,Xinjiang University,https://openalex.org/I96908189,China,,,,,,,,,,,,,,,,,,,,,,,,,,,,,,,,,,,,,,,,,,,,,,,,,,,,,,,,,,,,,,,,,,,,,,,,,,,,,,,,,,,,,,,
Chong Ruan,A5019374810,1,True,True,False,False,China,,,,,,,,,,Chang'an University,https://openalex.org/I25355098,China,Chang'an University,https://openalex.org/I25355098,China,,,,,,,,,,,,,,,,,,,,,,,,,,,,,,,,,,,,,,,,,,,,,,,,,,,,,,,,,,,,,,,,,,,,,,,,,,,,,,,,,,,,,,,,,,,,,,,,,,,,,,,,,,,,
Damai Dai,A5020456783,4,False,True,False,False,China; India,,,,Peking University,https://openalex.org/I20231570,China,,,,Tsinghua University,https://openalex.org/I99065089,China,Microsoft Research (India),https://openalex.org/I4210124949,India,Peking University,https://openalex.org/I20231570,China,Peking University,https://openalex.org/I20231570,China,Peng Cheng Laboratory,https://openalex.org/I4210136793,China,Peking University,https://openalex.org/I20231570,China,,,,,,,,,,,,,,,,,,,,,,,,,,,,,,,,,,,,,,,,,,,,,,,,,,,,,,,,,,,,,,,,,,,,,,,,,,,,,,,,,,,,,,,,,,,,,,,,
Runxin Xu,A5023594937,4,False,True,True,False,China; United Kingdom; United States,,,,Shanghai Jiao Tong University,https://openalex.org/I183067930,China,Imperial College London,https://openalex.org/I47508984,United Kingdom,Peking University,https://openalex.org/I20231570,China,Imperial College London,https://openalex.org/I47508984,United Kingdom,Peking University,https://openalex.org/I20231570,China,The Ohio State University,https://openalex.org/I52357470,United States,,,,,,,,,,,,,,,,,,,,,,,,,,,,,,,,,,,,,,,,,,,,,,,,,,,,,,,,,,,,,,,,,,,,,,,,,,,,,,,,,,,,,,,,,,,,,,,,,,,,,,
Deli Chen,A5028794611,18,False,True,True,False,Australia; China; Russia; United States,Liaoning Shihua University,https://openalex.org/I166846921,China,Chongqing Medical University,https://openalex.org/I87780372,China,Xi'an Jiaotong University,https://openalex.org/I87445476,China,Tsinghua University,https://openalex.org/I99065089,China,Agriculture and Food,https://openalex.org/I4210138055,Australia,Putian University,https://openalex.org/I64449678,China,Tsinghua University,https://openalex.org/I99065089,China,Victoria University,https://openalex.org/I71270174,Australia,Victoria University,https://openalex.org/I71270174,Australia,Agriculture and Food,https://openalex.org/I4210138055,Australia,Chinese Academy of Medical Sciences & Peking Union Medical College,https://openalex.org/I200296433,China,MEI Research (United States),https://openalex.org/I4210101987,United States,Moscow Engineering Physics Institute,https://openalex.org/I887846188,Russia,Agriculture and Food,https://openalex.org/I4210138055,Australia,"Department of Environment, Land, Water and Planning",https://openalex.org/I4210148235,Australia,Putian University,https://openalex.org/I64449678,China,The University of Melbourne,https://openalex.org/I165779595,Australia,Putian University,https://openalex.org/I64449678,China,National University of Defense Technology,https://openalex.org/I170215575,China,Department of Land Resource Management,https://openalex.org/I4210113848,Australia,The University of Melbourne,https://openalex.org/I165779595,Australia,The University of Melbourne,https://openalex.org/I165779595,Australia,The University of Melbourne,https://openalex.org/I165779595,Australia,Tongji Hospital,https://openalex.org/I4210160344,China,The University of Melbourne,https://openalex.org/I165779595,Australia,The University of Melbourne,https://openalex.org/I165779595,Australia,,,,,,,,,,Peking University,https://openalex.org/I20231570,China,,,,Plant Industry,https://openalex.org/I4210152679,Australia,,,,Plant Industry,https://openalex.org/I4210152679,Australia,,,,The University of Texas Health Science Center at San Antonio,https://openalex.org/I165951966,United States,Plant Industry,https://openalex.org/I4210152679,Australia,,,,,,,,,,,,
Zhewen Hao,A5039093405,2,True,True,False,False,China,,,,Shihezi University,https://openalex.org/I102208913,China,,,,,,,Peking University,https://openalex.org/I20231570,China,Peking University,https://openalex.org/I20231570,China,,,,,,,,,,,,,,,,,,,,,,,,,,,,,,,,,,,,,,,,,,,,,,,,,,,,,,,,,,,,,,,,,,,,,,,,,,,,,,,,,,,,,,,,,,,,,,,,,,,,,,,,,
Qihao Zhu,A5047271595,4,False,True,True,False,China; United States,,,,Peking University,https://openalex.org/I20231570,China,Northeast Forestry University,https://openalex.org/I47689461,China,Northeast Forestry University,https://openalex.org/I47689461,China,Hubei University of Education,https://openalex.org/I4210154851,China,Peking University,https://openalex.org/I20231570,China,Peking University,https://openalex.org/I20231570,China,Peking University,https://openalex.org/I20231570,China,Peking University,https://openalex.org/I20231570,China,,,,,,,Carnegie Mellon University,https://openalex.org/I74973139,United States,,,,,,,,,,,,,,,,,,,,,,,,,,,,,,,,,,,,,,,,,,,,,,,,,,,,,,,,,,,,,,,,Peking University,https://openalex.org/I20231570,China,,,,,,,,,,,,,,,,,,,,,
Shirong Ma,A5057030499,3,True,True,False,False,China,,,,Air Force Medical University,https://openalex.org/I9916479,China,Air Force Medical University,https://openalex.org/I9916479,China,Tsinghua University,https://openalex.org/I99065089,China,Tsinghua University,https://openalex.org/I99065089,China,Air Force Medical University,https://openalex.org/I9916479,China,,,,Air Force Medical University,https://openalex.org/I9916479,China,Air Force Medical University,https://openalex.org/I9916479,China,,,,Air Force Medical University,https://openalex.org/I9916479,China,,,,Air Force Medical University,https://openalex.org/I9916479,China,Air Force Medical University,https://openalex.org/I9916479,China,,,,Air Force Medical University,https://openalex.org/I9916479,China,,,,Air Force Medical University,https://openalex.org/I9916479,China,Air Force Medical University,https://openalex.org/I9916479,China,Air Force Medical University,https://openalex.org/I9916479,China,Northwest Normal University,https://openalex.org/I68986083,China,,,,,,,,,,,,,,,,,,,,,,,,,,,,,,,,,,,,,,,,,,,,,,,,,,,,,,,,,,,,
Peiyi Wang,A5058808692,16,False,True,True,False,China; Russia; Taiwan; United Kingdom; United States,,,,Northwest A&F University,https://openalex.org/I89652312,China,Sichuan University of Science and Engineering,https://openalex.org/I64852412,China,Northwest A&F University,https://openalex.org/I89652312,China,Lenovo (China),https://openalex.org/I4210156165,China,Beijing Forestry University,https://openalex.org/I31683504,China,Guizhou University,https://openalex.org/I178232147,China,Shandong Jianzhu University,https://openalex.org/I44445938,China,Bioengineering Center,https://openalex.org/I4210145583,Russia,Guizhou University,https://openalex.org/I178232147,China,Guizhou University,https://openalex.org/I178232147,China,Shaanxi University of Science and Technology,https://openalex.org/I51622183,China,Beihang University,https://openalex.org/I82880672,China,Guizhou University,https://openalex.org/I178232147,China,Taipei Medical University,https://openalex.org/I47519274,Taiwan,Institute of Microbiology,https://openalex.org/I4210134982,China,Beihang University,https://openalex.org/I82880672,China,,,,University of Leeds,https://openalex.org/I130828816,United Kingdom,,,,,,,,,,University of Sheffield,https://openalex.org/I91136226,United Kingdom,University of Sheffield,https://openalex.org/I91136226,United Kingdom,,,,Johns Hopkins University,https://openalex.org/I145311948,United States,University of Sheffield,https://openalex.org/I91136226,United Kingdom,,,,,,,University of Wisconsin–Madison,https://openalex.org/I135310074,United States,Lomonosov Moscow State University,https://openalex.org/I19880235,Russia,,,,,,,,,,,,,,,,,,,,,,,,,,,,,,
Daya Guo,A5060364305,4,False,True,False,False,China; Germany; United Kingdom,Sun Yat-sen University,https://openalex.org/I157773358,China,Sun Yat-sen University,https://openalex.org/I157773358,China,Sun Yat-sen University,https://openalex.org/I157773358,China,Sun Yat-sen University,https://openalex.org/I157773358,China,Microsoft Research (United Kingdom),https://openalex.org/I4210164937,United Kingdom,RheinMain University of Applied Sciences,https://openalex.org/I4829542,Germany,Harbin Institute of Technology,https://openalex.org/I204983213,China,Microsoft Research (United Kingdom),https://openalex.org/I4210164937,United Kingdom,Sun Yat-sen University,https://openalex.org/I157773358,China,,,,,,,,,,,,,,,,,,,,,,,,,,,,,,,,,,,,,,,,,,,,,,,,,,,,,,,,,,,,,,,,,,,,,,,,,,,,,,,,,,,,,,,,,,,,,,,,
Wenjun Gao,A5076999126,13,False,True,False,False,China; Denmark; Hong Kong; Singapore,,,,Shanxi Normal University,https://openalex.org/I94310126,China,University of Science and Technology Beijing,https://openalex.org/I92403157,China,University of Hong Kong,https://openalex.org/I889458895,Hong Kong,,,,Technical University of Denmark,https://openalex.org/I96673099,Denmark,East Asia School of Theology,https://openalex.org/I2821654624,Singapore,China Academy of Space Technology,https://openalex.org/I194716290,China,Tongji University,https://openalex.org/I116953780,China,Chongqing University,https://openalex.org/I158842170,China,Beijing Emergency Medical Center,https://openalex.org/I4210103679,China,Tongji University,https://openalex.org/I116953780,China,Chongqing University,https://openalex.org/I158842170,China,China Academy of Space Technology,https://openalex.org/I194716290,China,,,,Institute of Electronics,https://openalex.org/I4210110458,China,Henan Polytechnic University,https://openalex.org/I4210166499,China,Shenyang Aerospace University,https://openalex.org/I125904092,China,Shenyang Aerospace University,https://openalex.org/I125904092,China,Beihang University,https://openalex.org/I82880672,China,,,,,,,,,,,,,,,,,,,,,,,,,,,,Beihang University,https://openalex.org/I82880672,China,,,,,,,,,,,,,,,,,,,,,,,,,,,,,,,,,
Chenggang Zhao,A5079470006,2,True,True,False,False,China,,,,Shandong University of Science and Technology,https://openalex.org/I80143920,China,Shandong University of Science and Technology,https://openalex.org/I80143920,China,,,,,,,,,,Xi'an University of Science and Technology,https://openalex.org/I110440473,China,Xi'an University of Science and Technology,https://openalex.org/I110440473,China,,,,,,,,,,,,,,,,,,,,,,,,,,,,,,,,,,,,,,,,,,,,,,,,,,,,,,,,,,,,,,,,,,,,,,,,,,,,,,,,,,,,,,,,,,,,,,,,,,,
Chengqi Deng,A5084839131,1,True,True,False,False,China,,,,,,,,,,Dalian Maritime University,https://openalex.org/I43313876,China,Dalian Maritime University,https://openalex.org/I43313876,China,,,,,,,,,,,,,,,,,,,,,,,,,,,,,,,,,,,,,,,,,,,,,,,,,,,,,,,,,,,,,,,,,,,,,,,,,,,,,,,,,,,,,,,,,,,,,,,,,,,,,,,,,,,,
Xiao Bi,A5091346174,3,True,True,False,False,China,,,,Shanghai Ninth People's Hospital,https://openalex.org/I4210097066,China,,,,,,,,,,,,,,,,,,,,,,Rongcheng City People's Hospital,https://openalex.org/I4210147206,China,,,,,,,,,,,,,,,,,,,,,,,,,,,,,,,,,,,,,,,,Tianjin Municipal Research Institute for Family Planning,https://openalex.org/I4210147961,China,,,,,,,,,,,,,,,,,,,,,,,,,,,,,,,,,,,,,,,,,,,,,,,,,,,
Yaohui Wang,A5100672230,13,False,True,True,False,China; United States,,,,University of South China,https://openalex.org/I91935597,China,University of South China,https://openalex.org/I91935597,China,Collaborative Innovation Center of Chemistry for Energy Materials,https://openalex.org/I4210156571,China,Indiana University Melvin and Bren Simon Comprehensive Cancer Center,https://openalex.org/I4390039234,United States,Collaborative Innovation Center of Chemistry for Energy Materials,https://openalex.org/I4210156571,China,Union Hospital,https://openalex.org/I4210163933,China,Collaborative Innovation Center of Chemistry for Energy Materials,https://openalex.org/I4210156571,China,Collaborative Innovation Center of Chemistry for Energy Materials,https://openalex.org/I4210156571,China,Jiangsu Province Hospital,https://openalex.org/I4210152119,China,China Medical University,https://openalex.org/I91656880,China,Zhongshan Hospital,https://openalex.org/I4210127074,China,,,,Jiangsu Province Hospital,https://openalex.org/I4210152119,China,Harbin Science and Technology Bureau,https://openalex.org/I4210135457,China,Shanghai Medical College of Fudan University,https://openalex.org/I133868755,China,,,,Nanjing Medical University,https://openalex.org/I83519826,China,Beijing Radiation Center,https://openalex.org/I4210132047,China,Guangdong Ocean University,https://openalex.org/I79223203,China,,,,,,,,,,,,,,,,,,,,,,,,,,,,,,,,,,,,,,,,,,,National Institute of Diabetes and Digestive and Kidney Diseases,https://openalex.org/I4210090567,United States,,,,,,,,,,,,,,,,,,
Qiushi Du,A5100915390,4,True,True,False,False,China,,,,Dalian Maritime University,https://openalex.org/I43313876,China,,,,,,,Jilin Electric Power Research Institute (China),https://openalex.org/I4210138151,China,,,,Jilin Electric Power Research Institute (China),https://openalex.org/I4210138151,China,,,,,,,,,,,,,Jilin University,https://openalex.org/I194450716,China,,,,Jilin Electric Power Research Institute (China),https://openalex.org/I4210138151,China,,,,Jilin Electric Power Research Institute (China),https://openalex.org/I4210138151,China,North China Electric Power University,https://openalex.org/I153473198,China,North China Electric Power University,https://openalex.org/I153473198,China,,,,,,,,,,,,,,,,,,,,,,,,,,,,,,,,,,,,,,,,,,,,,,,,,,,,,,,,,,,,,,,,,,,,,
Hanwei Xu,A5100966558,3,True,True,False,False,China,,,,,,,,,,Fuzhou University,https://openalex.org/I80947539,China,,,,Hohai University,https://openalex.org/I163340411,China,,,,,,,,,,,,,,,,Hohai University,https://openalex.org/I163340411,China,Hohai University,https://openalex.org/I163340411,China,Hohai University,https://openalex.org/I163340411,China,,,,Hohai University,https://openalex.org/I163340411,China,Hohai University,https://openalex.org/I163340411,China,Nanjing University,https://openalex.org/I881766915,China,,,,,,,Hohai University,https://openalex.org/I163340411,China,,,,,,,,,,,,,,,,,,,,,,,,,,,,,,,,,,,,,,,,,,,,,,,,,,,,,,,,,,,,
Dejian Yang,A5101194950,5,False,True,False,False,China; Kazakhstan; United Kingdom,,,,,,,,,,Pharmaron (United Kingdom),https://openalex.org/I4210102587,United Kingdom,Microsoft Research Asia (China),https://openalex.org/I4210113369,China,,,,Zhengzhou University of Light Industry,https://openalex.org/I23171815,China,,,,,,,,,,,,,,,,,,,,,,,,,Mukhametzhan Tynyshbayev ALT University,https://openalex.org/I4387930291,Kazakhstan,Tianjin Chengjian University,https://openalex.org/I168673124,China,Tianjin Chengjian University,https://openalex.org/I168673124,China,,,,,,,,,,,,,,,,,,,,,,,,,,,,,,,,,,,,,,,,,,,,,,,,,,,,,,,,,,,,,,,,,,,,,
Yishi Piao,A5101289777,0,False,False,False,False,,,,,,,,,,,,,,,,,,,,,,,,,,,,,,,,,,,,,,,,,,,,,,,,,,,,,,,,,,,,,,,,,,,,,,,,,,,,,,,,,,,,,,,,,,,,,,,,,,,,,,,,,,,,,,,,,,,,,,,,,,,,
Yuxiang You,A5101289778,0,False,False,False,False,,,,,,,,,,,,,,,,,,,,,,,,,,,,,,,,,,,,,,,,,,,,,,,,,,,,,,,,,,,,,,,,,,,,,,,,,,,,,,,,,,,,,,,,,,,,,,,,,,,,,,,,,,,,,,,,,,,,,,,,,,,,
Xin Xie,A5101584148,13,False,True,True,False,China; United States,,,,Chongqing University of Technology,https://openalex.org/I50632499,China,Shaanxi Provincial People's Hospital,https://openalex.org/I4210160763,China,Xi'an Medical University,https://openalex.org/I4210107780,China,First Affiliated Hospital of Xi'an Jiaotong University,https://openalex.org/I4210121771,China,Beijing Obstetrics and Gynecology Hospital,https://openalex.org/I4210163952,China,Guangzhou Medical University,https://openalex.org/I92039509,China,Beijing Obstetrics and Gynecology Hospital,https://openalex.org/I4210163952,China,First Affiliated Hospital of Xi'an Jiaotong University,https://openalex.org/I4210121771,China,Nanjing Medical University,https://openalex.org/I83519826,China,First Affiliated Hospital of Xi'an Jiaotong University,https://openalex.org/I4210121771,China,Ministry of Education of the People's Republic of China,https://openalex.org/I1327237609,China,Xi'an Medical University,https://openalex.org/I4210107780,China,Xi'an Medical University,https://openalex.org/I4210107780,China,Xi'an Jiaotong University,https://openalex.org/I87445476,China,Northwest University,https://openalex.org/I37802460,China,,,,,,,,,,"Women's Hospital, School of Medicine, Zhejiang University",https://openalex.org/I4210137217,China,Northwest University,https://openalex.org/I37802460,China,,,,Air Force Medical University,https://openalex.org/I9916479,China,,,,,,,,,,,,,,,,,,,,,,,,,,,,Michigan State University,https://openalex.org/I87216513,United States,,,,,,,,,,,,,,,,,,,,,,,,
Liyue Zhang,A5101859634,11,False,True,True,False,Canada; China; United States,First Affiliated Hospital Zhejiang University,https://openalex.org/I4210166576,China,Ningbo Institute of Industrial Technology,https://openalex.org/I4210165339,China,First Affiliated Hospital Zhejiang University,https://openalex.org/I4210166576,China,First Affiliated Hospital Zhejiang University,https://openalex.org/I4210166576,China,First Hospital of Jilin University,https://openalex.org/I4210125137,China,Ningbo Institute of Industrial Technology,https://openalex.org/I4210165339,China,,,,Tianjin Polytechnic University,https://openalex.org/I198091727,China,Hezhou University,https://openalex.org/I4210155828,China,Hezhou University,https://openalex.org/I4210155828,China,,,,,,,,,,Wuhan General Hospital of Guangzhou,https://openalex.org/I4210151337,China,Children’s Health Research Institute,https://openalex.org/I4210136254,Canada,Children’s Health Research Institute,https://openalex.org/I4210136254,Canada,Children’s Health Research Institute,https://openalex.org/I4210136254,Canada,Children’s Health Research Institute,https://openalex.org/I4210136254,Canada,,,,John D. Dingell VA Medical Center,https://openalex.org/I4210089364,United States,Veterans Health Administration,https://openalex.org/I2799886695,United States,Shanxi Normal University,https://openalex.org/I94310126,China,,,,,,,,,,,,,Kunming Institute of Zoology,https://openalex.org/I18489884,China,,,,,,,,,,,,,,,,,,,,,,,,,,,,,,,,,,,,,,,,,,
Kai Dong,A5102020713,6,False,True,False,False,Canada; China; Finland; Italy,University of Oulu,https://openalex.org/I98381234,Finland,University of Oulu,https://openalex.org/I98381234,Finland,Southeast University,https://openalex.org/I76569877,China,University of Oulu,https://openalex.org/I98381234,Finland,Politecnico di Milano,https://openalex.org/I93860229,Italy,China National Petroleum Corporation (China),https://openalex.org/I98227222,China,,,,Southeast University,https://openalex.org/I76569877,China,Southeast University,https://openalex.org/I76569877,China,Southeast University,https://openalex.org/I76569877,China,,,,University of New Brunswick,https://openalex.org/I106938459,Canada,Nanjing University,https://openalex.org/I881766915,China,Nanjing University,https://openalex.org/I881766915,China,Nanjing University,https://openalex.org/I881766915,China,,,,Nanjing University,https://openalex.org/I881766915,China,,,,Nanjing University,https://openalex.org/I881766915,China,,,,,,,,,,,,,,,,,,,,,,,,,,,,,,,,,,,,,,,,,,,,,,,,,,,,,,,,,,,,,,,,,,
Huazuo Gao,A5102602497,0,False,False,False,False,,,,,,,,,,,,,,,,,,,,,,,,,,,,,,,,,,,,,,,,,,,,,,,,,,,,,,,,,,,,,,,,,,,,,,,,,,,,,,,,,,,,,,,,,,,,,,,,,,,,,,,,,,,,,,,,,,,,,,,,,,,,
Zhihong Shao,A5103100933,7,False,True,True,False,China; United Kingdom; United States,,,,,,,,,,Tsinghua University,https://openalex.org/I99065089,China,Tsinghua University,https://openalex.org/I99065089,China,Shanghai Zhabei District Shibei Hospital,https://openalex.org/I4210163591,China,Shanghai Zhabei District Shibei Hospital,https://openalex.org/I4210163591,China,175th Hospital of People's Liberation Army,https://openalex.org/I4210130572,China,,,,Tongji Hospital,https://openalex.org/I4210160344,China,Tongji Hospital,https://openalex.org/I4210160344,China,Tongji Hospital,https://openalex.org/I4210160344,China,,,,Tongji Hospital,https://openalex.org/I4210160344,China,,,,,,,Tongji Hospital,https://openalex.org/I4210160344,China,Tongji Hospital,https://openalex.org/I4210160344,China,Tongji Hospital,https://openalex.org/I4210160344,China,,,,University of Michigan–Ann Arbor,https://openalex.org/I27837315,United States,,,,University of Michigan–Ann Arbor,https://openalex.org/I27837315,United States,University of Michigan–Ann Arbor,https://openalex.org/I27837315,United States,,,,University of Michigan–Ann Arbor,https://openalex.org/I27837315,United States,,,,University of Surrey,https://openalex.org/I28290843,United Kingdom,,,,,,,,,,,,,,,,Hangzhou Medical College,https://openalex.org/I4210165441,China,,,,,,,,,,,,,,,,,,,,,
Bingxuan Wang,A5114179761,2,False,True,False,False,China; Nepal,,,,,,,Peking University,https://openalex.org/I20231570,China,,,,,,,,,,Peking University,https://openalex.org/I20231570,China,,,,Agriculture and Forestry University,https://openalex.org/I2801534221,Nepal,,,,,,,,,,,,,,,,,,,,,,,,,,,,,,,,,,,,,,,,,,,,,,,,,,,,,,,,,,,,,,,,,,,,,,,,,,,,,,,,,,,,,,,,,,,,,,,,
Shuiping Yu,A5000029432,4,True,True,False,False,China,,,,First Affiliated Hospital of GuangXi Medical University,https://openalex.org/I4210126060,China,First Affiliated Hospital of GuangXi Medical University,https://openalex.org/I4210126060,China,First Affiliated Hospital of GuangXi Medical University,https://openalex.org/I4210126060,China,First Affiliated Hospital of GuangXi Medical University,https://openalex.org/I4210126060,China,,,,Guilin Medical University,https://openalex.org/I176134282,China,First Affiliated Hospital of GuangXi Medical University,https://openalex.org/I4210126060,China,First Affiliated Hospital of GuangXi Medical University,https://openalex.org/I4210126060,China,Tsinghua University,https://openalex.org/I99065089,China,Tsinghua University,https://openalex.org/I99065089,China,Guilin Medical University,https://openalex.org/I176134282,China,Guilin Medical University,https://openalex.org/I176134282,China,Guilin Medical University,https://openalex.org/I176134282,China,,,,Fifth Affiliated Hospital of Sun Yat-sen University,https://openalex.org/I4210113039,China,,,,,,,,,,,,,,,,,,,,,,,,,,,,,,,,,,,,,,,,,,,,,,,,,,,,,,,,,,,,,,,,,,,,,,,,,,,
Guowei Li,A5001383067,8,False,True,False,False,Canada; China; Taiwan,University of Northern British Columbia,https://openalex.org/I151934421,Canada,Heilongjiang Academy of Sciences,https://openalex.org/I4210092224,China,University of Northern British Columbia,https://openalex.org/I151934421,Canada,National Penghu University of Science and Technology,https://openalex.org/I32078218,Taiwan,National Penghu University of Science and Technology,https://openalex.org/I32078218,Taiwan,,,,,,,,,,Southwest Forestry University,https://openalex.org/I25399270,China,,,,Shanghai University of Finance and Economics,https://openalex.org/I181679659,China,,,,,,,Institute of Applied Ecology,https://openalex.org/I4210110024,China,Shandong University of Science and Technology,https://openalex.org/I80143920,China,,,,,,,Huazhong University of Science and Technology,https://openalex.org/I47720641,China,,,,,,,,,,,,,,,,,,,,,,,,,,,,,,,,,,,,,,,,,,,,,,,,,,,,,,,,,,,,,,,,,,,,,
Yuheng Zou,A5002204845,2,True,True,False,False,China,West China Hospital of Sichuan University,https://openalex.org/I4210089761,China,West China Hospital of Sichuan University,https://openalex.org/I4210089761,China,West China Hospital of Sichuan University,https://openalex.org/I4210089761,China,,,,West China Hospital of Sichuan University,https://openalex.org/I4210089761,China,,,,,,,,,,,,,Tsinghua University,https://openalex.org/I99065089,China,,,,,,,,,,,,,,,,,,,,,,,,,,,,,,,,,,,,,,,,,,,,,,,,,,,,,,,,,,,,,,,,,,,,,,,,,,,,,,,,,,,,,,,,,,,,,
Kaige Gao,A5002755981,4,True,True,False,False,China,Yangzhou University,https://openalex.org/I78978612,China,Nanjing University,https://openalex.org/I881766915,China,Yangzhou University,https://openalex.org/I78978612,China,Yangzhou University,https://openalex.org/I78978612,China,Yangzhou University,https://openalex.org/I78978612,China,Yangzhou University,https://openalex.org/I78978612,China,Yangzhou University,https://openalex.org/I78978612,China,Nanjing University,https://openalex.org/I881766915,China,Yangzhou University,https://openalex.org/I78978612,China,Tianjin University,https://openalex.org/I162868743,China,Nanjing University,https://openalex.org/I881766915,China,Nanjing University,https://openalex.org/I881766915,China,Nanjing University,https://openalex.org/I881766915,China,Zhengzhou University,https://openalex.org/I38877650,China,Nanjing University,https://openalex.org/I881766915,China,,,,,,,,,,,,,,,,,,,,,,,,,,,,,,,,,,,,,,,,,,,,,,,,,,,,,,,,,,,,,,,,,,,,,,,,,,,,,,
Wentao Zhang,A5008772211,17,False,True,False,False,China; New Zealand; Spain,Xuzhou Central Hospital,https://openalex.org/I4210132906,China,Beihang University,https://openalex.org/I82880672,China,Southeast University,https://openalex.org/I76569877,China,Shanghai Maritime University,https://openalex.org/I96733725,China,Software (Spain),https://openalex.org/I97750245,Spain,Zhejiang University,https://openalex.org/I76130692,China,"China University of Petroleum, East China",https://openalex.org/I4210162190,China,Beijing Institute of Big Data Research,https://openalex.org/I4210096250,China,Guilin University of Electronic Technology,https://openalex.org/I5343935,China,Peking Union Medical College Hospital,https://openalex.org/I2801228662,China,,,,Institute of Information Engineering,https://openalex.org/I4210156404,China,Beijing Polytechnic,https://openalex.org/I4210152042,China,University of Otago,https://openalex.org/I80281795,New Zealand,Peking Union Medical College Hospital,https://openalex.org/I2801228662,China,State Key Laboratory of Nuclear Physics and Technology,https://openalex.org/I4391767693,China,,,,Soochow University,https://openalex.org/I3923682,China,,,,University of Chinese Academy of Sciences,https://openalex.org/I4210165038,China,,,,,,,,,,,,,,,,Peking University,https://openalex.org/I20231570,China,,,,,,,,,,,,,,,,,,,,,,,,,,,,,,,,,,,,,,,,,,,,,
Yao Zhao,A5009318707,8,False,True,False,False,China; France; Hong Kong,,,,Chongqing Jiaotong University,https://openalex.org/I63371133,China,Nanjing University of Aeronautics and Astronautics,https://openalex.org/I9842412,China,Nanjing University of Aeronautics and Astronautics,https://openalex.org/I9842412,China,Nanjing University of Aeronautics and Astronautics,https://openalex.org/I9842412,China,Nanjing University of Aeronautics and Astronautics,https://openalex.org/I9842412,China,Nanjing University of Aeronautics and Astronautics,https://openalex.org/I9842412,China,Shanghai Ocean University,https://openalex.org/I44675526,China,Changchun Institute of Technology,https://openalex.org/I4210143016,China,,,,,,,,,,Beijing Jiaotong University,https://openalex.org/I21193070,China,Nanjing University of Aeronautics and Astronautics,https://openalex.org/I9842412,China,Centre de Recherche en Acquisition et Traitement de l'Image pour la Santé,https://openalex.org/I4210138704,France,Dalian University of Technology,https://openalex.org/I27357992,China,University of Hong Kong,https://openalex.org/I889458895,Hong Kong,University of Hong Kong,https://openalex.org/I889458895,Hong Kong,University of Hong Kong,https://openalex.org/I889458895,Hong Kong,Beijing Jiaotong University,https://openalex.org/I21193070,China,Beijing Jiaotong University,https://openalex.org/I21193070,China,,,,,,,,,,Beijing Jiaotong University,https://openalex.org/I21193070,China,,,,,,,,,,,,,,,,,,,,,,,,,,,,,,,,,,,,,,,,,,,,,,,,
Aixin Liu,A5015078816,10,False,True,True,False,Canada; China; United States,Shanghai Traditional Chinese Medicine Hospital,https://openalex.org/I4210135988,China,Lu'an First People's Hospital,https://openalex.org/I4210167213,China,Anhui University of Traditional Chinese Medicine,https://openalex.org/I253932293,China,Mississippi State University,https://openalex.org/I99041443,United States,Shandong Agricultural University,https://openalex.org/I74485261,China,Shandong Normal University,https://openalex.org/I28006308,China,Shandong Agricultural University,https://openalex.org/I74485261,China,Shandong Agricultural University,https://openalex.org/I74485261,China,Mississippi State University,https://openalex.org/I99041443,United States,Shandong Agricultural University,https://openalex.org/I74485261,China,Ontario Institute for Cancer Research,https://openalex.org/I112260969,Canada,Shandong Agricultural University,https://openalex.org/I74485261,China,Shandong Agricultural University,https://openalex.org/I74485261,China,Shandong Agricultural University,https://openalex.org/I74485261,China,,,,Mississippi State University,https://openalex.org/I99041443,United States,Guangxi University,https://openalex.org/I150807315,China,Shandong Agricultural University,https://openalex.org/I74485261,China,,,,Xiamen University,https://openalex.org/I191208505,China,Shandong Agricultural University,https://openalex.org/I74485261,China,Guangxi Normal University,https://openalex.org/I29739308,China,,,,,,,,,,,,,,,,,,,,,,Shandong Agricultural University,https://openalex.org/I74485261,China,,,,,,,,,,,,,,,,,,,,,,,,,,,,,,,,,
Zhangli Sha,A5020140830,1,True,True,False,False,China,,,,,,,,,,Xi'an Jiaotong University,https://openalex.org/I87445476,China,,,,,,,,,,,,,,,,,,,,,,,,,,,,,,,,,,,,,,,,,,,,,,,,,,,,,,,,,,,,,,,,,,,,,,,,,,,,,,,,,,,,,,,,,,,,,,,,,,,,,,,,,,,,,,,
Yiliang Xiong,A5028899653,1,True,True,False,False,China,,,,,,,,,,,,,Beijing University of Chinese Medicine,https://openalex.org/I17747738,China,,,,Beijing University of Chinese Medicine,https://openalex.org/I17747738,China,,,,,,,,,,,,,,,,,,,,,,,,,,,,,,,,,,,,,,,,,,,,,,,,,,,,,,,,,,,,,,,,,,,,,,,,,,,,,,,,,,,,,,,,,,,,,,,,,,,,,,
Ruiqi Ge,A5029083198,4,False,True,False,False,China; Thailand,,,,Northeastern University,https://openalex.org/I9224756,China,Northeastern University,https://openalex.org/I9224756,China,Wuhan Institute of Technology,https://openalex.org/I91125648,China,Suan Sunandha Rajabhat University,https://openalex.org/I4210105946,Thailand,Guangxi University,https://openalex.org/I150807315,China,,,,,,,,,,,,,,,,,,,,,,,,,,,,,,,,,,,,,,,,,,,,,,,,,,,,,,,,,,,,,,,,,,,,,,,,,,,,,,,,,,,,,,,,,,,,,,,,,,,,,,,,,
Shangyan Zhou,A5035849215,3,False,True,False,False,China; Poland,Nano Carbon (Poland),https://openalex.org/I4210167079,Poland,Guizhou University,https://openalex.org/I178232147,China,,,,,,,,,,,,,,,,,,,,,,,,,Beijing Shijitan Hospital,https://openalex.org/I4210154593,China,,,,,,,,,,,,,,,,,,,,,,,,,,,,,,,,,,,,,,,,,,,,,,,,,,,,,,,,,,,,,,,,,,,,,,,,,,,,,,,,,,,,,,,,,,
Shunfeng Zhou,A5045996355,2,True,True,False,False,China,,,,,,,,,,,,,,,,,,,,,,,,,,,,Shanghai Tenth People's Hospital,https://openalex.org/I4210132741,China,First Affiliated Hospital of Soochow University,https://openalex.org/I4210153519,China,,,,,,,,,,,,,,,,,,,,,,,,,,,,,,,,,,,,,,,,,,,,,,,,,,,,,,,,,,,,,,,,,,,,,,,,,,,,,,,,,,,,,,,,,,
Shanhuang Chen,A5046105992,0,False,False,False,False,,,,,,,,,,,,,,,,,,,,,,,,,,,,,,,,,,,,,,,,,,,,,,,,,,,,,,,,,,,,,,,,,,,,,,,,,,,,,,,,,,,,,,,,,,,,,,,,,,,,,,,,,,,,,,,,,,,,,,,,,,,,
Wangding Zeng,A5049532529,1,True,True,False,False,China,,,,Beijing University of Posts and Telecommunications,https://openalex.org/I139759216,China,Beijing University of Posts and Telecommunications,https://openalex.org/I139759216,China,,,,,,,Beijing University of Posts and Telecommunications,https://openalex.org/I139759216,China,,,,,,,,,,,,,,,,,,,,,,,,,,,,,,,,,,,,,,,,,,,,,,,,,,,,,,,,,,,,,,,,,,,,,,,,,,,,,,,,,,,,,,,,,,,,,,,,,,,,,,,,,
Junjie Qiu,A5052869661,6,False,True,False,False,China; Switzerland,Tongji University,https://openalex.org/I116953780,China,Weifang University,https://openalex.org/I66883779,China,Graduate Institute of International and Development Studies,https://openalex.org/I951315,Switzerland,Collaborative Innovation Center of Chemistry for Energy Materials,https://openalex.org/I4210156571,China,Sichuan University of Science and Engineering,https://openalex.org/I64852412,China,Sichuan University of Science and Engineering,https://openalex.org/I64852412,China,State Key Laboratory of Pollution Control and Resource Reuse,https://openalex.org/I4210090489,China,State Key Laboratory of Pollution Control and Resource Reuse,https://openalex.org/I4210090489,China,Tongji University,https://openalex.org/I116953780,China,Tongji University,https://openalex.org/I116953780,China,,,,,,,,,,,,,,,,,,,,,,,,,,,,,,,,,,,,,,,,,,,,,,,,,,,,,,,,,,,,,,,,,,,,,,,,,,,,,,,,,,,,,,,,,,,,,
Panpan Huang,A5053679681,1,False,False,True,True,United States,,,,,,,,,,,,,,,,,,,,,,,,,,,,Purdue University West Lafayette,https://openalex.org/I219193219,United States,,,,,,,,,,,,,,,,,,,,,,,,,,,,,,,,,,,,,,,,,,,,,,,,,,,,,,,,,,,,,,,,,,,,,,,,,,,,,,,,,,,,,,,,,,,,,
Guangbo Hao,A5064813063,4,False,True,False,False,China; Ireland; Thailand; United Kingdom,University College Cork,https://openalex.org/I27577105,Ireland,University College Cork,https://openalex.org/I27577105,Ireland,Chiang Mai University,https://openalex.org/I48076826,Thailand,University College Cork,https://openalex.org/I27577105,Ireland,University College Cork,https://openalex.org/I27577105,Ireland,University College Cork,https://openalex.org/I27577105,Ireland,University College Cork,https://openalex.org/I27577105,Ireland,University College Cork,https://openalex.org/I27577105,Ireland,University College Cork,https://openalex.org/I27577105,Ireland,University College Cork,https://openalex.org/I27577105,Ireland,University College Cork,https://openalex.org/I27577105,Ireland,University College Cork,https://openalex.org/I27577105,Ireland,University College Cork,https://openalex.org/I27577105,Ireland,University College Cork,https://openalex.org/I27577105,Ireland,University College Cork,https://openalex.org/I27577105,Ireland,Heriot-Watt University,https://openalex.org/I32062511,United Kingdom,Heriot-Watt University,https://openalex.org/I32062511,United Kingdom,Heriot-Watt University,https://openalex.org/I32062511,United Kingdom,Northeastern University,https://openalex.org/I9224756,China,,,,,,,,,,,,,,,,,,,,,,,,,,,,,,,,,,,,,,,,,,,,,,,,,,,,,,,,,,,,,,,,,,
Hui Qu,A5067552573,12,True,True,False,False,China,,,,Northeastern University,https://openalex.org/I9224756,China,Northeastern University,https://openalex.org/I9224756,China,Northeastern University,https://openalex.org/I9224756,China,Northeastern University,https://openalex.org/I9224756,China,Shanghai Institute of Materia Medica,https://openalex.org/I4210112820,China,Xi’an University,https://openalex.org/I4210115513,China,Collaborative Innovation Center of Chemistry for Energy Materials,https://openalex.org/I4210156571,China,Shandong Institute of Business and Technology,https://openalex.org/I83776822,China,Shandong Institute of Business and Technology,https://openalex.org/I83776822,China,Nanjing University,https://openalex.org/I881766915,China,Shandong Institute of Business and Technology,https://openalex.org/I83776822,China,Shandong Institute of Business and Technology,https://openalex.org/I83776822,China,Nanjing University,https://openalex.org/I881766915,China,Institute of Electrical Engineering,https://openalex.org/I4210128819,China,Naval Aeronautical and Astronautical University,https://openalex.org/I4210162215,China,Nanjing University,https://openalex.org/I881766915,China,National Marine Data and Information Service,https://openalex.org/I4400573293,China,Shandong Institute of Business and Technology,https://openalex.org/I83776822,China,Chinese People's Armed Police Force Engineering University,https://openalex.org/I4210134428,China,Shandong Institute of Business and Technology,https://openalex.org/I83776822,China,Chang'an University,https://openalex.org/I25355098,China,,,,,,,,,,,,,Research Institute of Petroleum Exploration and Development,https://openalex.org/I4210112595,China,,,,,,,,,,,,,,,,,,,,,,,,,,,,,,,,,,,,,,,,,,
Lecong Zhang,A5068839714,1,True,True,False,False,China,,,,,,,,,,Guizhou Minzu University,https://openalex.org/I4210095439,China,Guizhou Minzu University,https://openalex.org/I4210095439,China,,,,,,,,,,,,,,,,,,,,,,,,,,,,,,,,,,,,,,,,,,,,,,,,,,,,,,,,,,,,,,,,,,,,,,,,,,,,,,,,,,,,,,,,,,,,,,,,,,,,,,,,,,,,
Haowei Zhang,A5080515807,3,True,True,False,False,China,,,,Nanjing University of Aeronautics and Astronautics,https://openalex.org/I9842412,China,,,,Zhejiang University,https://openalex.org/I76130692,China,Ministry of Industry and Information Technology,https://openalex.org/I890469752,China,Zhejiang University,https://openalex.org/I76130692,China,Zhejiang University,https://openalex.org/I76130692,China,Zhejiang University,https://openalex.org/I76130692,China,Zhejiang University,https://openalex.org/I76130692,China,Zhejiang University,https://openalex.org/I76130692,China,,,,,,,,,,,,,,,,,,,,,,,,,,,,,,,,,,,,,,,,,,,,,,,,,,,,,,,,,,,,,,,,,,,,,,,,,,,,,,,,,,,,,,,,,,,,,
Mingchuan Zhang,A5087014857,17,False,True,True,False,China; United States,Henan University of Science and Technology,https://openalex.org/I167383011,China,Northeastern University,https://openalex.org/I9224756,China,Northeastern University,https://openalex.org/I9224756,China,Shanghai Jiao Tong University,https://openalex.org/I183067930,China,Xiamen University of Technology,https://openalex.org/I75867142,China,Zhejiang University of Technology,https://openalex.org/I55712492,China,Shanghai Jiao Tong University,https://openalex.org/I183067930,China,Henan University of Science and Technology,https://openalex.org/I167383011,China,Henan Cancer Hospital,https://openalex.org/I4210143608,China,Henan University of Engineering,https://openalex.org/I4210094772,China,Beijing Jiaotong University,https://openalex.org/I21193070,China,Beijing Jiaotong University,https://openalex.org/I21193070,China,National Center for Advanced Packaging (China),https://openalex.org/I4210151511,China,State Key Laboratory of Networking and Switching Technology,https://openalex.org/I4392021250,China,Henan University of Science and Technology,https://openalex.org/I167383011,China,Shanghai Jiao Tong University,https://openalex.org/I183067930,China,Jiangsu University of Science and Technology,https://openalex.org/I4210096899,China,Shanghai Industrial Boiler Research Institute (China),https://openalex.org/I4210092700,China,Northeastern University,https://openalex.org/I9224756,China,Shandong Jianzhu University,https://openalex.org/I44445938,China,Shanghai Jiao Tong University,https://openalex.org/I183067930,China,Shanghai Jiao Tong University,https://openalex.org/I183067930,China,Shanghai Jiao Tong University,https://openalex.org/I183067930,China,Shanghai Jiao Tong University,https://openalex.org/I183067930,China,Shanghai Jiao Tong University,https://openalex.org/I183067930,China,Shanghai Jiao Tong University,https://openalex.org/I183067930,China,Beihang University,https://openalex.org/I82880672,China,Shanghai Jiao Tong University,https://openalex.org/I183067930,China,,,,,,,,,,,,,,,,,,,,,,,,,,,,University of North Carolina at Charlotte,https://openalex.org/I102149020,United States,,,,Virginia Tech,https://openalex.org/I859038795,United States,Massachusetts Institute of Technology,https://openalex.org/I63966007,United States
Wen Liu,A5100320278,16,False,True,True,False,China; Japan; Singapore; Taiwan; United States,,,,Wuhan Institute of Technology,https://openalex.org/I91125648,China,Wuhan Institute of Technology,https://openalex.org/I91125648,China,University of Science and Technology Beijing,https://openalex.org/I92403157,China,Xi'an Jiaotong University,https://openalex.org/I87445476,China,University of Chinese Academy of Sciences,https://openalex.org/I4210165038,China,Tsinghua University,https://openalex.org/I99065089,China,Shanghai Maritime University,https://openalex.org/I96733725,China,Shanghai Maritime University,https://openalex.org/I96733725,China,ShanghaiTech University,https://openalex.org/I30809798,China,Chiba University,https://openalex.org/I159385669,Japan,,,,,,,Sichuan University,https://openalex.org/I24185976,China,University of Kentucky,https://openalex.org/I143302722,United States,University of Kentucky,https://openalex.org/I143302722,United States,Zhongkai University of Agriculture and Engineering,https://openalex.org/I94357780,China,PLA Rocket Force University of Engineering,https://openalex.org/I2801618472,China,Xi'an Aeronautical University,https://openalex.org/I4210133467,China,Nanyang Technological University,https://openalex.org/I172675005,Singapore,Xiangtan University,https://openalex.org/I4610292,China,National Central University,https://openalex.org/I22265921,Taiwan,,,,,,,,,,,,,,,,,,,,,,,,,,,,,,,,,,,,,,,,,,,,,,,,,,,,,,,,,
Xiaodong Liu,A5100374771,18,False,True,True,False,China; Japan; United Kingdom; United States,,,,Northwestern Polytechnic University,https://openalex.org/I99418890,United States,Dalian Jiaotong University,https://openalex.org/I7350606,China,Southeast University,https://openalex.org/I76569877,China,Carnegie Mellon University,https://openalex.org/I74973139,United States,China National Petroleum Corporation (China),https://openalex.org/I98227222,China,Northeastern University,https://openalex.org/I9224756,China,Microsoft Research (United Kingdom),https://openalex.org/I4210164937,United Kingdom,Dalian University,https://openalex.org/I4210092944,China,Dalian Maritime University,https://openalex.org/I43313876,China,Lanzhou University,https://openalex.org/I76214153,China,Lanzhou University,https://openalex.org/I76214153,China,Dalian Maritime University,https://openalex.org/I43313876,China,Nara Institute of Science and Technology,https://openalex.org/I75917431,Japan,Dalian Maritime University,https://openalex.org/I43313876,China,Dalian Maritime University,https://openalex.org/I43313876,China,Tokushima University,https://openalex.org/I922474255,Japan,Ocean University of China,https://openalex.org/I59028903,China,Anhui University of Technology,https://openalex.org/I92178344,China,Tsinghua University,https://openalex.org/I99065089,China,Northeastern University,https://openalex.org/I9224756,China,Tsinghua University,https://openalex.org/I99065089,China,Xi'an Jiaotong University,https://openalex.org/I87445476,China,,,,,,,,,,De Montfort University,https://openalex.org/I66943878,United Kingdom,Iowa State University,https://openalex.org/I173911158,United States,,,,,,,,,,,,,,,,,,,,,,,,,,,,,,,,,,,,,,,
Ying He,A5100389169,17,False,True,True,False,Canada; China; The Netherlands; United Kingdom; United States,,,,Southeast University,https://openalex.org/I76569877,China,Tsinghua University,https://openalex.org/I99065089,China,Guangzhou Medical University,https://openalex.org/I92039509,China,Tsinghua University,https://openalex.org/I99065089,China,Chinese People's Armed Police Force,https://openalex.org/I4396570617,China,Lanzhou University,https://openalex.org/I76214153,China,Lanzhou University,https://openalex.org/I76214153,China,Beihang University,https://openalex.org/I82880672,China,State Key Laboratory of Supramolecular Structure and Materials,https://openalex.org/I4391768123,China,State Key Laboratory of Supramolecular Structure and Materials,https://openalex.org/I4391768123,China,State Key Laboratory of Supramolecular Structure and Materials,https://openalex.org/I4391768123,China,Beihang University,https://openalex.org/I82880672,China,Northwestern Polytechnic University,https://openalex.org/I99418890,United States,National Institute for Viral Disease Control and Prevention,https://openalex.org/I4210140986,China,Tyndall Centre,https://openalex.org/I4210143632,United Kingdom,Hebei University of Technology,https://openalex.org/I184843921,China,Harbin Institute of Technology,https://openalex.org/I204983213,China,Radboud Institute for Molecular Life Sciences,https://openalex.org/I4210109357,The Netherlands,Wuyi University,https://openalex.org/I98834328,China,Tsinghua University,https://openalex.org/I99065089,China,Beihang University,https://openalex.org/I82880672,China,Colorado State University,https://openalex.org/I92446798,United States,Colorado State University,https://openalex.org/I92446798,United States,Tsinghua University,https://openalex.org/I99065089,China,Lingnan Normal University,https://openalex.org/I154833797,China,,,,,,,University of Calgary,https://openalex.org/I168635309,Canada,,,,,,,,,,,,,,,,,,,,,,,,,,,,,,,,,,,,
Shiyu Wang,A5100437635,8,False,True,False,False,China; Japan,,,,RIKEN Center for Quantum Computing,https://openalex.org/I4387156398,Japan,Tsinghua University,https://openalex.org/I99065089,China,PLA Information Engineering University,https://openalex.org/I169689159,China,Shanghai First People's Hospital,https://openalex.org/I4210135742,China,Shanghai Jiao Tong University,https://openalex.org/I183067930,China,Shanghai Jiao Tong University,https://openalex.org/I183067930,China,Heilongjiang University,https://openalex.org/I55022517,China,University of Chinese Academy of Sciences,https://openalex.org/I4210165038,China,Shanghai First People's Hospital,https://openalex.org/I4210135742,China,,,,Jilin Province Science and Technology Department,https://openalex.org/I4210134929,China,,,,,,,,,,,,,,,,,,,,,,,,,,,,,,,,,,,,,,,,,,,,,,,,,,,,,,,,,,,,,,,,,,,,,,,,,,,,,,,,,,,,,,,
Xingkai Yu,A5100608388,4,True,True,False,False,China,North China Electric Power University,https://openalex.org/I153473198,China,North China Electric Power University,https://openalex.org/I153473198,China,China-Japan Friendship Hospital,https://openalex.org/I2801051648,China,Tsinghua University,https://openalex.org/I99065089,China,Tsinghua University,https://openalex.org/I99065089,China,Tsinghua University,https://openalex.org/I99065089,China,Tsinghua University,https://openalex.org/I99065089,China,Shanghai Jiao Tong University,https://openalex.org/I183067930,China,Shanghai Jiao Tong University,https://openalex.org/I183067930,China,,,,,,,,,,,,,,,,,,,,,,,,,,,,,,,,,,,,,,,,,,,,,,,,,,,,,,,,,,,,,,,,,,,,,,,,,,,,,,,,,,,,,,,,,,,,,,,,
Yanhong Xu,A5100612566,5,True,True,False,False,China,China National Chemical Engineering (China),https://openalex.org/I4210134393,China,,,,Civil Aviation University of China,https://openalex.org/I28813325,China,Yan'an University,https://openalex.org/I4210102412,China,Civil Aviation University of China,https://openalex.org/I28813325,China,,,,,,,,,,,,,,,,,,,,,,,,,,,,,,,,,,Yan'an University,https://openalex.org/I4210102412,China,Shanxi University of Finance and Economics,https://openalex.org/I170751988,China,,,,,,,,,,,,,,,,Southwest Forestry University,https://openalex.org/I25399270,China,,,,,,,,,,,,,,,,,,,,,,,,,,,,,,,,,,,,,,,,,,,,,,,,,,,
Yichao Zhang,A5100625408,14,False,True,False,False,China; Russia; The Netherlands; United Kingdom,Tongji University,https://openalex.org/I116953780,China,Hangzhou Medical College,https://openalex.org/I4210165441,China,Hangzhou Medical College,https://openalex.org/I4210165441,China,Southwest Jiaotong University,https://openalex.org/I4800084,China,Shenyang Jianzhu University,https://openalex.org/I83714178,China,Shenyang Jianzhu University,https://openalex.org/I83714178,China,University of Chinese Academy of Sciences,https://openalex.org/I4210165038,China,Tongji University,https://openalex.org/I116953780,China,Tongji University,https://openalex.org/I116953780,China,Delft University of Technology,https://openalex.org/I98358874,The Netherlands,Capital Normal University,https://openalex.org/I96852419,China,Lanzhou University,https://openalex.org/I76214153,China,Lanzhou University,https://openalex.org/I76214153,China,University College London,https://openalex.org/I45129253,United Kingdom,Geological Institute,https://openalex.org/I4210124538,Russia,Tongji University,https://openalex.org/I116953780,China,Tongji University,https://openalex.org/I116953780,China,Tongji University,https://openalex.org/I116953780,China,Institute of Hydroecology,https://openalex.org/I4210163417,China,Shanghai University,https://openalex.org/I113940042,China,Peking University,https://openalex.org/I20231570,China,,,,Shanghai Jiao Tong University,https://openalex.org/I183067930,China,,,,,,,,,,,,,,,,,,,,,,,,,,,,,,,,,,,,,,,,,,,,,,,,,,,,,,
Minghua Zhang,A5100737340,5,False,True,True,False,China; United States,,,,Stony Brook University,https://openalex.org/I59553526,United States,"University of California, Davis",https://openalex.org/I84218800,United States,"University of California, Davis",https://openalex.org/I84218800,United States,Guangzhou Medical University,https://openalex.org/I92039509,China,"University of California, Davis",https://openalex.org/I84218800,United States,"University of California, Davis",https://openalex.org/I84218800,United States,"University of California, Davis",https://openalex.org/I84218800,United States,"University of California, Davis",https://openalex.org/I84218800,United States,"University of California, Davis",https://openalex.org/I84218800,United States,"University of California, Davis",https://openalex.org/I84218800,United States,"University of California, Davis",https://openalex.org/I84218800,United States,"University of California, Davis",https://openalex.org/I84218800,United States,"University of California, Davis",https://openalex.org/I84218800,United States,Air Force Medical University,https://openalex.org/I9916479,China,"University of California, Davis",https://openalex.org/I84218800,United States,"University of California, Davis",https://openalex.org/I84218800,United States,"University of California, Davis",https://openalex.org/I84218800,United States,"University of California, Davis",https://openalex.org/I84218800,United States,"University of California, Davis",https://openalex.org/I84218800,United States,Air Force Medical University,https://openalex.org/I9916479,China,"University of California, Davis",https://openalex.org/I84218800,United States,"University of California, Davis",https://openalex.org/I84218800,United States,"University of California, Davis",https://openalex.org/I84218800,United States,Stony Brook University,https://openalex.org/I59553526,United States,"University of California, Davis",https://openalex.org/I84218800,United States,,,,,,,"University of California, Davis",https://openalex.org/I84218800,United States,"University of California, Davis",https://openalex.org/I84218800,United States,Stony Brook University,https://openalex.org/I59553526,United States,Stony Brook University,https://openalex.org/I59553526,United States,Stony Brook University,https://openalex.org/I59553526,United States,,,,,,,State University of New York,https://openalex.org/I1327163397,United States,,,,,,,,,,,,,,,
Shanghao Lu,A5101289776,0,False,False,False,False,,,,,,,,,,,,,,,,,,,,,,,,,,,,,,,,,,,,,,,,,,,,,,,,,,,,,,,,,,,,,,,,,,,,,,,,,,,,,,,,,,,,,,,,,,,,,,,,,,,,,,,,,,,,,,,,,,,,,,,,,,,,
Ziwei Xie,A5101644040,3,True,True,False,False,China,,,,,,,,,,Tencent (China),https://openalex.org/I2250653659,China,Qufu Normal University,https://openalex.org/I202126657,China,,,,Sun Yat-sen University,https://openalex.org/I157773358,China,Sun Yat-sen University,https://openalex.org/I157773358,China,,,,,,,,,,,,,,,,,,,,,,,,,,,,,,,,,,,,,,,,,,,,,,,,,,,,,,,,,,,,,,,,,,,,,,,,,,,,,,,,,,,,,,,,,,,,,,,,,,,
Qinyu Chen,A5101682928,6,False,True,True,False,China; United States,,,,Hangzhou DAC Biotech (China),https://openalex.org/I4210142178,China,,,,Peking University,https://openalex.org/I20231570,China,Boston Consulting Group (United States),https://openalex.org/I4401726965,United States,Boston Consulting Group (United States),https://openalex.org/I4401726965,United States,Boston Consulting Group (United States),https://openalex.org/I4401726965,United States,Boston Consulting Group (United States),https://openalex.org/I4401726965,United States,The Ohio State University,https://openalex.org/I52357470,United States,Sidney Kimmel Comprehensive Cancer Center,https://openalex.org/I4210164401,United States,Shenyang Pharmaceutical University,https://openalex.org/I103890011,China,,,,,,,,,,,,,,,,,,,,,,,,,,,,,,,,,,,,,,,,,,,,,,,,,,,,,,,,,,,,,,,,,,,,,,,,,,,,,,,,,,,,,,,,,,
Yiyuan Liu,A5101704539,9,False,True,True,False,China; United States,,,,Xi'an Jiaotong University,https://openalex.org/I87445476,China,Jiangxi University of Science and Technology,https://openalex.org/I4510145,China,Zhejiang University,https://openalex.org/I76130692,China,"China University of Petroleum, East China",https://openalex.org/I4210162190,China,Peking University,https://openalex.org/I20231570,China,Taizhou University,https://openalex.org/I82760581,China,Collaborative Innovation Center of Quantum Matter,https://openalex.org/I4210127494,China,Otterbein University,https://openalex.org/I197312921,United States,,,,,,,,,,Tongji University,https://openalex.org/I116953780,China,,,,,,,,,,,,,,,,,,,,,,,,,,,,,,,,,,,,,,,,,,,,,,,,,,,,,,,,,,,,,,,,,,,,,,,,,,,,,,,,,,,,
Minghui Tang,A5101876129,12,False,True,True,False,China; Japan; United Kingdom; United States,,,,Fuzhou University,https://openalex.org/I80947539,China,University of South China,https://openalex.org/I91935597,China,Hunan Children's Hospital,https://openalex.org/I4210132733,China,Intelligent Health (United Kingdom),https://openalex.org/I4210153682,United Kingdom,Hokkaido University,https://openalex.org/I205349734,Japan,,,,,,,Nanjing University,https://openalex.org/I881766915,China,Nanjing University,https://openalex.org/I881766915,China,Shatin Hospital,https://openalex.org/I2800762105,China,Nanjing University of Aeronautics and Astronautics,https://openalex.org/I9842412,China,Nanjing University,https://openalex.org/I881766915,China,Nanjing University,https://openalex.org/I881766915,China,"University of Maryland, Baltimore",https://openalex.org/I126744593,United States,"University of Maryland, Baltimore",https://openalex.org/I126744593,United States,"University of Maryland, Baltimore",https://openalex.org/I126744593,United States,Southwest Jiaotong University,https://openalex.org/I4800084,China,Loyola University Medical Center,https://openalex.org/I1304196042,United States,Loyola University Medical Center,https://openalex.org/I1304196042,United States,,,,University of Illinois Chicago,https://openalex.org/I39422238,United States,,,,,,,,,,,,,,,,,,,,,,,,,,,,,,,,,,,,,,,,,,,,,,,,,,,,,,,,,
Guanting Chen,A5101983121,8,False,True,True,False,China; Saudi Arabia; Taiwan; United States,,,,King Abdullah University of Science and Technology,https://openalex.org/I71920554,Saudi Arabia,First Affiliated Hospital of Henan University,https://openalex.org/I4210155511,China,Columbia University,https://openalex.org/I78577930,United States,National Taiwan University of Science and Technology,https://openalex.org/I154864474,Taiwan,Northwest University,https://openalex.org/I37802460,China,Stanford University,https://openalex.org/I97018004,United States,Stanford University,https://openalex.org/I97018004,United States,,,,National Taiwan University of Science and Technology,https://openalex.org/I154864474,Taiwan,,,,National Taiwan University of Science and Technology,https://openalex.org/I154864474,Taiwan,,,,Hangzhou Dianzi University,https://openalex.org/I50760025,China,,,,,,,,,,,,,,,,,,,National Central University,https://openalex.org/I22265921,Taiwan,National Central University,https://openalex.org/I22265921,Taiwan,National Central University,https://openalex.org/I22265921,Taiwan,,,,,,,,,,,,,,,,,,,,,,,,,,,,,,,,,,,,,,,,,,,,,,,,,,,,,,
Yaofeng Sun,A5102212666,2,True,True,False,False,China,,,,Gansu Coalfield Geology Bureau,https://openalex.org/I4210120546,China,,,,,,,,,,,,,,,,,,,,,,,,,,,,,,,,,,,,,,,,,,,,,,,,,,,,,,,,,,,,,,,,,,,Beijing Polytechnic,https://openalex.org/I4210152042,China,,,,,,,,,,,,,,,,,,,,,,,,,,,,,,,,,,,,,,,,,,,,,,,,
Zihui Gu,A5102691681,1,True,True,False,False,China,,,,,,,Guangxi University of Chinese Medicine,https://openalex.org/I4210113348,China,,,,,,,,,,,,,,,,,,,,,,,,,,,,,,,,,,,,,,,,,,,,,,,,,,,,,,,,,,,,,,,,,,,,,,,,,,,,,,,,,,,,,,,,,,,,,,,,,,,,,,,,,,,,,,,,,,
Zhe Fu,A5103128811,14,False,True,True,False,Australia; Canada; China; Hong Kong; United Kingdom; United States,University of North Carolina at Charlotte,https://openalex.org/I102149020,United States,Third Affiliated Hospital of Zhengzhou University,https://openalex.org/I4210144384,China,Xi'an Jiaotong University,https://openalex.org/I87445476,China,Huazhong University of Science and Technology,https://openalex.org/I47720641,China,PA Consulting Group,https://openalex.org/I61372060,United Kingdom,Huazhong University of Science and Technology,https://openalex.org/I47720641,China,Renmin University of China,https://openalex.org/I78988378,China,,,,,,,Hubei University of Technology,https://openalex.org/I74525822,China,Wuhan University of Technology,https://openalex.org/I196699116,China,Huazhong University of Science and Technology,https://openalex.org/I47720641,China,Division of Materials Science and Engineering,https://openalex.org/I4210129794,Australia,,,,"University of California, San Diego",https://openalex.org/I36258959,United States,Université du Québec à Montréal,https://openalex.org/I159129438,Canada,Shanghai Jiao Tong University,https://openalex.org/I183067930,China,,,,Microsoft (United States),https://openalex.org/I1290206253,United States,,,,,,,,,,,,,,,,,,,,,,Hong Kong Polytechnic University,https://openalex.org/I14243506,Hong Kong,,,,,,,,,,,,,,,,,,,,,,,,,,,,,,,,,,,,,,,,,,
Fangyun Lin,A5109672590,0,False,False,False,False,,,,,,,,,,,,,,,,,,,,,,,,,,,,,,,,,,,,,,,,,,,,,,,,,,,,,,,,,,,,,,,,,,,,,,,,,,,,,,,,,,,,,,,,,,,,,,,,,,,,,,,,,,,,,,,,,,,,,,,,,,,,
Tian Pei,A5110880895,0,False,False,False,False,,,,,,,,,,,,,,,,,,,,,,,,,,,,,,,,,,,,,,,,,,,,,,,,,,,,,,,,,,,,,,,,,,,,,,,,,,,,,,,,,,,,,,,,,,,,,,,,,,,,,,,,,,,,,,,,,,,,,,,,,,,,
Xuecheng Su,A5111734260,2,False,True,True,False,China; United States,,,,,,,,,,University of Memphis,https://openalex.org/I94658018,United States,University of Memphis,https://openalex.org/I94658018,United States,,,,,,,,,,,,,Shandong University of Science and Technology,https://openalex.org/I80143920,China,,,,Shandong University of Science and Technology,https://openalex.org/I80143920,China,,,,Shandong University of Science and Technology,https://openalex.org/I80143920,China,Shandong University of Science and Technology,https://openalex.org/I80143920,China,,,,,,,Shandong University of Science and Technology,https://openalex.org/I80143920,China,Shandong University of Science and Technology,https://openalex.org/I80143920,China,Shandong University of Science and Technology,https://openalex.org/I80143920,China,Shandong University of Science and Technology,https://openalex.org/I80143920,China,,,,,,,Shandong University of Science and Technology,https://openalex.org/I80143920,China,,,,,,,Shandong University of Science and Technology,https://openalex.org/I80143920,China,,,,,,,,,,,,,,,,,,,,,,,,,,,,,,,,,,,,,,,,,,
Zehui Ren,A5112250476,5,False,True,False,False,Canada; China; United Kingdom,,,,Xinjiang University,https://openalex.org/I96908189,China,Chongqing Normal University,https://openalex.org/I126924076,China,China University of Mining and Technology,https://openalex.org/I25757504,China,,,,,,,,,,University of British Columbia,https://openalex.org/I141945490,Canada,,,,University of Manchester,https://openalex.org/I28407311,United Kingdom,,,,,,,,,,,,,,,,,,,,,,,,,,,,,,,,,,,,,,,,,,,,,,,,,,,,,,,,,,,,,,,,,,,,,,,,,,,,,,,,,,,,,,,,,,,,,
Erhang Li,A5113091614,2,False,False,True,False,United Kingdom; United States,,,,,,,,,,,,,,,,,,,,,,,,,,,,,,,,,,,,,,,,,,,,,,,,,,,,,,,,,,,,,Intel (United Kingdom),https://openalex.org/I4210158342,United Kingdom,,,,Intel (United States),https://openalex.org/I1343180700,United States,,,,,,,,,,,,,,,,,,,,,,,,,,,,,,,,,,,,,,,,,,,,,,,,,,,,,,
Xiaotao Nie,A5113091615,3,False,True,False,False,China; Japan,,,,,,,,,,,,,,,,Chubu Electric Power (Japan),https://openalex.org/I875722105,Japan,,,,,,,Zhejiang University,https://openalex.org/I76130692,China,,,,,,,,,,,,,University of Chinese Academy of Sciences,https://openalex.org/I4210165038,China,University of Chinese Academy of Sciences,https://openalex.org/I4210165038,China,,,,,,,,,,,,,,,,,,,,,,,,,,,,,,,,,,,,,,,,,,,,,,,,,,,,,,,,,,,,,,,,,,,,,,,,,,,,,,
Honghui Ding,A5113640093,5,True,True,False,False,China,,,,Southeast University,https://openalex.org/I76569877,China,,,,Wenzhou University,https://openalex.org/I146620803,China,Tongji Hospital,https://openalex.org/I4210160344,China,Tongji Hospital,https://openalex.org/I4210160344,China,,,,Huazhong University of Science and Technology,https://openalex.org/I47720641,China,,,,,,,Huazhong University of Science and Technology,https://openalex.org/I47720641,China,Huazhong University of Science and Technology,https://openalex.org/I47720641,China,Huazhong University of Science and Technology,https://openalex.org/I47720641,China,,,,,,,Huazhong University of Science and Technology,https://openalex.org/I47720641,China,First Affiliated Hospital of Shantou University Medical College,https://openalex.org/I4210115239,China,Huazhong University of Science and Technology,https://openalex.org/I47720641,China,,,,,,,,,,,,,,,,,,,,,,,,,,,,,,,,,,,,,,,,,,,,,,,,,,,,,,,,,,,,,,,,,,,,,
Xin Liu,A5115601909,1,True,True,False,False,China,,,,,,,Tsinghua University,https://openalex.org/I99065089,China,,,,,,,,,,,,,,,,,,,,,,,,,,,,,,,,,,,,,,,,,,,,,,,,,,,,,,,,,,,,,,,,,,,,,,,,,,,,,,,,,,,,,,,,,,,,,,,,,,,,,,,,,,,,,,,,,,
Fuli Luo,A5019525050,5,False,True,True,False,China; United States,Xiaomi (China),https://openalex.org/I862669128,China,Hunan University of Technology,https://openalex.org/I49934816,China,Hunan University of Technology,https://openalex.org/I49934816,China,Alibaba Group (China),https://openalex.org/I45928872,China,Alibaba Group (China),https://openalex.org/I45928872,China,Alibaba Group (China),https://openalex.org/I45928872,China,Alibaba Group (United States),https://openalex.org/I4210095624,United States,Peking University,https://openalex.org/I20231570,China,Peking University,https://openalex.org/I20231570,China,,,,,,,,,,,,,,,,,,,,,,,,,,,,,,,,,,,,,,,,,,,,,,,,,,,,,,,,,,,,,,,,,,,,,,,,,,,,,,,,,,,,,,,,,,,,,,,,
Yixuan Wei,A5019825958,1,True,True,False,False,China,,,,,,,,,,,,,Henan Normal University,https://openalex.org/I75955062,China,,,,Henan Normal University,https://openalex.org/I75955062,China,,,,,,,,,,,,,,,,,,,,,,,,,,,,,,,,,,,,,,,,,,,,,,,,,,,,,,,,,,,,,,,,,,,,,,,,,,,,,,,,,,,,,,,,,,,,,,,,,,,,,,
Lean Wang,A5034611488,2,True,True,False,False,China,,,,Peking University,https://openalex.org/I20231570,China,,,,Tencent (China),https://openalex.org/I2250653659,China,,,,,,,,,,,,,,,,,,,,,,,,,,,,,,,,,,,,,,,,,,,,,,,,,,,,,,,,,,,,,,,,,,,,,,,,,,,,,,,,,,,,,,,,,,,,,,,,,,,,,,,,,,,,,,,
Zhibin Gou,A5034928588,2,True,True,False,False,China,,,,,,,,,,Tsinghua University,https://openalex.org/I99065089,China,Baidu (China),https://openalex.org/I98301712,China,,,,,,,,,,,,,,,,,,,,,,,,,,,,,,,,,,,,,,,,,,,,,,,,,,,,,,,,,,,,,,,,,,,,,,,,,,,,,,,,,,,,,,,,,,,,,,,,,,,,,,,,,,,,
Zilin Li,A5044058639,5,True,True,False,False,China,Air Force Medical University,https://openalex.org/I9916479,China,Second Affiliated Hospital of Zhejiang University,https://openalex.org/I4210158318,China,Beijing Tian Tan Hospital,https://openalex.org/I4210087691,China,Beijing Tian Tan Hospital,https://openalex.org/I4210087691,China,,,,,,,,,,Sun Yat-sen University,https://openalex.org/I157773358,China,Sun Yat-sen University,https://openalex.org/I157773358,China,,,,Sun Yat-sen University,https://openalex.org/I157773358,China,Institute of High Energy Physics,https://openalex.org/I4210137180,China,Sun Yat-sen University,https://openalex.org/I157773358,China,,,,,,,,,,,,,,,,,,,,,,,,,,,,,,,,,,,,,,,,,,,,,,,,,,,,,,,,,,,,,,,,,,,,,,,,,,,,,,,,,,,,
Yuduan Wang,A5047265939,2,False,False,False,False,Singapore,,,,"National University Cancer Institute, Singapore",https://openalex.org/I4210103786,Singapore,National University of Singapore,https://openalex.org/I165932596,Singapore,,,,,,,,,,,,,,,,,,,,,,,,,,,,,,,,,,,,,,,,,,,,,,,,,,,,,,,,,,,,,,,,,,,,,,,,,,,,,,,,,,,,,,,,,,,,,,,,,,,,,,,,,,,,,,,,,,
Xinyu Yang,A5055963260,8,False,True,True,False,China; United States,Anhui Jianzhu University,https://openalex.org/I118987531,China,Zhejiang University,https://openalex.org/I76130692,China,Chongqing University of Technology,https://openalex.org/I50632499,China,State Key Laboratory of Automotive Simulation and Control,https://openalex.org/I4392738231,China,Hefei University of Technology,https://openalex.org/I16365422,China,Hefei University of Technology,https://openalex.org/I16365422,China,Hefei University,https://openalex.org/I39774598,China,Hefei University of Technology,https://openalex.org/I16365422,China,Hefei University of Technology,https://openalex.org/I16365422,China,Hefei University of Technology,https://openalex.org/I16365422,China,Hefei University of Technology,https://openalex.org/I16365422,China,Hefei University of Technology,https://openalex.org/I16365422,China,,,,,,,Dalian University,https://openalex.org/I4210092944,China,,,,,,,,,,,,,,,,,,,University of North Dakota,https://openalex.org/I24571045,United States,,,,University of North Dakota,https://openalex.org/I24571045,United States,,,,,,,,,,,,,,,,,,,,,,,,,,,,,,,,,,,,,,,,,,,,,,,,,,,
Xiaohan Wang,A5056359676,2,True,True,False,False,China,Tsinghua University,https://openalex.org/I99065089,China,Tsinghua University,https://openalex.org/I99065089,China,Tsinghua University,https://openalex.org/I99065089,China,State Key Laboratory of Digital Medical Engineering,https://openalex.org/I4387154005,China,,,,,,,,,,,,,,,,,,,,,,,,,,,,,,,,,,,,,,,,,,,,,,,,,,,,,,,,,,,,,,,,,,,,,,,,,,,,,,,,,,,,,,,,,,,,,,,,,,,,,,,,,,,,,,,
Yixuan Tan,A5063984048,1,True,True,False,False,China,,,,,,,Shanghai Changzheng Hospital,https://openalex.org/I4210099558,China,Shanghai Changzheng Hospital,https://openalex.org/I4210099558,China,Shanghai Changzheng Hospital,https://openalex.org/I4210099558,China,,,,,,,,,,,,,,,,,,,,,,,,,,,,,,,,,,,,,,,,,,,,,,,,,,,,,,,,,,,,,,,,,,,,,,,,,,,,,,,,,,,,,,,,,,,,,,,,,,,,,,,,,,,,
Ruizhe Pan,a5076029614,2,True,True,False,False,China,,,,,,,,,,,,,Zhejiang University,https://openalex.org/I76130692,China,Zhejiang University,https://openalex.org/I76130692,China,,,,,,,,,,Xiangya Hospital Central South University,https://openalex.org/I4210159865,China,,,,,,,,,,,,,,,,,,,,,,,,,,,,,,,,,,,,,,,,,,,,,,,,,,,,,,,,,,,,,,,,,,,,,,,,,,,,,,,,,,,,,,,,,,,,,
Zhuoshu Li,A5086080455,3,True,True,False,False,China,Beijing Institute of Technology,https://openalex.org/I125839683,China,,,,Zhejiang University,https://openalex.org/I76130692,China,,,,,,,,,,,,,,,,,,,,,,,,,,,,,,,Beihang University,https://openalex.org/I82880672,China,Beihang University,https://openalex.org/I82880672,China,,,,,,,,,,,,,,,,,,,,,,,,,,,,,,,,,,,,,,,,,,,,,,,,,,,,,,,,,,,,,,,,,,,,,,,,,,,,,,
Yongqiang Guo,A5100298247,6,False,True,True,False,China; United States,Northwestern Polytechnical University,https://openalex.org/I17145004,China,,,,Beijing Research Institute of Mechanical and Electrical Technology,https://openalex.org/I4210117825,China,Northwestern Polytechnical University,https://openalex.org/I17145004,China,University of Science and Technology Beijing,https://openalex.org/I92403157,China,,,,Chongqing Medical University,https://openalex.org/I87780372,China,,,,,,,,,,,,,,,,,,,,,,,,,,,,,,,,,,Chinese Academy of Medical Sciences & Peking Union Medical College,https://openalex.org/I200296433,China,,,,,,,,,,,,,,,,Graduate School USA,https://openalex.org/I880766802,United States,,,,,,,,,,,,,,,,,,,,,,,,,,,,,,,,,,,,,,,,,,,,,,,,
Xiaokang Chen,A5101412831,7,False,True,False,False,China; Japan,,,,Shanxi Datong University,https://openalex.org/I5422934,China,Hubei University of Technology,https://openalex.org/I74525822,China,China Three Gorges University,https://openalex.org/I161350542,China,University of Science and Technology of China,https://openalex.org/I126520041,China,University of Science and Technology of China,https://openalex.org/I126520041,China,Japan Agency for Marine-Earth Science and Technology,https://openalex.org/I1315852903,Japan,,,,Changzhou University,https://openalex.org/I4210153482,China,,,,,,,,,,,,,,,,,,,Chinese Academy of Fishery Sciences,https://openalex.org/I46529539,China,,,,,,,,,,,,,,,,,,,,,,,,,,,,,,,,,,,,,,,,,,,,,,,,,,,,,,,,,,,,,,,,,,,,,,,,,,,
Liang Zhao,A5101780128,8,True,True,False,False,China,Hunan Academy of Traditional Chinese Medicine,https://openalex.org/I4210122600,China,Guangzhou Medical University,https://openalex.org/I92039509,China,Air Force Medical University,https://openalex.org/I9916479,China,Air Force Medical University,https://openalex.org/I9916479,China,Southern Medical University,https://openalex.org/I58200834,China,Southern Medical University,https://openalex.org/I58200834,China,Southern Medical University,https://openalex.org/I58200834,China,Southern Medical University,https://openalex.org/I58200834,China,Southern Medical University,https://openalex.org/I58200834,China,Southern Medical University,https://openalex.org/I58200834,China,Southern Medical University,https://openalex.org/I58200834,China,Xinxiang Medical University,https://openalex.org/I80626142,China,Chongqing Medical University,https://openalex.org/I87780372,China,Southern Medical University,https://openalex.org/I58200834,China,Southern Medical University,https://openalex.org/I58200834,China,Southern Medical University,https://openalex.org/I58200834,China,Southern Medical University,https://openalex.org/I58200834,China,Southern Medical University,https://openalex.org/I58200834,China,Southern Medical University,https://openalex.org/I58200834,China,Southern Medical University,https://openalex.org/I58200834,China,,,,,,,Eastern Hepatobiliary Surgery Hospital,https://openalex.org/I4210137389,China,Southern Medical University,https://openalex.org/I58200834,China,,,,,,,,,,Lanzhou University,https://openalex.org/I76214153,China,,,,,,,,,,,,,,,,,,,,,,,,,,,,,,,,,,,,,,,
Yuxuan Liu,A5102651090,2,True,True,False,False,China,,,,Northeast Petroleum University,https://openalex.org/I921716337,China,Nanjing University,https://openalex.org/I881766915,China,Nanjing University,https://openalex.org/I881766915,China,,,,,,,,,,,,,,,,,,,,,,,,,,,,,,,,,,,,,,,,,,,,,,,,,,,,,,,,,,,,,,,,,,,,,,,,,,,,,,,,,,,,,,,,,,,,,,,,,,,,,,,,,,,,,,,
Jingyang Yuan,A5113747152,6,False,True,True,False,China; United States,King University,https://openalex.org/I111483173,United States,Xiamen University of Technology,https://openalex.org/I75867142,China,Peking University,https://openalex.org/I20231570,China,Peking University,https://openalex.org/I20231570,China,,,,,,,,,,Nanjing University,https://openalex.org/I881766915,China,Hunan Agricultural University,https://openalex.org/I52180223,China,,,,,,,,,,,,,,,,,,,,,,Xiamen University of Technology,https://openalex.org/I75867142,China,,,,,,,,,,Harbin Institute of Technology,https://openalex.org/I204983213,China,,,,,,,,,,,,,,,,,,,,,,,,,,,,,,,,,,,,,,,,,,,,,,,,,,,,,,,,,,,,
Zhizhou Ren,a5113969453,3,False,True,True,False,China; United States,,,,Tsinghua University,https://openalex.org/I99065089,China,Helix (United States),https://openalex.org/I4210163239,United States,,,,Helix (United States),https://openalex.org/I4210163239,United States,University of Illinois Urbana-Champaign,https://openalex.org/I157725225,United States,Tsinghua University,https://openalex.org/I99065089,China,Tsinghua University,https://openalex.org/I99065089,China,,,,,,,,,,,,,,,,,,,,,,,,,,,,,,,,,,,,,,,,,,,,,,,,,,,,,,,,,,,,,,,,,,,,,,,,,,,,,,,,,,,,,,,,,,,,,,,,,,,
Zhigang Yan,A5001698196,2,False,True,False,False,China; Japan,,,,National Livestock Breeding Center,https://openalex.org/I4210163340,Japan,,,,,,,,,,Shantou University,https://openalex.org/I32574673,China,,,,,,,,,,,,,,,,,,,,,,,,,,,,,,,,,,,,,,,,,,,,,,,,,,,,,,,,,,,,,,,,,,,,,,,,,,,,,,,,,,,,,,,,,,,,,,,,,,,,,,,,,
Jingchang Chen,A5003566311,8,False,True,False,False,Canada; China,,,,China Automotive Engineering Research Institute,https://openalex.org/I4210131649,China,Impact,https://openalex.org/I4210161256,Canada,China Southern Power Grid (China),https://openalex.org/I74872605,China,State Key Laboratory of Vehicle NVH and Safety Technology,https://openalex.org/I4210145005,China,State Key Laboratory of Vehicle NVH and Safety Technology,https://openalex.org/I4210145005,China,,,,Sun Yat-sen University,https://openalex.org/I157773358,China,Sun Yat-sen University,https://openalex.org/I157773358,China,,,,Sun Yat-sen University,https://openalex.org/I157773358,China,Guangzhou Medical University,https://openalex.org/I92039509,China,,,,Sun Yat-sen University,https://openalex.org/I157773358,China,Sun Yat-sen University,https://openalex.org/I157773358,China,,,,China University of Mining and Technology,https://openalex.org/I25757504,China,China University of Mining and Technology,https://openalex.org/I25757504,China,Sun Yat-sen University,https://openalex.org/I157773358,China,,,,,,,Sun Yat-sen University,https://openalex.org/I157773358,China,Jimei University,https://openalex.org/I161346416,China,,,,,,,,,,,,,,,,,,,,,,,,,,,,,,,,,,,,,,,,,,,,,,,,,,,,,,
Qiancheng Wang,A5009091910,5,False,True,False,False,China; United Kingdom,,,,Institute of Grassland Research,https://openalex.org/I4210156847,China,Jiangsu Maritime Institute,https://openalex.org/I4210153872,China,National University of Defense Technology,https://openalex.org/I170215575,China,National University of Defense Technology,https://openalex.org/I170215575,China,National University of Defense Technology,https://openalex.org/I170215575,China,University of Southampton,https://openalex.org/I43439940,United Kingdom,National University of Defense Technology,https://openalex.org/I170215575,China,Zhengzhou University,https://openalex.org/I38877650,China,National University of Defense Technology,https://openalex.org/I170215575,China,National University of Defense Technology,https://openalex.org/I170215575,China,National University of Defense Technology,https://openalex.org/I170215575,China,National University of Defense Technology,https://openalex.org/I170215575,China,National University of Defense Technology,https://openalex.org/I170215575,China,,,,,,,,,,,,,,,,,,,,,,,,,,,,,,,,,,,,,,,,,,,,,,,,,,,,,,,,,,,,,,,,,,,,,,,,,,,,,,,,,
Yuyang Zhou,A5011549126,3,True,True,False,False,China,First Affiliated Hospital of Wenzhou Medical University,https://openalex.org/I2801769982,China,Xihu Institute of Electronic Research,https://openalex.org/I4210154159,China,Donghua University,https://openalex.org/I181326427,China,Donghua University,https://openalex.org/I181326427,China,,,,,,,,,,,,,,,,,,,,,,,,,,,,,,,,,,,,,,,,,,,,,,,,,,,,,,,,,,,,,,,,,,,,,,,,,,,,,,,,,,,,,,,,,,,,,,,,,,,,,,,,,,,,,,,
Yifan Shi,A5018598375,4,False,True,True,False,China; United States,Kunming University of Science and Technology,https://openalex.org/I10660446,China,Columbia University,https://openalex.org/I78577930,United States,Yunnan Metallurgical Group (China),https://openalex.org/I4210149647,China,,,,Beijing University of Chemical Technology,https://openalex.org/I75390827,China,,,,,,,,,,Beijing University of Chemical Technology,https://openalex.org/I75390827,China,,,,,,,,,,,,,,,,,,,,,,,,,,,,,,,,,,,,,,,,,,,,,,,,,,,,,,,,,,,,,,,,,,,,,,,,,,,,,,,,,,,,,,,,,,,,,,,,
Kuai Yu,A5022036537,13,False,True,True,False,China; France; Netherlands; Singapore; The Netherlands; United States,University of Baltimore,https://openalex.org/I6059380,United States,Institute of Microelectronics,https://openalex.org/I4210119392,China,China Jiliang University,https://openalex.org/I55538621,China,Shenzhen University,https://openalex.org/I180726961,China,Shaoxing University,https://openalex.org/I192209268,China,Shenzhen University,https://openalex.org/I180726961,China,Shenzhen University,https://openalex.org/I180726961,China,Shenzhen Technology University,https://openalex.org/I4210152380,China,Stanford University,https://openalex.org/I97018004,United States,Stanford University,https://openalex.org/I97018004,United States,Shenzhen University,https://openalex.org/I180726961,China,University of Notre Dame,https://openalex.org/I107639228,United States,Université Bourgogne Franche-Comté,https://openalex.org/I4210118524,France,University of Applied Sciences Leiden,https://openalex.org/I210716285,The Netherlands,Huygens Institute for History and Culture of the Netherlands,https://openalex.org/I2801908541,Netherlands,National University of Singapore,https://openalex.org/I165932596,Singapore,,,,Hefei National Center for Physical Sciences at Nanoscale,https://openalex.org/I4210103894,China,Hefei National Center for Physical Sciences at Nanoscale,https://openalex.org/I4210103894,China,Hefei National Center for Physical Sciences at Nanoscale,https://openalex.org/I4210103894,China,,,,,,,,,,,,,,,,,,,,,,,,,,,,,,,,,,,,,,,,,,,,,,,,,,,,,,,,,,,,,,,
Y. Q. Wang,A5022368707,1,True,True,False,False,China,,,,,,,,,,,,,,,,,,,,,,,,,,,,Institute of High Energy Physics,https://openalex.org/I4210137180,China,,,,Institute of High Energy Physics,https://openalex.org/I4210137180,China,,,,,,,,,,,,,,,,,,,,,,,,,,,,,,,,,,,,,,,,,,,,,,,,,,,,,,,,,,,,,,,,,,,,,,,,,,,,,,,,,,,,,,,
Runji Wang,A5024300524,3,True,True,False,False,China,,,,China Academy of Engineering Physics,https://openalex.org/I2801345734,China,,,,,,,Hunan University of Science and Technology,https://openalex.org/I121296143,China,,,,Renmin University of China,https://openalex.org/I78988378,China,,,,,,,,,,,,,,,,,,,,,,,,,,,,,,,,,,,,,,,,,,,,,,,,,,,,,,,,,,,,,,,,,,,,,,,,,,,,,,,,,,,,,,,,,,,,,,,,,,,,,,
Xingchao Liu,A5024864770,6,False,True,True,False,China; United States,Hebei Normal University,https://openalex.org/I94611258,China,Hebei Normal University,https://openalex.org/I94611258,China,The University of Texas at Austin,https://openalex.org/I86519309,United States,The University of Texas at Austin,https://openalex.org/I86519309,United States,The University of Texas at Austin,https://openalex.org/I86519309,United States,The University of Texas at Austin,https://openalex.org/I86519309,United States,China Agricultural University,https://openalex.org/I52158045,China,Beihang University,https://openalex.org/I82880672,China,Beihang University,https://openalex.org/I82880672,China,China Agricultural University,https://openalex.org/I52158045,China,China Agricultural University,https://openalex.org/I52158045,China,China Agricultural University,https://openalex.org/I52158045,China,,,,,,,Soochow University,https://openalex.org/I3923682,China,Soochow University,https://openalex.org/I3923682,China,,,,,,,,,,,,,,,,81th Hospital of PLA,https://openalex.org/I4210118317,China,,,,,,,,,,,,,,,,,,,,,,,,,,,,,,,,,,,,,,,,,,,,,,,,,,,,,,,,,
Yuan Ou,A5028036445,5,True,True,False,False,China,,,,South China University of Technology,https://openalex.org/I90610280,China,Xihua University,https://openalex.org/I102345215,China,,,,Tsinghua University,https://openalex.org/I99065089,China,,,,,,,,,,Xihua University,https://openalex.org/I102345215,China,Tianjin Normal University,https://openalex.org/I15062923,China,Tianjin Normal University,https://openalex.org/I15062923,China,Beijing Forestry University,https://openalex.org/I31683504,China,,,,,,,,,,,,,,,,,,,,,,,,,,,,,,,,,,,,,,,,,,,,,,,,,,,,,,,,,,,,,,,,,,,,,,,,,,,,,,,,,,,,,,,
Shengfeng Ye,A5030693568,5,True,True,False,False,China,,,,Chinese Academy of Forestry,https://openalex.org/I4210128615,China,Institute of Chemical Industry of Forest Products,https://openalex.org/I4210111829,China,Chinese Academy of Forestry,https://openalex.org/I4210128615,China,Chinese Academy of Forestry,https://openalex.org/I4210128615,China,Institute of Chemical Industry of Forest Products,https://openalex.org/I4210111829,China,State Forestry and Grassland Administration,https://openalex.org/I4210134523,China,,,,,,,,,,,,,,,,China Agricultural University,https://openalex.org/I52158045,China,,,,China Agricultural University,https://openalex.org/I52158045,China,China Agricultural University,https://openalex.org/I52158045,China,,,,,,,,,,China Agricultural University,https://openalex.org/I52158045,China,Wuhan University,https://openalex.org/I37461747,China,,,,,,,,,,,,,,,,,,,,,,,,,,,,,,,,,,,,,,,,,,,,,,,,,,,,,,,,,,,,
Ruoyu Zhang,A5034697076,6,False,True,True,False,China; United States,,,,Zhoukou Normal University,https://openalex.org/I4210093674,China,Northwest A&F University,https://openalex.org/I89652312,China,,,,Peng Huanwu Center for Fundamental Theory,https://openalex.org/I4210112519,China,Northwest A&F University,https://openalex.org/I89652312,China,Cornell University,https://openalex.org/I205783295,United States,Cornell University,https://openalex.org/I205783295,United States,Illumina (United States),https://openalex.org/I178645029,United States,Cornell University,https://openalex.org/I205783295,United States,Cornell University,https://openalex.org/I205783295,United States,,,,,,,,,,,,,The University of Texas MD Anderson Cancer Center,https://openalex.org/I1343551460,United States,,,,,,,,,,,,,,,,,,,,,,,,,,,,,,,,,,,,,,,,,,,,,,,,,,,,,,,,,,,,,,,,,,,,,,,,,,,
Zhicheng Ma,A5045715549,2,True,True,False,False,China,,,,China United Network Communications Group (China),https://openalex.org/I6507939,China,,,,,,,Lanzhou Jiaotong University,https://openalex.org/I3133134087,China,,,,,,,,,,,,,,,,,,,,,,,,,,,,,,,,,,,,,,,,,,,,,,,,,,,,,,,,,,,,,,,,,,,,,,,,,,,,,,,,,,,,,,,,,,,,,,,,,,,,,,,,,,,,
Yunfan Xiong,A5046575444,1,True,True,False,False,China,,,,,,,,,,,,,First Affiliated Hospital of Kunming Medical University,https://openalex.org/I4210120169,China,,,,First Affiliated Hospital of Kunming Medical University,https://openalex.org/I4210120169,China,,,,,,,,,,,,,,,,,,,,,,,,,,,,,,,,,,,,,,,,,,,,,,,,,,,,,,,,,,,,,,,,,,,,,,,,,,,,,,,,,,,,,,,,,,,,,,,,,,,,,,
Xiaokang Zhang,A5048566877,1,True,True,False,False,China,,,,,,,,,,China Agricultural University,https://openalex.org/I52158045,China,,,,,,,,,,,,,,,,,,,,,,,,,,,,,,,,,,,,,,,,,,,,,,,,,,,,,,,,,,,,,,,,,,,,,,,,,,,,,,,,,,,,,,,,,,,,,,,,,,,,,,,,,,,,,,,
Ruisong Zhang,A5048832336,4,True,True,False,False,China,Institute of Automation,https://openalex.org/I4210112150,China,University of Chinese Academy of Sciences,https://openalex.org/I4210165038,China,China University of Geosciences (Beijing),https://openalex.org/I3125743391,China,University of Chinese Academy of Sciences,https://openalex.org/I4210165038,China,University of Chinese Academy of Sciences,https://openalex.org/I4210165038,China,,,,,,,,,,China National Petroleum Corporation (China),https://openalex.org/I98227222,China,,,,,,,,,,,,,,,,,,,,,,,,,,,,,,,,,,,,,,,,,,,,,,,,,,,,,,,,,,,,,,,,,,,,,,,,,,,,,,,,,,,,,,,,,,,,,,,,
Yi Yu,A5060198927,10,False,True,True,False,Canada; China; Taiwan; The Netherlands; United States,Chinese Academy of Agricultural Sciences,https://openalex.org/I4210138501,China,South China University of Technology,https://openalex.org/I90610280,China,South China University of Technology,https://openalex.org/I90610280,China,South China University of Technology,https://openalex.org/I90610280,China,South China University of Technology,https://openalex.org/I90610280,China,Nanjing University of Aeronautics and Astronautics,https://openalex.org/I9842412,China,Nanjing University of Aeronautics and Astronautics,https://openalex.org/I9842412,China,South China University of Technology,https://openalex.org/I90610280,China,"University of California, Berkeley",https://openalex.org/I95457486,United States,"University of California, Berkeley",https://openalex.org/I95457486,United States,"University of California, Berkeley",https://openalex.org/I95457486,United States,Nanjing University of Aeronautics and Astronautics,https://openalex.org/I9842412,China,Tsinghua University,https://openalex.org/I99065089,China,Tsinghua University,https://openalex.org/I99065089,China,Tsinghua University,https://openalex.org/I99065089,China,Tsinghua University,https://openalex.org/I99065089,China,,,,National Taiwan University,https://openalex.org/I16733864,Taiwan,"Changchun Institute of Optics, Fine Mechanics and Physics",https://openalex.org/I4210088164,China,University of Amsterdam,https://openalex.org/I887064364,The Netherlands,,,,,,,,,,,,,,,,,,,Shanghai Institute of Microsystem and Information Technology,https://openalex.org/I4210147322,China,,,,Shanghai Institute of Microsystem and Information Technology,https://openalex.org/I4210147322,China,,,,,,,,,,,,,McMaster University,https://openalex.org/I98251732,Canada,,,,McMaster University,https://openalex.org/I98251732,Canada,,,,,,,,,,,,,,,
Yang Zhang,A5065385441,2,True,True,False,False,China,,,,Sichuan University,https://openalex.org/I24185976,China,Sichuan University,https://openalex.org/I24185976,China,,,,,,,,,,Sichuan University,https://openalex.org/I24185976,China,,,,,,,,,,Sichuan University,https://openalex.org/I24185976,China,,,,,,,,,,,,,Sichuan University,https://openalex.org/I24185976,China,Sichuan University,https://openalex.org/I24185976,China,Institute of High Energy Physics,https://openalex.org/I4210137180,China,,,,,,,,,,,,,,,,,,,,,,,,,,,,,,,,,,,,,,,,,,,,,,,,,,,,,,,,,,,,,,,,,,,,,
Zhiyu Wu,A5071782544,8,False,True,True,False,China; United States,Hainan University,https://openalex.org/I20942203,China,Wuhan Institute of Technology,https://openalex.org/I91125648,China,Shanxi Datong University,https://openalex.org/I5422934,China,Wuhan Textile University,https://openalex.org/I4210119942,China,Wuhan Textile University,https://openalex.org/I4210119942,China,Wuhan Textile University,https://openalex.org/I4210119942,China,,,,Hainan University,https://openalex.org/I20942203,China,Hainan University,https://openalex.org/I20942203,China,,,,,,,Hainan University,https://openalex.org/I20942203,China,,,,Shenyang University of Chemical Technology,https://openalex.org/I48780066,China,,,,,,,,,,Hainan University,https://openalex.org/I20942203,China,Block Engineering (United States),https://openalex.org/I4210121678,United States,,,,,,,,,,Suzhou University of Science and Technology,https://openalex.org/I308837,China,Auburn University,https://openalex.org/I82497590,United States,,,,,,,,,,,,,,,,,,,,,,,,,,,,,,,,,,,,,,,,,,,,,,,,,,,
Ziyi Gao,A5075527381,4,True,True,False,False,China,,,,Liaoning University,https://openalex.org/I118803816,China,Nanfang Hospital,https://openalex.org/I4210103346,China,Beijing Forestry University,https://openalex.org/I31683504,China,Qinghai University for Nationalities,https://openalex.org/I290007724,China,,,,,,,,,,,,,,,,,,,,,,,,,,,,,,,,,,,,,,,,,,,,,,,,,,,,,,,,,,,,,,,,,,,,,,,,,,,,,,,,,,,,,,,,,,,,,,,,,,,,,,,,,,,,
Chengda Lu,A5090328003,5,False,True,True,False,Australia; China; Rwanda; United States,Intelligent Automation (United States),https://openalex.org/I4210130203,United States,Shandong Institute of Automation,https://openalex.org/I4210094879,China,Shandong Institute of Automation,https://openalex.org/I4210094879,China,Shandong Institute of Automation,https://openalex.org/I4210094879,China,Shandong Institute of Automation,https://openalex.org/I4210094879,China,Ministry of Natural Resources,https://openalex.org/I4210127658,Rwanda,Shandong Institute of Automation,https://openalex.org/I4210094879,China,Swinburne University of Technology,https://openalex.org/I57093077,Australia,Swinburne University of Technology,https://openalex.org/I57093077,Australia,Swinburne University of Technology,https://openalex.org/I57093077,Australia,China University of Geosciences,https://openalex.org/I3124059619,China,,,,,,,,,,,,,,,,,,,,,,,,,,,,,,,,,,,,,,,,,,,,,,,,,,,,,,,,,,,,,,,,,,,,,,,,,,,,,,,,,,,,,,,,,,
Yuxiang Luo,A5100569167,3,True,True,False,False,China,,,,Hunan University of Technology,https://openalex.org/I49934816,China,Hainan Agricultural School,https://openalex.org/I4210145393,China,Hainan Agricultural School,https://openalex.org/I4210145393,China,,,,,,,,,,,,,,,,,,,,,,,,,,,,,,,,,,,,,,,,Guizhou Electric Power Design and Research Institute,https://openalex.org/I4210145500,China,,,,,,,,,,,,,,,,,,,,,,,,,,,,,,,,,,,,,,,,,,,,,,,,,,,,,,,,,,,,,,,,,,,,,
Xin Cheng,A5100692497,5,True,True,False,False,China,,,,Beijing Jiaotong University,https://openalex.org/I21193070,China,Shanghai University of Medicine and Health Sciences,https://openalex.org/I4210135985,China,Renmin University of China,https://openalex.org/I78988378,China,Beijing Jiaotong University,https://openalex.org/I21193070,China,Beijing Jiaotong University,https://openalex.org/I21193070,China,,,,,,,,,,Beijing Jiaotong University,https://openalex.org/I21193070,China,,,,,,,,,,,,,,,,,,,Southeast University,https://openalex.org/I76569877,China,,,,,,,,,,,,,Harbin Institute of Technology,https://openalex.org/I204983213,China,,,,,,,,,,,,,,,,,,,,,,,,,,,,,,,,,,,,,,,,,,,,,,,,,,,,,,,,,
Junlong Li,A5100757072,10,False,True,False,False,China; United Kingdom,Weifang University,https://openalex.org/I66883779,China,Chongqing Medical University,https://openalex.org/I87780372,China,Fuzhou University,https://openalex.org/I80947539,China,University of Bath,https://openalex.org/I51601045,United Kingdom,Tsinghua University,https://openalex.org/I99065089,China,Tsinghua University,https://openalex.org/I99065089,China,University of Bath,https://openalex.org/I51601045,United Kingdom,Beijing University of Civil Engineering and Architecture,https://openalex.org/I62853816,China,,,,Huawei Technologies (China),https://openalex.org/I2250955327,China,,,,Harbin Institute of Technology,https://openalex.org/I204983213,China,,,,,,,,,,,,,,,,,,,Shenyang Aerospace University,https://openalex.org/I125904092,China,Kunming University,https://openalex.org/I146071755,China,,,,,,,,,,,,,,,,,,,,,,,,,,,,,,,,,,,,,,,,,,,,,,,,,,,,,,,,,,,,,,,
Yiyang Ma,A5101360646,3,False,True,False,False,China; Thailand,Guangzhou University,https://openalex.org/I37987034,China,Guangzhou University,https://openalex.org/I37987034,China,Peking University,https://openalex.org/I20231570,China,King Mongkut's University of Technology Thonburi,https://openalex.org/I60837268,Thailand,,,,,,,,,,,,,,,,,,,,,,,,,,,,,,,,,,,,,,,,,,,,,,,,,,,,,,,,,,,,,,,,,,,,,,,,,,,,,,,,,,,,,,,,,,,,,,,,,,,,,,,,,,,,,,,
Bing Xue,A5101472713,8,False,True,True,False,China; United States,,,,Scientific Methods (United States),https://openalex.org/I4210145164,United States,,,,Jilin University,https://openalex.org/I194450716,China,Jilin Medical University,https://openalex.org/I4210136497,China,Zhejiang Ocean University,https://openalex.org/I31847773,China,Shaanxi University of Science and Technology,https://openalex.org/I51622183,China,Zhejiang Ocean University,https://openalex.org/I31847773,China,Xinjiang University,https://openalex.org/I96908189,China,,,,Jilin Medical University,https://openalex.org/I4210136497,China,University of Minnesota,https://openalex.org/I130238516,United States,Jilin University,https://openalex.org/I194450716,China,Southwest Jiaotong University,https://openalex.org/I4800084,China,,,,Jilin Medical University,https://openalex.org/I4210136497,China,Jilin University,https://openalex.org/I194450716,China,Jilin Medical University,https://openalex.org/I4210136497,China,Jilin University,https://openalex.org/I194450716,China,Jilin University,https://openalex.org/I194450716,China,,,,,,,,,,,,,,,,,,,,,,,,,,,,,,,,,,,,,,,,,,,,,,,,,,,,,,,,,,,,,,,
Yu Wu,A5101709477,5,False,True,False,False,China; India; United Kingdom,,,,Power Grid Corporation (India),https://openalex.org/I867306930,India,Microsoft Research Asia (China),https://openalex.org/I4210113369,China,Microsoft Research (United Kingdom),https://openalex.org/I4210164937,United Kingdom,Microsoft Research (United Kingdom),https://openalex.org/I4210164937,United Kingdom,Microsoft Research (United Kingdom),https://openalex.org/I4210164937,United Kingdom,Microsoft Research (United Kingdom),https://openalex.org/I4210164937,United Kingdom,Beihang University,https://openalex.org/I82880672,China,Beihang University,https://openalex.org/I82880672,China,Beihang University,https://openalex.org/I82880672,China,Beihang University,https://openalex.org/I82880672,China,Beihang University,https://openalex.org/I82880672,China,,,,,,,Wuhan University,https://openalex.org/I37461747,China,,,,,,,Wuhan University,https://openalex.org/I37461747,China,Wuhan University,https://openalex.org/I37461747,China,,,,,,,,,,,,,,,,,,,,,,,,,,,,,,,,,,,,,,,,,,,,,,,,,,,,,,,,,,,,,,,,,,
Tao Yun,A5102213433,17,False,True,True,False,China; Macao; United States,,,,Anhui Polytechnic University,https://openalex.org/I70908550,China,Anhui Polytechnic University,https://openalex.org/I70908550,China,Anhui Polytechnic University,https://openalex.org/I70908550,China,Nanjing University of Aeronautics and Astronautics,https://openalex.org/I9842412,China,China Astronaut Research and Training Center,https://openalex.org/I4210163738,China,,,,Zhongshan Hospital,https://openalex.org/I4210127074,China,City University of Macau,https://openalex.org/I6469544,Macao,,,,Wuhan University,https://openalex.org/I37461747,China,First Affiliated Hospital of Soochow University,https://openalex.org/I4210153519,China,,,,West Anhui University,https://openalex.org/I4210147745,China,China Meteorological Administration,https://openalex.org/I141301092,China,Chang'an University,https://openalex.org/I25355098,China,South China University of Technology,https://openalex.org/I90610280,China,China Meteorological Administration,https://openalex.org/I141301092,China,,,,Anhui University,https://openalex.org/I143868143,China,Jiangsu Provincial Institute of Geological Survey,https://openalex.org/I4210131771,China,,,,Yunnan University,https://openalex.org/I189210763,China,Yunnan Observatories,https://openalex.org/I2801168720,China,CAO Group (United States),https://openalex.org/I4210152159,United States,,,,,,,,,,,,,,,,,,,,,,,,,,,,,,,,,,Shanghai Institute of Planned Parenthood Research,https://openalex.org/I4210127634,China,,,,,,,,,,,,
Xuheng Lin,A5102457348,1,True,True,False,False,China,,,,,,,,,,,,,,,,,,,,,,China United Network Communications Group (China),https://openalex.org/I6507939,China,,,,,,,,,,,,,,,,,,,,,,,,,,,,,,,,,,,,,,,,,,,,,,,,,,,,,,,,,,,,,,,,,,,,,,,,,,,,,,,,,,,,,,,,,,,,,,,,,,,
Zijia Zhu,A5102510461,4,True,True,False,False,China,Shanghai Jiao Tong University,https://openalex.org/I183067930,China,Tsinghua University,https://openalex.org/I99065089,China,Shanghai Jiao Tong University,https://openalex.org/I183067930,China,Shanghai Center for Brain Science and Brain-Inspired Technology,https://openalex.org/I4210164150,China,Shanghai Jiao Tong University,https://openalex.org/I183067930,China,First Affiliated Hospital of Zhengzhou University,https://openalex.org/I4210156804,China,First Affiliated Hospital of Zhengzhou University,https://openalex.org/I4210156804,China,First Affiliated Hospital of Zhengzhou University,https://openalex.org/I4210156804,China,,,,,,,,,,,,,,,,,,,,,,,,,,,,,,,,,,,,,,,,,,,,,,,,,,,,,,,,,,,,,,,,,,,,,,,,,,,,,,,,,,,,,,,,,,,,,,,,,,,
Z. F. Wu,A5102697103,2,True,True,False,False,China,Guangzhou University,https://openalex.org/I37987034,China,Guangzhou University,https://openalex.org/I37987034,China,Guangzhou University,https://openalex.org/I37987034,China,,,,,,,,,,,,,,,,,,,,,,,,,,,,,,,Chinese Academy of Agricultural Sciences,https://openalex.org/I4210138501,China,,,,Chinese Academy of Agricultural Sciences,https://openalex.org/I4210138501,China,,,,,,,,,,,,,,,,,,,,,,,,,,,,,,,,,,,,,,,,,,,,,,,,,,,,,,,,,,,,,,,,,,,,,,,,,,,
Bochao Wu,A5103178710,6,False,True,True,False,China; United States,,,,Inner Mongolia Medical University,https://openalex.org/I44673925,China,Structural Integrity Associates (United States),https://openalex.org/I4210128902,United States,Nantong University,https://openalex.org/I199305430,China,Southwest Jiaotong University,https://openalex.org/I4800084,China,University of Chinese Academy of Sciences,https://openalex.org/I4210165038,China,University of Chinese Academy of Sciences,https://openalex.org/I4210165038,China,University of Chinese Academy of Sciences,https://openalex.org/I4210165038,China,Nantong University,https://openalex.org/I199305430,China,China Electronics Technology Group Corporation,https://openalex.org/I2800372957,China,,,,,,,,,,,,,,,,,,,,,,,,,,,,,,,,,,,,,,,,,,,,,,,,,,,,,,,,,,,,,,,,,,,,,,,,,,,,,,,,,,,,,,,,,,,,,
Litong Wang,A5103211182,8,True,True,False,False,China,,,,Qilu Hospital of Shandong University,https://openalex.org/I4210161528,China,Second Affiliated Hospital of Dalian Medical University,https://openalex.org/I4210100868,China,Second Affiliated Hospital of Dalian Medical University,https://openalex.org/I4210100868,China,Second Affiliated Hospital of Dalian Medical University,https://openalex.org/I4210100868,China,Second Affiliated Hospital of Dalian Medical University,https://openalex.org/I4210100868,China,North China Electric Power University,https://openalex.org/I153473198,China,Yangzhou University,https://openalex.org/I78978612,China,Liaoning University of Traditional Chinese Medicine,https://openalex.org/I2800959905,China,Second Affiliated Hospital of Dalian Medical University,https://openalex.org/I4210100868,China,Zhejiang University of Technology,https://openalex.org/I55712492,China,,,,Harbin Engineering University,https://openalex.org/I151727225,China,Zhejiang University of Technology,https://openalex.org/I55712492,China,Zhejiang University of Technology,https://openalex.org/I55712492,China,Zhejiang University of Technology,https://openalex.org/I55712492,China,Zhejiang University of Technology,https://openalex.org/I55712492,China,Chongqing University,https://openalex.org/I158842170,China,Chongqing University,https://openalex.org/I158842170,China,,,,,,,,,,,,,,,,,,,,,,,,,,,,,,,,,,,,,,,,,,,,,,,,,,,,,,,,,,,,,,,,,,
Zizheng Pan,A5104206167,2,False,False,False,False,Australia,,,,Monash University,https://openalex.org/I56590836,Australia,Monash University,https://openalex.org/I56590836,Australia,Monash University,https://openalex.org/I56590836,Australia,Monash University,https://openalex.org/I56590836,Australia,Monash University,https://openalex.org/I56590836,Australia,University of Adelaide,https://openalex.org/I5681781,Australia,,,,,,,,,,,,,,,,,,,,,,,,,,,,,,,,,,,,,,,,,,,,,,,,,,,,,,,,,,,,,,,,,,,,,,,,,,,,,,,,,,,,,,,,,,,,,,,,,,,,,,
Zhean Xu,A5104332671,3,True,True,False,False,China,,,,Purple Mountain Observatory,https://openalex.org/I2802340896,China,Chinese Academy of Sciences,https://openalex.org/I19820366,China,Purple Mountain Observatory,https://openalex.org/I2802340896,China,Purple Mountain Observatory,https://openalex.org/I2802340896,China,Purple Mountain Observatory,https://openalex.org/I2802340896,China,,,,Purple Mountain Observatory,https://openalex.org/I2802340896,China,Purple Mountain Observatory,https://openalex.org/I2802340896,China,University of Science and Technology of China,https://openalex.org/I126520041,China,,,,,,,,,,,,,,,,,,,,,,,,,,,,,,,,,,,,,,,,,,,,,,,,,,,,,,,,,,,,,,,,,,,,,,,,,,,,,,,,,,,,,,,,,,,,,
Yisong Wang,A5104684132,2,True,True,False,False,China,Northeastern University,https://openalex.org/I9224756,China,Northeastern University,https://openalex.org/I9224756,China,Taizhou University,https://openalex.org/I82760581,China,,,,,,,,,,,,,,,,,,,,,,,,,,,,,,,,,,,,,,,,,,,,,,,,,,,,,,,,,,,,,,,,,,,,,,,,,,,,,,,,,,,,,,,,,,,,,,,,,,,,,,,,,,,,,,,,,,
H. Zhang,A5108346243,4,True,True,False,False,China,Anhui University,https://openalex.org/I143868143,China,,,,West China Hospital of Sichuan University,https://openalex.org/I4210089761,China,,,,,,,First Affiliated Hospital of Anhui Medical University,https://openalex.org/I4210136596,China,,,,,,,,,,,,,,,,Chinese Center For Disease Control and Prevention,https://openalex.org/I184490438,China,,,,,,,,,,,,,,,,,,,,,,,,,,,,,,,,,,,,,,,,,,,,,,,,,,,,,,,,,,,,,,,,,,,,,,,,,,,,,,,,,,,,,,,
Jianzhong Guo,A5111161539,5,False,True,False,False,Australia; China,,,,Division of Materials Science and Engineering,https://openalex.org/I4210129794,Australia,Zhejiang A & F University,https://openalex.org/I1284762954,China,Zhejiang Academy of Forestry,https://openalex.org/I4210166194,China,Zhejiang Academy of Forestry,https://openalex.org/I4210166194,China,Zhejiang A & F University,https://openalex.org/I1284762954,China,Zhejiang A & F University,https://openalex.org/I1284762954,China,Jiyang College of Zhejiang A&F University,https://openalex.org/I4210126248,China,Zhejiang A & F University,https://openalex.org/I1284762954,China,Zhejiang Academy of Forestry,https://openalex.org/I4210166194,China,Zhejiang A & F University,https://openalex.org/I1284762954,China,,,,Zhejiang A & F University,https://openalex.org/I1284762954,China,,,,Zhejiang A & F University,https://openalex.org/I1284762954,China,Zhejiang A & F University,https://openalex.org/I1284762954,China,Zhejiang A & F University,https://openalex.org/I1284762954,China,Zhejiang University,https://openalex.org/I76130692,China,Zhejiang University,https://openalex.org/I76130692,China,Zhejiang University,https://openalex.org/I76130692,China,,,,Zhejiang Academy of Forestry,https://openalex.org/I4210166194,China,,,,,,,,,,,,,,,,,,,,,,,,,,,,,,,,,,,,,,,,,,,,,,,,,,,,,,,,,
Zhengyan Zhang,A5111176285,0,False,False,False,False,,,,,,,,,,,,,,,,,,,,,,,,,,,,,,,,,,,,,,,,,,,,,,,,,,,,,,,,,,,,,,,,,,,,,,,,,,,,,,,,,,,,,,,,,,,,,,,,,,,,,,,,,,,,,,,,,,,,,,,,,,,,
Shuting Pan,A5113628365,1,True,True,False,False,China,,,,,,,,,,,,,,,,,,,,,,,,,,,,,,,,,,First Affiliated Hospital of Nanchang University,https://openalex.org/I4210164024,China,,,,,,,,,,,,,,,,,,,,,,,,,,,,,,,,,,,,,,,,,,,,,,,,,,,,,,,,,,,,,,,,,,,,,,,,,,,,,,,,,,,,,,,
Mingxu Zhou,A5032538237,6,True,True,False,False,China,,,,State Key Laboratory of Crystal Materials,https://openalex.org/I4391768157,China,Nanning Normal University,https://openalex.org/I4210151929,China,Xinxiang Medical University,https://openalex.org/I80626142,China,Yunnan Institute of Tropical Crops,https://openalex.org/I4210145338,China,Jiangsu Academy of Agricultural Sciences,https://openalex.org/I4210087107,China,Yangzhou University,https://openalex.org/I78978612,China,Yangzhou University,https://openalex.org/I78978612,China,Yangzhou University,https://openalex.org/I78978612,China,,,,Yangzhou University,https://openalex.org/I78978612,China,Yangzhou University,https://openalex.org/I78978612,China,Yangzhou University,https://openalex.org/I78978612,China,Yangzhou University,https://openalex.org/I78978612,China,Yangzhou University,https://openalex.org/I78978612,China,,,,,,,,,,,,,,,,,,,,,,,,,,,,,,,,,,,,,,,,,,,,,,,,,,,,,,,,,,,,,,,,,,,,,,,,,,,,,,
Yue Gong,A5065675807,4,True,True,False,False,China,,,,First Affiliated Hospital of Nanchang University,https://openalex.org/I4210164024,China,Fudan University Shanghai Cancer Center,https://openalex.org/I4210093194,China,Fudan University Shanghai Cancer Center,https://openalex.org/I4210093194,China,PLA 306 Hospital,https://openalex.org/I4210107698,China,305 Hospital of People Liberation Army,https://openalex.org/I4210139604,China,First Affiliated Hospital of Nanchang University,https://openalex.org/I4210164024,China,Fudan University Shanghai Cancer Center,https://openalex.org/I4210093194,China,First Affiliated Hospital of Nanchang University,https://openalex.org/I4210164024,China,Fudan University Shanghai Cancer Center,https://openalex.org/I4210093194,China,,,,,,,,,,,,,,,,,,,,,,,,,,,,,,,,,,,,,,,,,,,,,,,,,,,,,,,,,,,,,,,,,,,,,,,,,,,,,,,,,,,,,,,,,,,,,
Y. Wu,A5075693457,8,True,True,False,False,China,,,,Shanghai Electric (China),https://openalex.org/I4210126065,China,Hangzhou Normal University,https://openalex.org/I163151501,China,First Affiliated Hospital of Wenzhou Medical University,https://openalex.org/I2801769982,China,Institute of Chemistry,https://openalex.org/I4210155088,China,Hangzhou Normal University,https://openalex.org/I163151501,China,Hangzhou Normal University,https://openalex.org/I163151501,China,Northeast Normal University,https://openalex.org/I184983240,China,Institute of Applied Ecology,https://openalex.org/I4210110024,China,Institute of Applied Ecology,https://openalex.org/I4210110024,China,Institute of Applied Ecology,https://openalex.org/I4210110024,China,Hangzhou Normal University,https://openalex.org/I163151501,China,Guangxi Normal University,https://openalex.org/I29739308,China,Hangzhou Normal University,https://openalex.org/I163151501,China,Hangzhou Normal University,https://openalex.org/I163151501,China,Sichuan Institute of Building Research,https://openalex.org/I4210131782,China,,,,,,,,,,,,,,,,,,,,,,,,,Institute of Applied Ecology,https://openalex.org/I4210110024,China,,,,,,,,,,,,,,,,,,,,,,,,,,,,,,,,,,,,,,,,,,,,,,,,
Xinyuan Li,A5100663165,6,False,True,False,False,China; Nepal,,,,Xuchang University,https://openalex.org/I903994226,China,,,,Ministry of Agriculture and Rural Affairs,https://openalex.org/I4210151987,China,Agriculture and Forestry University,https://openalex.org/I2801534221,Nepal,,,,Peking University,https://openalex.org/I20231570,China,Nanjing University,https://openalex.org/I881766915,China,Qiqihar Medical University,https://openalex.org/I899859998,China,Peking University,https://openalex.org/I20231570,China,,,,,,,,,,,,,,,,,,,,,,,,,,,,,,,,,,,,,,,,,,,,,,,,,,,,,,,,,,,,,,,,,,,,,,,,,,,,,,,,,,,,,,,,,,,,,
Kexin Huang,A5102892551,8,True,True,False,False,China,National University of Defense Technology,https://openalex.org/I170215575,China,Affiliated Hospital of Qingdao University,https://openalex.org/I4210116869,China,National University of Defense Technology,https://openalex.org/I170215575,China,Jilin University,https://openalex.org/I194450716,China,Jilin University,https://openalex.org/I194450716,China,Nanjing Forestry University,https://openalex.org/I167027274,China,Jilin University,https://openalex.org/I194450716,China,Nanjing Forestry University,https://openalex.org/I167027274,China,,,,,,,,,,Jilin Medical University,https://openalex.org/I4210136497,China,,,,North China Electric Power University,https://openalex.org/I153473198,China,Zhanjiang Experimental Station,https://openalex.org/I4210151662,China,,,,Jilin University,https://openalex.org/I194450716,China,,,,,,,,,,Northwestern Polytechnical University,https://openalex.org/I17145004,China,,,,,,,,,,,,,,,,,,,,,,,,,,,,,,,,,,,,,,,,,,,,,,,,,,,,,,,,,,,,
Yinmin Zhong,A5000644890,1,True,True,False,False,China,,,,Peking University,https://openalex.org/I20231570,China,Peking University,https://openalex.org/I20231570,China,Peking University,https://openalex.org/I20231570,China,,,,,,,,,,,,,,,,,,,,,,,,,,,,,,,,,,,,,,,,,,,,,,,,,,,,,,,,,,,,,,,,,,,,,,,,,,,,,,,,,,,,,,,,,,,,,,,,,,,,,,,,,,,,,,,
Kexing Zhou,A5000718123,1,True,True,False,False,China,,,,Peking University,https://openalex.org/I20231570,China,Peking University,https://openalex.org/I20231570,China,Peking University,https://openalex.org/I20231570,China,Peking University,https://openalex.org/I20231570,China,Peking University,https://openalex.org/I20231570,China,,,,,,,,,,,,,,,,,,,,,,,,,,,,,,,,,,,,,,,,,,,,,,,,,,,,,,,,,,,,,,,,,,,,,,,,,,,,,,,,,,,,,,,,,,,,,,,,,,,,,,,,,
Tian Ye,A5001904065,10,False,True,True,False,China; India; South Korea; United States,Hospital of Hebei Province,https://openalex.org/I4210090615,China,Beijing Friendship Hospital,https://openalex.org/I4210147433,China,Beijing Friendship Hospital,https://openalex.org/I4210147433,China,Beijing Friendship Hospital,https://openalex.org/I4210147433,China,Beijing Friendship Hospital,https://openalex.org/I4210147433,China,Second Hospital of Hebei Medical University,https://openalex.org/I4210099373,China,Henan Normal University,https://openalex.org/I75955062,China,Pukyong National University,https://openalex.org/I8991828,South Korea,Penn State Milton S. Hershey Medical Center,https://openalex.org/I82783531,United States,Beijing Friendship Hospital,https://openalex.org/I4210147433,China,Chinese PLA General Hospital,https://openalex.org/I2802939634,China,,,,Beijing Friendship Hospital,https://openalex.org/I4210147433,China,Lifeline Hospital,https://openalex.org/I4210162228,India,,,,,,,,,,,,,,,,Soochow University,https://openalex.org/I3923682,China,,,,,,,General Hospital of Guangzhou Military Command,https://openalex.org/I4210099466,China,,,,,,,,,,,,,,,,,,,,,,,,,,,,,,,,,,,,,,,,,,,,,,,,,,,,,,
Zongqing Yao,A5003259585,1,True,True,False,False,China,,,,Shanghai Tunnel Engineering Rail Transit Design & Research Institute,https://openalex.org/I4210118977,China,,,,,,,,,,,,,,,,,,,,,,,,,,,,,,,,,,,,,,,,,,,,,,,,,,,,,,,,,,,,,,,,,,,,,,,,,,,,,,,,,,,,,,,,,,,,,,,,,,,,,,,,,,,,,,,,,,,,,
Shengyu Liu,A5004265996,1,True,True,False,False,China,,,,Chinese Academy of Fishery Sciences,https://openalex.org/I46529539,China,Chinese Academy of Fishery Sciences,https://openalex.org/I46529539,China,,,,,,,,,,,,,,,,Chinese Academy of Fishery Sciences,https://openalex.org/I46529539,China,Chinese Academy of Fishery Sciences,https://openalex.org/I46529539,China,,,,,,,,,,Chinese Academy of Fishery Sciences,https://openalex.org/I46529539,China,,,,,,,,,,,,,,,,,,,,,,,,,,,,,,,,,,,,,,,,,,,,,,,,,,,,,,,,,,,,,,,,,,,,,,,,,,,,,,,,,
Jingyuan Cheng,A5007742979,1,True,True,False,False,China,,,,,,,,,,,,,,,,,,,,,,Fujian Normal University,https://openalex.org/I111753288,China,Fujian Normal University,https://openalex.org/I111753288,China,,,,,,,,,,,,,,,,,,,,,,,,,,,,,,,,,,,,,,,,,,,,,,,,,,,,,,,,,,,,,,,,,,,,,,,,,,,,,,,,,,,,,,,,,,,,,,,,
Shengding Hu,A5010557815,2,False,True,False,False,China; South Korea,,,,Tsinghua University,https://openalex.org/I99065089,China,Tsinghua University,https://openalex.org/I99065089,China,Tsinghua University,https://openalex.org/I99065089,China,Tsinghua University,https://openalex.org/I99065089,China,PRG S&Tech (South Korea),https://openalex.org/I4390039265,South Korea,Tsinghua University,https://openalex.org/I99065089,China,,,,,,,,,,,,,,,,,,,,,,,,,,,,,,,,,,,,,,,,,,,,,,,,,,,,,,,,,,,,,,,,,,,,,,,,,,,,,,,,,,,,,,,,,,,,,,,,,,,,,,
Huanqi Cao,A5016089490,3,False,True,True,False,China; United States,,,,,,,Tsinghua University,https://openalex.org/I99065089,China,Tsinghua University,https://openalex.org/I99065089,China,Tsinghua University,https://openalex.org/I99065089,China,Tsinghua University,https://openalex.org/I99065089,China,Tsinghua University,https://openalex.org/I99065089,China,Tsinghua University,https://openalex.org/I99065089,China,,,,University of Science and Technology of China,https://openalex.org/I126520041,China,,,,,,,,,,,,,,,,,,,,,,,,,,,,,,,,,,,,,,,,,,,Lehigh University,https://openalex.org/I186143895,United States,,,,Lehigh University,https://openalex.org/I186143895,United States,,,,Lehigh University,https://openalex.org/I186143895,United States,Lehigh University,https://openalex.org/I186143895,United States,,,,,,,,,,,,,,,,,,,,,,,,,,,,,,,,,
Haozhe Ji,A5020700222,3,True,True,False,False,China,,,,,,,Jiamusi University,https://openalex.org/I151893264,China,,,,Tsinghua University,https://openalex.org/I99065089,China,Tsinghua University,https://openalex.org/I99065089,China,Tsinghua University,https://openalex.org/I99065089,China,,,,Tsinghua University,https://openalex.org/I99065089,China,,,,,,,,,,,,,,,,,,,,,,,,,,,,,,,,,,,,,Henan Forestry Vocational College,https://openalex.org/I4210146584,China,,,,,,,,,,,,,,,,,,,,,,,,,,,,,,,,,,,,,,,,,,,,,,,,,,,,,,,,,
Kezhao Huang,A5023674199,1,True,True,False,False,China,,,,Tsinghua University,https://openalex.org/I99065089,China,Tsinghua University,https://openalex.org/I99065089,China,,,,,,,Tsinghua University,https://openalex.org/I99065089,China,,,,,,,,,,,,,,,,,,,,,,,,,,,,,,,,,,,,,,,,,,,,,,,,,,,,,,,,,,,,,,,,,,,,,,,,,,,,,,,,,,,,,,,,,,,,,,,,,,,,,,,,,
Ying Zhou,A5025286172,15,False,True,True,False,China; United States,,,,China Medical University,https://openalex.org/I91656880,China,Dana-Farber Cancer Institute,https://openalex.org/I4210117453,United States,Auburn University,https://openalex.org/I82497590,United States,Nanjing Medical University,https://openalex.org/I83519826,China,Fred Hutch Cancer Center,https://openalex.org/I4210089486,United States,Shanghai First Maternity and Infant Hospital,https://openalex.org/I4210153623,China,First Affiliated Hospital of Soochow University,https://openalex.org/I4210153519,China,University of Chinese Academy of Sciences,https://openalex.org/I4210165038,China,University of Chinese Academy of Sciences,https://openalex.org/I4210165038,China,University of Chinese Academy of Sciences,https://openalex.org/I4210165038,China,Shanghai Institutes for Biological Sciences,https://openalex.org/I4210106477,China,Children's Hospital of Fudan University,https://openalex.org/I4210159329,China,Xiangya Hospital Central South University,https://openalex.org/I4210159865,China,Xiangya Hospital Central South University,https://openalex.org/I4210159865,China,Hunan Provincial Maternal and Child Health Hospital,https://openalex.org/I4210166238,China,Chinese People's Liberation Army,https://openalex.org/I4210160531,China,,,,Second Xiangya Hospital of Central South University,https://openalex.org/I4210153856,China,,,,,,,,,,,,,,,,,,,,,,,,,,,,,,,,,,University of Southern California,https://openalex.org/I1174212,United States,,,,,,,,,,,,,,,,,,,,,,,,,,,,,,
Jun Ran,A5029163663,3,True,True,False,False,China,,,,Jiangxi Agricultural University,https://openalex.org/I74837319,China,Huazhong University of Science and Technology,https://openalex.org/I47720641,China,Huazhong University of Science and Technology,https://openalex.org/I47720641,China,Huazhong University of Science and Technology,https://openalex.org/I47720641,China,Huazhong University of Science and Technology,https://openalex.org/I47720641,China,Huazhong University of Science and Technology,https://openalex.org/I47720641,China,,,,Huazhong University of Science and Technology,https://openalex.org/I47720641,China,Huazhong University of Science and Technology,https://openalex.org/I47720641,China,Huazhong University of Science and Technology,https://openalex.org/I47720641,China,Huazhong University of Science and Technology,https://openalex.org/I47720641,China,,,,,,,,,,Chinese Academy of Sciences,https://openalex.org/I19820366,China,,,,,,,,,,,,,,,,,,,,,,,,,,,,,,,,,,,,,,,,,,,,,,,,,,,,,,,,,,,,,,,,,,,,,,,,,,,
Jiewen Hu,A5030169073,3,False,False,True,True,United States,,,,Carnegie Mellon University,https://openalex.org/I74973139,United States,Virginia Tech,https://openalex.org/I859038795,United States,Virginia Tech,https://openalex.org/I859038795,United States,Apple (United States),https://openalex.org/I4210153776,United States,Virginia Tech,https://openalex.org/I859038795,United States,Virginia Tech,https://openalex.org/I859038795,United States,Virginia Tech,https://openalex.org/I859038795,United States,Virginia Tech,https://openalex.org/I859038795,United States,,,,,,,,,,,,,,,,,,,,,,,,,,,,,,,,,,,,,,,,,,,,,,,,,,,,,,,,,,,,,,,,,,,,,,,,,,,,,,,,,,,,,,,,,,,,,,,,
Yuanfan Xu,A5035964223,1,True,True,False,False,China,Tsinghua University,https://openalex.org/I99065089,China,Tsinghua University,https://openalex.org/I99065089,China,Tsinghua University,https://openalex.org/I99065089,China,Tsinghua University,https://openalex.org/I99065089,China,Tsinghua University,https://openalex.org/I99065089,China,Tsinghua University,https://openalex.org/I99065089,China,Tsinghua University,https://openalex.org/I99065089,China,Tsinghua University,https://openalex.org/I99065089,China,,,,,,,,,,,,,,,,,,,,,,,,,,,,,,,,,,,,,,,,,,,,,,,,,,,,,,,,,,,,,,,,,,,,,,,,,,,,,,,,,,,,,,,,,,,,,,,,,,,
Lingxiao Luo,A5036387082,1,True,True,False,False,China,,,,,,,,,,Obstetrics and Gynecology Hospital of Fudan University,https://openalex.org/I4210146205,China,,,,,,,Obstetrics and Gynecology Hospital of Fudan University,https://openalex.org/I4210146205,China,,,,,,,,,,,,,,,,,,,,,,,,,,,,,,,,,,,,,,,,,,,,,,,,,,,,,,,,,,,,,,,,,,,,,,,,,,,,,,,,,,,,,,,,,,,,,,,,,,,,,,
Xuwei Fu,A5040119265,3,True,True,False,False,China,,,,,,,,,,Suzhou Institute of Nano-tech and Nano-bionics,https://openalex.org/I4210092495,China,Wuhan Engineering Science & Technology Institute,https://openalex.org/I4210148639,China,Wuhan Engineering Science & Technology Institute,https://openalex.org/I4210148639,China,Wuhan Engineering Science & Technology Institute,https://openalex.org/I4210148639,China,,,,,,,Shaanxi Normal University,https://openalex.org/I88830068,China,Shaanxi Normal University,https://openalex.org/I88830068,China,,,,,,,,,,,,,,,,,,,,,,,,,,,,,,,,,,,,,,,,,,,,,,,,,,,,,,,,,,,,,,,,,,,,,,,,,,,,,,,,,,,,,,,,,,
Hao Li,A5042878459,5,False,True,True,False,China; Hong Kong; Singapore; United States,,,,National University of Singapore,https://openalex.org/I165932596,Singapore,Zhejiang University,https://openalex.org/I76130692,China,,,,China Agricultural University,https://openalex.org/I52158045,China,,,,,,,Hong Kong Baptist University,https://openalex.org/I141568987,Hong Kong,University of Oklahoma,https://openalex.org/I8692664,United States,University of Oklahoma,https://openalex.org/I8692664,United States,,,,,,,,,,,,,,,,,,,,,,,,,,,,,,,,,,,,,,,,,,,,,,,,,,,,,,,,,,,,,,,,,,,,,,,,,,,,,,,,,,,,,,,,,,,,,
Ziyang Song,A5043597604,2,True,True,False,False,China,,,,Beijing University of Chemical Technology,https://openalex.org/I75390827,China,,,,,,,,,,,,,Beijing Children’s Hospital,https://openalex.org/I4210144404,China,Beijing Children’s Hospital,https://openalex.org/I4210144404,China,,,,,,,,,,,,,,,,,,,,,,,,,,,,,,,,,,,,,,,,,,,,,,,,,,,,,,,,,,,,,,,,,,,,,,,,,,,,,,,,,,,,,,,,,,,,,,,,,,,
Songyang Zhou,A5047145856,15,False,True,True,False,Canada; China; United States,,,,Hainan Medical University,https://openalex.org/I79731167,China,Sun Yat-sen Memorial Hospital,https://openalex.org/I4210097354,China,Guangzhou Regenerative Medicine and Health Guangdong Laboratory,https://openalex.org/I4210107668,China,Guangzhou Regenerative Medicine and Health Guangdong Laboratory,https://openalex.org/I4210107668,China,Guangzhou Regenerative Medicine and Health Guangdong Laboratory,https://openalex.org/I4210107668,China,Guangzhou Regenerative Medicine and Health Guangdong Laboratory,https://openalex.org/I4210107668,China,Jiangsu Province Hospital,https://openalex.org/I4210152119,China,Sun Yat-sen University Cancer Center,https://openalex.org/I4210146711,China,Children's Cancer Center,https://openalex.org/I4210150362,United States,Sun Yat-sen University Cancer Center,https://openalex.org/I4210146711,China,Sun Yat-sen University Cancer Center,https://openalex.org/I4210146711,China,"The First Affiliated Hospital, Sun Yat-sen University",https://openalex.org/I4210128921,China,"The First Affiliated Hospital, Sun Yat-sen University",https://openalex.org/I4210128921,China,Key Laboratory of Guangdong Province,https://openalex.org/I4210098034,China,Baylor College of Medicine,https://openalex.org/I181547552,United States,Baylor College of Medicine,https://openalex.org/I181547552,United States,Mars (United States),https://openalex.org/I4210113968,United States,Baylor College of Medicine,https://openalex.org/I181547552,United States,Baylor College of Medicine,https://openalex.org/I181547552,United States,Baylor College of Medicine,https://openalex.org/I181547552,United States,,,,Baylor College of Medicine,https://openalex.org/I181547552,United States,Beth Israel Deaconess Hospital,https://openalex.org/I2801337628,United States,"University of California, San Diego",https://openalex.org/I36258959,United States,Baylor College of Medicine,https://openalex.org/I181547552,United States,Baylor College of Medicine,https://openalex.org/I181547552,United States,Massachusetts Institute of Technology,https://openalex.org/I63966007,United States,Rockefeller University,https://openalex.org/I83399316,United States,McGill University,https://openalex.org/I5023651,Canada,Beth Israel Deaconess Hospital,https://openalex.org/I2801337628,United States,Beth Israel Deaconess Hospital,https://openalex.org/I2801337628,United States,Beth Israel Deaconess Hospital,https://openalex.org/I2801337628,United States,Beth Israel Deaconess Hospital,https://openalex.org/I2801337628,United States,,,,,,,,,,,,,,,,,,,,,
Haowen Luo,A5049311422,2,True,True,False,False,China,Zhejiang University,https://openalex.org/I76130692,China,Zhejiang University,https://openalex.org/I76130692,China,Second Affiliated Hospital of Nanchang University,https://openalex.org/I4210108480,China,Second Affiliated Hospital of Nanchang University,https://openalex.org/I4210108480,China,,,,Second Affiliated Hospital of Nanchang University,https://openalex.org/I4210108480,China,,,,,,,,,,,,,,,,,,,,,,,,,,,,,,,,,,,,,,,,,,,,,,,,,,,,,,,,,,,,,,,,,,,,,,,,,,,,,,,,,,,,,,,,,,,,,,,,,,,,,,,,,
Wenjie Pang,A5049920338,1,True,True,False,False,China,,,,,,,,,,,,,,,,,,,,,,,,,,,,,,,Shanghai Jiao Tong University,https://openalex.org/I183067930,China,,,,,,,,,,,,,,,,,,,,,,,,,,,,,,,,,,,,,,,,,,,,,,,,,,,,,,,,,,,,,,,,,,,,,,,,,,,,,,,,,,,,,,,,,,
Xi Gao,A5050692023,4,False,True,True,False,China; United States,Southeast University,https://openalex.org/I76569877,China,Southeast University,https://openalex.org/I76569877,China,Southeast University,https://openalex.org/I76569877,China,University of Delaware,https://openalex.org/I86501945,United States,Southeast University,https://openalex.org/I76569877,China,Southeast University,https://openalex.org/I76569877,China,Southeast University,https://openalex.org/I76569877,China,"University of California, Davis",https://openalex.org/I84218800,United States,University of Delaware,https://openalex.org/I86501945,United States,Southeast University,https://openalex.org/I76569877,China,Southeast University,https://openalex.org/I76569877,China,Southeast University,https://openalex.org/I76569877,China,Southeast University,https://openalex.org/I76569877,China,Southeast University,https://openalex.org/I76569877,China,Southeast University,https://openalex.org/I76569877,China,Southeast University,https://openalex.org/I76569877,China,East China University of Political Science and Law,https://openalex.org/I78974044,China,East China University of Political Science and Law,https://openalex.org/I78974044,China,Southeast University,https://openalex.org/I76569877,China,Southeast University,https://openalex.org/I76569877,China,Southeast University,https://openalex.org/I76569877,China,Southeast University,https://openalex.org/I76569877,China,Southeast University,https://openalex.org/I76569877,China,Southeast University,https://openalex.org/I76569877,China,Southeast University,https://openalex.org/I76569877,China,Southeast University,https://openalex.org/I76569877,China,Southeast University,https://openalex.org/I76569877,China,Southeast University,https://openalex.org/I76569877,China,Southeast University,https://openalex.org/I76569877,China,Southeast University,https://openalex.org/I76569877,China,Southeast University,https://openalex.org/I76569877,China,Southeast University,https://openalex.org/I76569877,China,,,,,,,,,,,,,,,,,,,,,,,,,,,
Xuan Lu,A5052404451,12,False,True,False,False,China; The Netherlands,Dalian University,https://openalex.org/I4210092944,China,Zhejiang Medicine (China),https://openalex.org/I4210163926,China,Guangdong Ocean University,https://openalex.org/I79223203,China,Guangdong Ocean University,https://openalex.org/I79223203,China,Guangdong Ocean University,https://openalex.org/I79223203,China,Guangdong Ocean University,https://openalex.org/I79223203,China,Guangdong Ocean University,https://openalex.org/I79223203,China,Chongqing Municipal Health Commission,https://openalex.org/I4210160019,China,Wuhan University,https://openalex.org/I37461747,China,Zhejiang University,https://openalex.org/I76130692,China,Institute of Software,https://openalex.org/I4210128818,China,State Key Laboratory of Virology,https://openalex.org/I4391768268,China,Zhejiang University,https://openalex.org/I76130692,China,Peking University,https://openalex.org/I20231570,China,,,,Zhongnan Hospital of Wuhan University,https://openalex.org/I4210120234,China,University of Chinese Academy of Sciences,https://openalex.org/I4210165038,China,,,,,,,,,,Zhejiang University,https://openalex.org/I76130692,China,,,,,,,,,,Eindhoven University of Technology,https://openalex.org/I83019370,The Netherlands,,,,,,,,,,,,,,,,,,,,,,,,,,,,,,,,,,,,,,,,,,,,,,,,
Peixin Cong,A5054102678,1,True,True,False,False,China,,,,Hohai University,https://openalex.org/I163340411,China,Hohai University,https://openalex.org/I163340411,China,Hohai University,https://openalex.org/I163340411,China,Hohai University,https://openalex.org/I163340411,China,Hohai University,https://openalex.org/I163340411,China,,,,,,,,,,,,,,,,,,,,,,,,,,,,,,,,,,,,,,,,,,,,,,,,,,,,,,,,,,,,,,,,,,,,,,,,,,,,,,,,,,,,,,,,,,,,,,,,,,,,,,,,,
Tianyuan Yue,A5058110644,1,True,True,False,False,China,,,,,,,,,,,,,Beijing University of Posts and Telecommunications,https://openalex.org/I139759216,China,,,,,,,,,,,,,,,,,,,,,,,,,,,,,,,,,,,,,,,,,,,,,,,,,,,,,,,,,,,,,,,,,,,,,,,,,,,,,,,,,,,,,,,,,,,,,,,,,,,,,,,,,,,,
Yujia He,A5060991733,3,False,True,False,False,Australia; China,,,,Shenzhen Technology University,https://openalex.org/I4210152380,China,Monash University,https://openalex.org/I56590836,Australia,,,,State Key Laboratory of Biotherapy,https://openalex.org/I4391768003,China,,,,,,,,,,,,,,,,,,,,,,,,,,,,,,,,,,,,,,,,,,,,,,,,,,,,,,,,,,,,,,,,,,,,,,,,,,,,,,,,,,,,,,,,,,,,,,,,,,,,,,,,,,,,
Zian Xu,A5067424229,1,True,True,False,False,China,,,,Shanghai Ninth People's Hospital,https://openalex.org/I4210097066,China,,,,Shanghai Ninth People's Hospital,https://openalex.org/I4210097066,China,Shanghai Ninth People's Hospital,https://openalex.org/I4210097066,China,,,,,,,,,,,,,,,,,,,,,,,,,,,,,,,,,,,,,,,,,,,,,,,,,,,,,,,,,,,,,,,,,,,,,,,,,,,,,,,,,,,,,,,,,,,,,,,,,,,,,,,,,,,,
Yixiao Chen,A5068277084,4,False,True,True,False,China; United States,,,,Affiliated Hospital of Qingdao University,https://openalex.org/I4210116869,China,Donghua University,https://openalex.org/I181326427,China,Entrepreneurial Ecosystems,https://openalex.org/I4210164282,United States,Guilin University of Technology,https://openalex.org/I38706770,China,,,,,,,,,,,,,,,,,,,,,,,,,,,,,,,,,,,,,,,,,,,,,,,,,,,,,,,,,,,,,,,,,,,,,,,,,,,,,,,,,,,,,,,,,,,,,,,,,,,,,,,,,,,,
Yanru Ma,A5070263617,5,False,True,True,False,China; United Kingdom; United States,,,,The University of Texas Southwestern Medical Center,https://openalex.org/I867280407,United States,,,,,,,University of Edinburgh,https://openalex.org/I98677209,United Kingdom,,,,Lanzhou University,https://openalex.org/I76214153,China,,,,,,,Target (United States),https://openalex.org/I1320354487,United States,Peking Union Medical College Hospital,https://openalex.org/I2801228662,China,Peking Union Medical College Hospital,https://openalex.org/I2801228662,China,,,,,,,,,,,,,,,,,,,,,,,,,,,,,,,,,,,,,,,,,,,,,,,,,,,,,,,,,,,,,,,,,,,,,,,,,,,,,,,,,,,,,,,
S. H. Liu,A5072626432,1,False,False,False,False,Taiwan,,,,,,,,,,,,,,,,,,,,,,,,,,,,,,,,,,,,,,,,,,,,,,,,,,,,,,,,,,,,,,,,,,,,,,Animal Technology Institute Taiwan,https://openalex.org/I4210165564,Taiwan,,,,,,,,,,,,,,,,,,,,,,,,,,,,,,,,,,,,,,,,,,,,,,,,,,,
Hongxuan Tang,A5072855790,2,True,True,False,False,China,Inner Mongolia University,https://openalex.org/I2722730,China,Inner Mongolia University,https://openalex.org/I2722730,China,,,,Zhejiang A & F University,https://openalex.org/I1284762954,China,Zhejiang A & F University,https://openalex.org/I1284762954,China,,,,,,,,,,,,,,,,,,,,,,,,,,,,,,,,,,,,,,,,,,,,,,,,,,,,,,,,,,,,,,,,,,,,,,,,,,,,,,,,,,,,,,,,,,,,,,,,,,,,,,,,,,,,
Shaofei Cai,A5074233262,5,True,True,False,False,China,Beijing Academy of Artificial Intelligence,https://openalex.org/I4210100255,China,Peking University,https://openalex.org/I20231570,China,Beijing Academy of Artificial Intelligence,https://openalex.org/I4210100255,China,Institute of Computing Technology,https://openalex.org/I4210090176,China,University of Chinese Academy of Sciences,https://openalex.org/I4210165038,China,University of Chinese Academy of Sciences,https://openalex.org/I4210165038,China,University of Chinese Academy of Sciences,https://openalex.org/I4210165038,China,China Southern Power Grid (China),https://openalex.org/I74872605,China,,,,,,,,,,,,,,,,,,,,,,,,,,,,,,,,,,,,,,,,,,,,,,,,,,,,,,,,,,,,,,,,,,,,,,,,,,,,,,,,,,,,,,,,,,,,,,,,,,,
Hui Zeng,A5077369376,7,True,True,False,False,China,Beijing Information Science & Technology University,https://openalex.org/I78675632,China,University of Science and Technology Beijing,https://openalex.org/I92403157,China,University of Science and Technology Beijing,https://openalex.org/I92403157,China,University of Science and Technology Beijing,https://openalex.org/I92403157,China,University of Science and Technology Beijing,https://openalex.org/I92403157,China,University of Science and Technology Beijing,https://openalex.org/I92403157,China,University of Science and Technology Beijing,https://openalex.org/I92403157,China,University of Science and Technology Beijing,https://openalex.org/I92403157,China,University of Science and Technology Beijing,https://openalex.org/I92403157,China,University of Science and Technology Beijing,https://openalex.org/I92403157,China,University of Science and Technology Beijing,https://openalex.org/I92403157,China,University of Science and Technology Beijing,https://openalex.org/I92403157,China,University of Science and Technology Beijing,https://openalex.org/I92403157,China,University of Science and Technology Beijing,https://openalex.org/I92403157,China,University of Science and Technology Beijing,https://openalex.org/I92403157,China,Nanjing University of Aeronautics and Astronautics,https://openalex.org/I9842412,China,Nanjing University of Aeronautics and Astronautics,https://openalex.org/I9842412,China,University of Science and Technology Beijing,https://openalex.org/I92403157,China,University of Science and Technology Beijing,https://openalex.org/I92403157,China,,,,Northeastern University,https://openalex.org/I9224756,China,University of Science and Technology of China,https://openalex.org/I126520041,China,Fiberhome Technology Group (China),https://openalex.org/I4210155232,China,Institute of Acoustics,https://openalex.org/I4210099069,China,,,,,,,,,,,,,,,,,,,,,,,,,,,,,,,,,,,,,,,,,,,,,,,,,,,
Wenqin Yu,A5082678890,2,True,True,False,False,China,,,,,,,Ningxia Medical University General Hospital,https://openalex.org/I4210139449,China,,,,,,,,,,,,,Nanjing Medical University,https://openalex.org/I83519826,China,,,,,,,,,,,,,,,,,,,,,,,,,,,,,,,,,,,,,,,,,,,,,,,,,,,,,,,,,,,,,,,,,,,,,,,,,,,,,,,,,,,,,,,,,,,,,,,,,,,
Yuhan Wu,A5084253746,9,False,True,False,False,China; Taiwan; United Kingdom,,,,University College London,https://openalex.org/I45129253,United Kingdom,Yancheng Institute of Technology,https://openalex.org/I4210157719,China,Wuhan Institute of Technology,https://openalex.org/I91125648,China,Institute of Theoretical Physics,https://openalex.org/I4210125404,China,Northwest University,https://openalex.org/I37802460,China,Peng Huanwu Center for Fundamental Theory,https://openalex.org/I4210112519,China,,,,,,,National Synchrotron Radiation Research Center,https://openalex.org/I4210094216,Taiwan,National Synchrotron Radiation Research Center,https://openalex.org/I4210094216,Taiwan,,,,Jilin Normal University,https://openalex.org/I149240348,China,Jilin Normal University,https://openalex.org/I149240348,China,National Cheng Kung University,https://openalex.org/I91807558,Taiwan,Jilin Normal University,https://openalex.org/I149240348,China,National Cheng Kung University,https://openalex.org/I91807558,Taiwan,,,,National Cheng Kung University,https://openalex.org/I91807558,Taiwan,National Cheng Kung University,https://openalex.org/I91807558,Taiwan,,,,,,,,,,,,,,,,,,,,,,,,,,,,,,,,,,,,,,,,,,,,,,,,,,,,,,,,,,,,,,,
M. S. Di,A5092740563,1,True,True,False,False,China,,,,Bohai University,https://openalex.org/I97009856,China,Bohai University,https://openalex.org/I97009856,China,Bohai University,https://openalex.org/I97009856,China,,,,,,,,,,,,,,,,,,,,,,,,,,,,,,,,,,,,,,,,,,,,,,,,,,,,,,,,,,,,,,,,,,,,,,,,,,,,,,,,,,,,,,,,,,,,,,,,,,,,,,,,,,,,,,,
Zihao Wang,A5100413085,7,False,True,True,False,China; Hong Kong; United States,"University of California, Berkeley",https://openalex.org/I95457486,United States,University of Hong Kong,https://openalex.org/I889458895,Hong Kong,Tsinghua University,https://openalex.org/I99065089,China,Northwest A&F University,https://openalex.org/I89652312,China,Tsinghua University,https://openalex.org/I99065089,China,Hangzhou Institute of Applied Acoustics,https://openalex.org/I4210144142,China,Tsinghua University,https://openalex.org/I99065089,China,Tsinghua University,https://openalex.org/I99065089,China,Tsinghua University,https://openalex.org/I99065089,China,University of Hong Kong,https://openalex.org/I889458895,Hong Kong,Tsinghua University,https://openalex.org/I99065089,China,Shanghai Research Center for Wireless Communications,https://openalex.org/I4210153300,China,Carnegie Mellon University,https://openalex.org/I74973139,United States,,,,,,,,,,,,,,,,,,,,,,,,,,,,,,,,,,,,,,,,,,,,,,,,,,,,,,,,,,,,,,,,,,,,,,,,,,,,,,,,,,,,
Lei Wang,A5100435806,15,False,True,True,False,China; United Kingdom; United States,,,,Zhejiang University,https://openalex.org/I76130692,China,Inner Mongolia University of Technology,https://openalex.org/I55654194,China,Yantai University,https://openalex.org/I18452120,China,Grinm Advanced Materials (China),https://openalex.org/I4210129545,China,The University of Texas Southwestern Medical Center,https://openalex.org/I867280407,United States,Nanjing Normal University,https://openalex.org/I152031979,China,Huawei Technologies (United Kingdom),https://openalex.org/I4210160618,United Kingdom,Yantai University,https://openalex.org/I18452120,China,Yantai University,https://openalex.org/I18452120,China,Southeast University,https://openalex.org/I76569877,China,Yantai University,https://openalex.org/I18452120,China,China National Rice Research Institute,https://openalex.org/I4210160522,China,Tongji Hospital,https://openalex.org/I4210160344,China,Beijing Forestry University,https://openalex.org/I31683504,China,Nanjing University of Science and Technology,https://openalex.org/I36399199,China,Dalian University of Technology,https://openalex.org/I27357992,China,Institute of Theoretical Physics,https://openalex.org/I4210125404,China,Institute of Theoretical Physics,https://openalex.org/I4210125404,China,,,,Yangtze University,https://openalex.org/I177739611,China,,,,,,,,,,,,,,,,,,,,,,,,,,,,,,,,,,,,,,,,,,,,,,,,,,,,,,,,,,,,
Qingyang Li,A5100700135,4,False,True,True,False,Canada; China; United States,Carleton University,https://openalex.org/I67031392,Canada,Southern Marine Science and Engineering Guangdong Laboratory (Guangzhou),https://openalex.org/I4210106122,China,Carleton University,https://openalex.org/I67031392,Canada,,,,Carleton University,https://openalex.org/I67031392,Canada,Carleton University,https://openalex.org/I67031392,Canada,Ocean University of China,https://openalex.org/I59028903,China,Ocean University of China,https://openalex.org/I59028903,China,,,,,,,,,,,,,,,,Child Mind Institute,https://openalex.org/I4210103248,United States,,,,,,,,,,,,,,,,,,,,,,,,,,,,,,,,,,,,,,,,,,,,,,,,,,,,,,,,,,,,,,,,,,,,,,,,,,,,,,,,,
Zipeng Zhang,A5100722630,5,True,True,False,False,China,Qingdao University,https://openalex.org/I108688024,China,China University of Mining and Technology,https://openalex.org/I25757504,China,China University of Mining and Technology,https://openalex.org/I25757504,China,China University of Mining and Technology,https://openalex.org/I25757504,China,China University of Mining and Technology,https://openalex.org/I25757504,China,Beijing University of Chemical Technology,https://openalex.org/I75390827,China,,,,China University of Mining and Technology,https://openalex.org/I25757504,China,,,,,,,,,,,,,,,,,,,,,,,,,,,,,,,Hubei University of Technology,https://openalex.org/I74525822,China,,,,,,,Huazhong University of Science and Technology,https://openalex.org/I47720641,China,,,,,,,,,,,,,,,,,,,,,,,,,,,,,,,,,,,,,,,,,,,,,,,,,,,,,,,,,
Zijun Liu,A5100725216,3,True,True,False,False,China,,,,,,,,,,Shandong Academy of Sciences,https://openalex.org/I4210142748,China,,,,Shanghai Ocean University,https://openalex.org/I44675526,China,Qingdao Agricultural University,https://openalex.org/I146773158,China,Shanghai Ocean University,https://openalex.org/I44675526,China,,,,,,,,,,,,,,,,,,,,,,,,,,,,,,,,,,,,,,,,,,,,,,,,,,,,,,,,,,,,,,,,,,,,,,,,,,,,,,,,,,,,,,,,,,,,,,,,,,,
Bo Liu,A5100727812,15,False,True,True,False,Australia; China; United States,,,,Dalian Jiaotong University,https://openalex.org/I7350606,China,Beihang University,https://openalex.org/I82880672,China,Tsinghua University,https://openalex.org/I99065089,China,The University of Texas at Austin,https://openalex.org/I86519309,United States,Shandong Institute of Automation,https://openalex.org/I4210094879,China,Xi'an Technological University,https://openalex.org/I4210110558,China,,,,Auburn University,https://openalex.org/I82497590,United States,Shanxi Transportation Research Institute,https://openalex.org/I4210167045,China,Air Force Engineering University,https://openalex.org/I4210104252,China,Tsinghua University,https://openalex.org/I99065089,China,Xi'an Technological University,https://openalex.org/I4210110558,China,China Jiliang University,https://openalex.org/I55538621,China,,,,Xi'an Technological University,https://openalex.org/I4210110558,China,University of Technology Sydney,https://openalex.org/I114017466,Australia,Xi'an Jiaotong University,https://openalex.org/I87445476,China,,,,South China University of Technology,https://openalex.org/I90610280,China,,,,South China University of Technology,https://openalex.org/I90610280,China,The University of Texas at Arlington,https://openalex.org/I189196454,United States,,,,Shandong University,https://openalex.org/I154099455,China,,,,,,,,,,,,,,,,,,,,,,,,,,,,,,,,,,,,,,,,,,,,,,,,
Chen Dong,A5100767305,11,False,True,True,False,China; United States,,,,Framingham State University,https://openalex.org/I47834966,United States,Tsinghua University,https://openalex.org/I99065089,China,Tsinghua University,https://openalex.org/I99065089,China,Air Force Medical University,https://openalex.org/I9916479,China,Tsinghua University,https://openalex.org/I99065089,China,Tsinghua University,https://openalex.org/I99065089,China,Tsinghua University,https://openalex.org/I99065089,China,Tsinghua University,https://openalex.org/I99065089,China,Tsinghua University,https://openalex.org/I99065089,China,Tsinghua University,https://openalex.org/I99065089,China,Tsinghua University,https://openalex.org/I99065089,China,Tsinghua University,https://openalex.org/I99065089,China,Tsinghua University,https://openalex.org/I99065089,China,Tsinghua University,https://openalex.org/I99065089,China,Affiliated Hospital of Hebei University,https://openalex.org/I4210140680,China,The University of Texas Health Science Center at Houston,https://openalex.org/I919571938,United States,The University of Texas Health Science Center at Houston,https://openalex.org/I919571938,United States,The University of Texas MD Anderson Cancer Center,https://openalex.org/I1343551460,United States,Stanford University,https://openalex.org/I97018004,United States,First Affiliated Hospital of Jinan University,https://openalex.org/I4210162753,China,The University of Texas MD Anderson Cancer Center,https://openalex.org/I1343551460,United States,Stanford University,https://openalex.org/I97018004,United States,Stanford University,https://openalex.org/I97018004,United States,Yale University,https://openalex.org/I32971472,United States,Seattle University,https://openalex.org/I58610484,United States,Yale University,https://openalex.org/I32971472,United States,,,,Howard Hughes Medical Institute,https://openalex.org/I1344073410,United States,,,,,,,,,,,,,,,,,,,,,,,,,,,,,,,,,,,,
Chenhao Xu,A5101012867,2,True,True,False,False,China,Northwestern Polytechnical University,https://openalex.org/I17145004,China,Northwestern Polytechnical University,https://openalex.org/I17145004,China,,,,,,,,,,,,,,,,,,,,,,,,,Semiconductor Manufacturing International (China),https://openalex.org/I4210142504,China,,,,,,,,,,,,,,,,,,,,,,,,,,,,,,,,,,,,,,,,,,,,,,,,,,,,,,,,,,,,,,,,,,,,,,,,,,,,,,,,,,,,,,,,,,
Yongtong Wu,A5101238210,1,True,True,False,False,China,,,,,,,,,,Sun Yat-sen Memorial Hospital,https://openalex.org/I4210097354,China,,,,,,,,,,,,,,,,,,,,,,,,,,,,,,,,,,,,,,,,,,,,,,,,,,,,,,,,,,,,,,,,,,,,,,,,,,,,,,,,,,,,,,,,,,,,,,,,,,,,,,,,,,,,,,,
Jiaxin Xu,A5101299439,3,True,True,False,False,China,,,,Henan University of Technology,https://openalex.org/I36152291,China,Henan University of Science and Technology,https://openalex.org/I167383011,China,Shenyang University,https://openalex.org/I42852656,China,,,,,,,,,,,,,,,,,,,,,,,,,,,,,,,,,,,,,,,,,,,,,,,,,,,,,,,,,,,,,,,,,,,,,,,,,,,,,,,,,,,,,,,,,,,,,,,,,,,,,,,,,,,,,,,
Shiqiang Hu,A5101413296,3,True,True,False,False,China,Center for Life Sciences,https://openalex.org/I4210160507,China,,,,,,,,,,Tsinghua University,https://openalex.org/I99065089,China,,,,,,,,,,,,,Institute of Applied Physics and Computational Mathematics,https://openalex.org/I4210145278,China,,,,,,,,,,,,,,,,,,,,,,,,,,,,,,,,,,,,,,,,,,,,,,,,,,,,,,,,,,,,,,,,,,,,,,,,,,,,,,,,,,,,,,,,,,,,,
Zehua Zhao,A5101521680,5,False,True,False,False,Australia; China,,,,Beijing Institute of Technology,https://openalex.org/I125839683,China,The University of Sydney,https://openalex.org/I129604602,Australia,,,,Beijing University of Chinese Medicine,https://openalex.org/I17747738,China,Guang’anmen Hospital,https://openalex.org/I4210146387,China,Chongqing University,https://openalex.org/I158842170,China,,,,Chongqing University,https://openalex.org/I158842170,China,Chongqing University,https://openalex.org/I158842170,China,,,,,,,,,,,,,,,,,,,,,,,,,,,,,,,,,,,,,,,,,,,,,,,,,,,,,,,,,,,,,,,,,,,,,,,,,,,,,,,,,,,,,,,,,,,,,
Kai Hu,A5101710153,6,False,True,False,False,Canada; China,Jiangxi Academy of Sciences,https://openalex.org/I4210155731,China,South China University of Technology,https://openalex.org/I90610280,China,South China University of Technology,https://openalex.org/I90610280,China,Tsinghua University,https://openalex.org/I99065089,China,Anhui University of Technology,https://openalex.org/I92178344,China,,,,,,,,,,,,,Shanghai Institute of Technical Physics,https://openalex.org/I4210135723,China,Anhui University of Technology,https://openalex.org/I92178344,China,,,,,,,,,,University of Calgary,https://openalex.org/I168635309,Canada,,,,University of Calgary,https://openalex.org/I168635309,Canada,,,,,,,University of Calgary,https://openalex.org/I168635309,Canada,,,,,,,,,,,,,,,,,,,,,,,,,,,,,,,,,,,,,,,,,,,,,,,,,,,,,,,,,,,,,,,
Xu Chen,A5101779008,8,False,True,True,False,China; Czechia; United States,,,,Hebei University,https://openalex.org/I43337087,China,West China Medical Center of Sichuan University,https://openalex.org/I2800091995,China,Tianjin Central Hospital of Gynecology Obstetrics,https://openalex.org/I4210125036,China,Tianjin Central Hospital of Gynecology Obstetrics,https://openalex.org/I4210125036,China,Tianjin Central Hospital of Gynecology Obstetrics,https://openalex.org/I4210125036,China,State Key Laboratory of Electroanalytical Chemistry,https://openalex.org/I4391768190,China,Renal Research Institute,https://openalex.org/I4210124297,United States,,,,,,,"Czech Academy of Sciences, Institute of Mathematics",https://openalex.org/I4210120266,Czechia,,,,Nankai University,https://openalex.org/I205237279,China,Tianjin Nankai Hospital,https://openalex.org/I4210093484,China,,,,,,,Nankai University,https://openalex.org/I205237279,China,Nankai University,https://openalex.org/I205237279,China,,,,,,,,,,,,,,,,,,,,,,,,,,,,,,,,,,,,,,,,,,,,,,,,,,,,,,,,,,,,,,,,,,,,,
Yifan Ding,A5101822672,2,False,False,True,False,Germany; United States,,,,University of Notre Dame,https://openalex.org/I107639228,United States,,,,,,,Amazon (Germany),https://openalex.org/I4210089985,Germany,University of Notre Dame,https://openalex.org/I107639228,United States,University of Notre Dame,https://openalex.org/I107639228,United States,University of Notre Dame,https://openalex.org/I107639228,United States,,,,,,,,,,,,,,,,,,,,,,,,,,,,,,,,,,,,,,,,,,,,,,,,,,,,,,,,,,,,,,,,,,,,,,,,,,,,,,,,,,,,,,,,,,,,,,,,,,,
Junguang Jiang,A5101828204,1,True,True,False,False,China,,,,,,,,,,,,,First Affiliated Hospital of Zhengzhou University,https://openalex.org/I4210156804,China,,,,,,,First Affiliated Hospital of Zhengzhou University,https://openalex.org/I4210156804,China,,,,,,,,,,,,,,,,,,,,,,,,,,,,,,,,,,,,,,,,,,,,,,,,,,,,,,,,,,,,,,,,,,,,,,,,,,,,,,,,,,,,,,,,,,,,,,,,,,,
Lihua Guo,A5101908065,3,True,True,False,False,China,,,,Tsinghua University,https://openalex.org/I99065089,China,Tsinghua University,https://openalex.org/I99065089,China,Tsinghua University,https://openalex.org/I99065089,China,Chongqing University,https://openalex.org/I158842170,China,Chongqing University,https://openalex.org/I158842170,China,,,,,,,,,,,,,,,,,,,,,,,,,Guangzhou Marine Geological Survey,https://openalex.org/I4210090744,China,,,,,,,,,,,,,,,,,,,,,,,,,,,,,,,,,,,,,,,,,,,,,,,,,,,,,,,,,,,,,,,,,,,,,,,,,,,,,,
M. Y. Xu,A5101910351,5,True,True,False,False,China,,,,Guangzhou Urban Planning Survey & Design Institute,https://openalex.org/I4210126705,China,Hunan Institute of Mental Health,https://openalex.org/I4210159426,China,Changchun University,https://openalex.org/I49232843,China,,,,,,,,,,,,,Jiangxi College of Applied Technology,https://openalex.org/I4210163048,China,,,,Yunnan University of Finance And Economics,https://openalex.org/I49185572,China,Yunnan University of Finance And Economics,https://openalex.org/I49185572,China,,,,,,,,,,,,,,,,,,,,,,,,,,,,,,,,,,,,,,,,,,,,,,,,,,,,,,,,,,,,,,,,,,,,,,,,,,,,,,,,,,,,,,,
Wenjing Luo,A5102068638,5,False,True,True,False,China; United States,,,,Southwest Jiaotong University,https://openalex.org/I4800084,China,Anhui Normal University,https://openalex.org/I4472751,China,,,,Zhejiang University,https://openalex.org/I76130692,China,Zhejiang University,https://openalex.org/I76130692,China,,,,Hubei Provincial Water Resources and Hydropower Planning Survey and Design Institute,https://openalex.org/I4210113530,China,International Craniofacial Institute,https://openalex.org/I4210100055,United States,,,,,,,,,,,,,,,,,,,,,,,,,,,,,,,,,,,,,,,,,,,,,,,,,,,,,,,,,,,,,,,,,,,,,,,,,,,,,,,,,,,,,,,,,,,,,,,,
Jinhua Zhu,A5102224739,1,True,True,False,False,China,,,,,,,,,,,,,,,,,,,,,,,,,,,,,,,,,,,,,,,,,,,,,,,,,,,,,,,,,,,,,,,,,,,,,,,,,Northeast Institute of Geography and Agroecology,https://openalex.org/I4210101301,China,,,,,,,,,,,,,,,,,,,,,,,,,,,,,,,,,,,,,,,,,,,,,,,,
Shaoyuan Chen,A5102307049,4,True,True,False,False,China,,,,Tsinghua University,https://openalex.org/I99065089,China,Peking University,https://openalex.org/I20231570,China,Peking University,https://openalex.org/I20231570,China,,,,,,,State Key Laboratory of Remote Sensing Science,https://openalex.org/I4210166112,China,,,,State Key Laboratory of Remote Sensing Science,https://openalex.org/I4210166112,China,,,,,,,State Key Laboratory of Remote Sensing Science,https://openalex.org/I4210166112,China,State Key Laboratory of Remote Sensing Science,https://openalex.org/I4210166112,China,,,,,,,,,,,,,,,,,,,,,,Jinan University,https://openalex.org/I159948400,China,,,,,,,,,,,,,,,,,,,,,,,,,,,,,,,,,,,,,,,,,,,,,,,,,,,,,,,,,,,,
Xiangwen Wang,A5103138406,9,False,True,True,False,China; United States,Lanzhou University,https://openalex.org/I76214153,China,Northwest Normal University,https://openalex.org/I68986083,China,Northwest Normal University,https://openalex.org/I68986083,China,Anqing Normal University,https://openalex.org/I46482218,China,Northwest Normal University,https://openalex.org/I68986083,China,Lanzhou University,https://openalex.org/I76214153,China,Shanghai University of Electric Power,https://openalex.org/I23632641,China,Northwest Normal University,https://openalex.org/I68986083,China,Shanghai University of Electric Power,https://openalex.org/I23632641,China,Alcoa (United States),https://openalex.org/I28304128,United States,Northwest Normal University,https://openalex.org/I68986083,China,Northwest Normal University,https://openalex.org/I68986083,China,PowerChina (China),https://openalex.org/I4210120238,China,PowerChina (China),https://openalex.org/I4210120238,China,Alcoa (United States),https://openalex.org/I28304128,United States,Arconic (United States),https://openalex.org/I4210166763,United States,,,,Hangzhou Dianzi University,https://openalex.org/I50760025,China,Shanghai Jiao Tong University,https://openalex.org/I183067930,China,Shanghai Jiao Tong University,https://openalex.org/I183067930,China,,,,Shanghai Jiao Tong University,https://openalex.org/I183067930,China,,,,,,,,,,,,,,,,,,,,,,,,,,,,,,,,,,,,,,,,,,,,,,,,,,,,,,,,,
Jialiang Huang,A5103278071,5,False,True,False,False,China; United Kingdom,,,,,,,East China Normal University,https://openalex.org/I66867065,China,Guangzhou University,https://openalex.org/I37987034,China,Shanghai University,https://openalex.org/I113940042,China,University of Nottingham,https://openalex.org/I142263535,United Kingdom,Guangzhou University,https://openalex.org/I37987034,China,Guangzhou University,https://openalex.org/I37987034,China,Guangzhou University,https://openalex.org/I37987034,China,,,,,,,,,,,,,,,,,,,,,,,,,,,,,,,,,,,,,Beibu Gulf University,https://openalex.org/I4210105374,China,,,,,,,,,,,,,,,,,,,,,,,,,,,,,,,,,,,,,,,,,,,,,,,,,,,,,,,,,
Yuan Cheng,A5103907115,2,False,True,False,False,China; Taiwan,,,,,,,,,,,,,,,,National Synchrotron Radiation Research Center,https://openalex.org/I4210094216,Taiwan,,,,,,,,,,,,,,,,,,,,,,North China University of Water Resources and Electric Power,https://openalex.org/I198645480,China,,,,,,,,,,,,,,,,,,,,,,,,,,,,,,,,,,,,,,,,,,,,,,,,,,,,,,,,,,,,,,,,,,,,,,,,,,,,,,,,,
Ruiling Xu,A5107918038,2,False,False,True,True,United States,California University of Pennsylvania,https://openalex.org/I36788626,United States,California University of Pennsylvania,https://openalex.org/I36788626,United States,California University of Pennsylvania,https://openalex.org/I36788626,United States,,,,University of Pennsylvania,https://openalex.org/I79576946,United States,University of Pennsylvania,https://openalex.org/I79576946,United States,,,,,,,,,,,,,,,,,,,,,,,,,,,,,,,,,,,,,,,,,,,,,,,,,,,,,,,,,,,,,,,,,,,,,,,,,,,,,,,,,,,,,,,,,,,,,,,,,,,,,,,,,
Bingzheng Xu,A5109505733,3,True,True,False,False,China,,,,,,,Wenzhou Medical University,https://openalex.org/I27781120,China,,,,,,,Dongyang People's Hospital,https://openalex.org/I4210156545,China,,,,,,,Dongyang People's Hospital,https://openalex.org/I4210156545,China,,,,,,,,,,,,,,,,,,,,,,,,,,,,,,,,,,,,,,,,,,,,,,South China University of Technology,https://openalex.org/I90610280,China,,,,,,,,,,,,,,,,,,,,,,,,,,,,,,,South China University of Technology,https://openalex.org/I90610280,China,,,,,,,,,,,,,,,
Zhuping Zhang,A5109662866,7,True,True,False,False,China,Huazhong University of Science and Technology,https://openalex.org/I47720641,China,Huazhong University of Science and Technology,https://openalex.org/I47720641,China,Shandong University,https://openalex.org/I154099455,China,Shandong University,https://openalex.org/I154099455,China,Shandong University,https://openalex.org/I154099455,China,Shandong Institute of Quantum Science and Technology,https://openalex.org/I4210134794,China,Central Hospital of Wuhan,https://openalex.org/I4210143568,China,Central Hospital of Wuhan,https://openalex.org/I4210143568,China,Guizhou University of Finance and Economics,https://openalex.org/I170172562,China,Nanjing Second Hospital,https://openalex.org/I4210150549,China,,,,,,,,,,,,,,,,,,,,,,,,,,,,,,,,,,,,,,,,,,,,,,,,,,,,,,,,,,,,,,,,,,,South China Botanical Garden,https://openalex.org/I4210120696,China,,,,,,,,,,,,,,,,,,,,,,,,
Chaofan Lin,A5109678287,1,True,True,False,False,China,,,,North China Electric Power University,https://openalex.org/I153473198,China,North China Electric Power University,https://openalex.org/I153473198,China,North China Electric Power University,https://openalex.org/I153473198,China,,,,,,,,,,,,,,,,,,,,,,,,,,,,,,,,,,,,,,,,,,,,,,,,,,,,,,,,,,,,,,,,,,,,,,,,,,,,,,,,,,,,,,,,,,,,,,,,,,,,,,,,,,,,,,,
Yongji Wang,A5110372162,8,False,True,False,False,China; Netherlands; South Korea,,,,Bio-Medical Science (South Korea),https://openalex.org/I4210145660,South Korea,Institute of Software,https://openalex.org/I4210128818,China,State Key Laboratory of Computer Science,https://openalex.org/I4391767820,China,University of Chinese Academy of Sciences,https://openalex.org/I4210165038,China,University of Chinese Academy of Sciences,https://openalex.org/I4210165038,China,Institute of Software,https://openalex.org/I4210128818,China,University of Chinese Academy of Sciences,https://openalex.org/I4210165038,China,State Key Laboratory of Computer Science,https://openalex.org/I4391767820,China,Air Force Medical University,https://openalex.org/I9916479,China,,,,State Key Laboratory of Computer Science,https://openalex.org/I4391767820,China,Medical Technology Transfer (Netherlands),https://openalex.org/I4210160980,Netherlands,Air Force Medical University,https://openalex.org/I9916479,China,Institute of Software,https://openalex.org/I4210128818,China,East China University of Political Science and Law,https://openalex.org/I78974044,China,Institute of Software,https://openalex.org/I4210128818,China,Institute of Software,https://openalex.org/I4210128818,China,Institute of Software,https://openalex.org/I4210128818,China,Institute of Software,https://openalex.org/I4210128818,China,University of Chinese Academy of Sciences,https://openalex.org/I4210165038,China,Institute of Software,https://openalex.org/I4210128818,China,Institute of Software,https://openalex.org/I4210128818,China,,,,,,,,,,,,,,,,Institute of Microbiology,https://openalex.org/I4210134982,China,,,,,,,,,,,,,,,,,,,,,,,,,,,,,,,,,,,,
Tao Ni,A5110445732,5,True,True,False,False,China,,,,Yanshan University,https://openalex.org/I39333907,China,,,,Institute of Microelectronics,https://openalex.org/I4210119392,China,Yanshan University,https://openalex.org/I39333907,China,Jilin University,https://openalex.org/I194450716,China,Jilin University,https://openalex.org/I194450716,China,,,,Dalian Maritime University,https://openalex.org/I43313876,China,,,,Jilin University,https://openalex.org/I194450716,China,,,,,,,Jilin University,https://openalex.org/I194450716,China,,,,Jilin Medical University,https://openalex.org/I4210136497,China,Jilin University,https://openalex.org/I194450716,China,,,,,,,,,,,,,,,,,,,,,,,,,,,,,,,,,,,,,,,,,,,,,,,,,,,,,,,,,,,,,,,,,,,,,,,,
Xingyou Li,A5110532585,5,True,True,False,False,China,,,,University of South China,https://openalex.org/I91935597,China,Xinjiang University,https://openalex.org/I96908189,China,Xinjiang University,https://openalex.org/I96908189,China,Xinjiang University,https://openalex.org/I96908189,China,University of Chinese Academy of Sciences,https://openalex.org/I4210165038,China,Chongqing Medical University,https://openalex.org/I87780372,China,Fujian University of Technology,https://openalex.org/I83791580,China,,,,Fujian University of Technology,https://openalex.org/I83791580,China,,,,,,,,,,,,,,,,,,,,,,,,,,,,,,,,,,,,,,,,,,,,,,,,,,,,,,,,,,,,,,,,,,,,,,,,,,,,,,,,,,,,,,,,,,,,,
Huajian Xin,A5111038333,1,True,True,False,False,China,,,,,,,Guangxi Research Institute of Chemical Industry,https://openalex.org/I4210143029,China,,,,,,,,,,,,,,,,,,,,,,,,,,,,,,,,,,,,,,,,,,,,,,,,,,,,,,,,,,,,,,,,,,,,,,,,,,,,,,,,,,,,,,,,,,,,,,,,,,,,,,,,,,,,,,,,,,
Zhixian Huang,A5111603195,3,False,True,False,False,China; Taiwan,,,,,,,First Affiliated Hospital of Wenzhou Medical University,https://openalex.org/I2801769982,China,,,,,,,,,,,,,,,,,,,,,,,,,,,,,,,,,,,,,,,,,,,,,,,,,,,,,,,,,,,,,,,,,,,,,,,,,,,,,,,National Yang Ming Chiao Tung University,https://openalex.org/I148366613,Taiwan,,,,,,,,,,,,,Shanghai Institute of Optics and Fine Mechanics,https://openalex.org/I4210135349,China,,,,,,,,,,,,,,,,,,
Yi Qian,A5111815579,3,True,True,False,False,China,,,,,,,,,,West Anhui University,https://openalex.org/I4210147745,China,,,,,,,,,,,,,,,,,,,Anhui University,https://openalex.org/I143868143,China,,,,,,,,,,,,,Zhejiang Normal University,https://openalex.org/I135237710,China,,,,,,,,,,,,,,,,,,,,,,,,,,,,,,,,,,,,,,,,,,,,,,,,,,,,,,,,,,,,,,,,,,,,,,,,,,,
Haofen Liang,A5113319915,2,True,True,False,False,China,University of Jinan,https://openalex.org/I34949971,China,,,,University of Chinese Academy of Sciences,https://openalex.org/I4210165038,China,,,,,,,,,,,,,,,,,,,,,,,,,,,,,,,,,,,,,,,,,,,,,,,,,,,,,,,,,,,,,,,,,,,,,,,,,,,,,,,,,,,,,,,,,,,,,,,,,,,,,,,,,,,,,,,,,,
Haoran Wei,A5114246441,2,True,True,False,False,China,,,,Zhejiang University of Science and Technology,https://openalex.org/I168879160,China,Zhejiang University,https://openalex.org/I76130692,China,,,,,,,,,,,,,,,,,,,,,,,,,,,,,,,,,,,,,,,,,,,,,,,,,,,,,,,,,,,,,,,,,,,,,,,,,,,,,,,,,,,,,,,,,,,,,,,,,,,,,,,,,,,,,,,,,,
Bowei Zhang,A5120751166,0,False,False,False,False,,,,,,,,,,,,,,,,,,,,,,,,,,,,,,,,,,,,,,,,,,,,,,,,,,,,,,,,,,,,,,,,,,,,,,,,,,,,,,,,,,,,,,,,,,,,,,,,,,,,,,,,,,,,,,,,,,,,,,,,,,,,
Jiawei Wang,A5001098396,3,True,True,False,False,China,,,,First Hospital of Jiaxing,https://openalex.org/I4210139237,China,Zhejiang Chinese Medical University,https://openalex.org/I114539943,China,Anyang Tumor Hospital,https://openalex.org/I4210163319,China,Anyang Tumor Hospital,https://openalex.org/I4210163319,China,Anyang Tumor Hospital,https://openalex.org/I4210163319,China,Anyang Tumor Hospital,https://openalex.org/I4210163319,China,,,,Anyang Tumor Hospital,https://openalex.org/I4210163319,China,,,,,,,,,,,,,,,,,,,,,,,,,,,,,,,,,,,,,,,,,,,,,,,,,,,,,,,,,,,,,,,,,,,,,,,,,,,,,,,,,,,,,,,,,,,,,,,,
W. L. Xiao,A5001162491,5,True,True,False,False,China,,,,Xiangtan University,https://openalex.org/I4610292,China,Southwest Petroleum University,https://openalex.org/I165745306,China,State Key Laboratory of Oil and Gas Reservoir Geology and Exploitation,https://openalex.org/I4210098205,China,State Key Laboratory of Oil and Gas Reservoir Geology and Exploitation,https://openalex.org/I4210098205,China,State Key Laboratory of Oil and Gas Reservoir Geology and Exploitation,https://openalex.org/I4210098205,China,,,,State Key Laboratory of Oil and Gas Reservoir Geology and Exploitation,https://openalex.org/I4210098205,China,,,,State Key Laboratory of Oil and Gas Reservoir Geology and Exploitation,https://openalex.org/I4210098205,China,State Key Laboratory of Oil and Gas Reservoir Geology and Exploitation,https://openalex.org/I4210098205,China,State Key Laboratory of Oil and Gas Reservoir Geology and Exploitation,https://openalex.org/I4210098205,China,Southwest Petroleum University,https://openalex.org/I165745306,China,State Key Laboratory of Oil and Gas Reservoir Geology and Exploitation,https://openalex.org/I4210098205,China,State Key Laboratory of Oil and Gas Reservoir Geology and Exploitation,https://openalex.org/I4210098205,China,China Shenhua Energy (China),https://openalex.org/I4210142993,China,State Key Laboratory of Oil and Gas Reservoir Geology and Exploitation,https://openalex.org/I4210098205,China,State Key Laboratory of Oil and Gas Reservoir Geology and Exploitation,https://openalex.org/I4210098205,China,Shengli Oilfield Central Hospital,https://openalex.org/I4210121984,China,,,,,,,,,,,,,,,,,,,,,,,,,,,,,,,,,,,,,,,,,,,,,,,,,,,,,,,,,,,,,,,,,,
Xuehai Pan,A5001682354,2,True,True,False,False,China,,,,Peking University,https://openalex.org/I20231570,China,,,,,,,Zibo Vocational Institute,https://openalex.org/I1305126327,China,,,,,,,,,,,,,,,,,,,,,,,,,Zibo Vocational Institute,https://openalex.org/I1305126327,China,Zibo Vocational Institute,https://openalex.org/I1305126327,China,Zibo Vocational Institute,https://openalex.org/I1305126327,China,,,,,,,,,,,,,,,,,,,,,,,,,,,,,,,,,,,,,,,,,,,,,,,,,,,,,,,,,,,,,,,,,,,,,,,,,,,
Fangqi Zhou,A5002273360,1,True,True,False,False,China,,,,,,,,,,China Aerodynamics Research and Development Center,https://openalex.org/I2802505932,China,China Aerodynamics Research and Development Center,https://openalex.org/I2802505932,China,,,,,,,,,,,,,,,,,,,,,,,,,,,,,,,,,,,,,,,,,,,,,,,,,,,,,,,,,,,,,,,,,,,,,,,,,,,,,,,,,,,,,,,,,,,,,,,,,,,,,,,,,,,,
Xianzu Wang,A5002303194,1,True,True,False,False,China,,,,,,,Nanjing University,https://openalex.org/I881766915,China,,,,,,,,,,,,,,,,,,,,,,,,,,,,,,,,,,,,,,,,,,,,,,,,,,,,,,,,,,,,,,,,,,,,,,,,,,,,,,,,,,,,,,,,,,,,,,,,,,,,,,,,,,,,,,,,,,
Aoxue Mei,A5005251905,2,True,True,False,False,China,Huanghuai University,https://openalex.org/I4210131125,China,Huanghuai University,https://openalex.org/I4210131125,China,,,,,,,,,,,,,,,,Chongqing Medical University,https://openalex.org/I87780372,China,,,,,,,,,,,,,,,,,,,,,,,,,,,,,,,,,,,,,,,,,,,,,,,,,,,,,,,,,,,,,,,,,,,,,,,,,,,,,,,,,,,,,,,,,,,,,,,,,,,
Yukun Zha,A5006037200,1,True,True,False,False,China,,,,Aba Teachers University,https://openalex.org/I4210108633,China,,,,,,,,,,,,,,,,,,,,,,,,,,,,,,,,,,,,,,,,,,,,,,,,,,,,,,,,,,,,,,,,,,,,,,,,,,,,,,,,,,,,,,,,,,,,,,,,,,,,,,,,,,,,,,,,,,,,,
X. Q. Li,A5006875159,3,True,True,False,False,China,,,,Peking University,https://openalex.org/I20231570,China,Hubei University,https://openalex.org/I75900474,China,,,,,,,,,,,,,,,,,,,,,,,,,,,,,,,,,,China Institute of Atomic Energy,https://openalex.org/I4210096139,China,China Institute of Atomic Energy,https://openalex.org/I4210096139,China,China Institute of Atomic Energy,https://openalex.org/I4210096139,China,,,,,,,,,,,,,,,,,,,,,,,,,,,,,,,,,,,,,,,,,,,,,,,,,,,,,,,,,,,,,,,,,,,,,,,,
Tianyu Sun,A5015475948,2,True,True,False,False,China,,,,Kuaishou (China),https://openalex.org/I4401726859,China,Tsinghua University,https://openalex.org/I99065089,China,,,,,,,,,,,,,,,,,,,,,,,,,,,,,,,,,,,,,,,,,,,,,,,,,,,,,,,,,,,,,,,,,,,,,,,,,,,,,,,,,,,,,,,,,,,,,,,,,,,,,,,,,,,,,,,,,,
Kaichao You,A5016284649,1,True,True,False,False,China,,,,,,,Tsinghua University,https://openalex.org/I99065089,China,Tsinghua University,https://openalex.org/I99065089,China,Tsinghua University,https://openalex.org/I99065089,China,Tsinghua University,https://openalex.org/I99065089,China,Tsinghua University,https://openalex.org/I99065089,China,Tsinghua University,https://openalex.org/I99065089,China,,,,,,,,,,,,,,,,,,,,,,,,,,,,,,,,,,,,,,,,,,,,,,,,,,,,,,,,,,,,,,,,,,,,,,,,,,,,,,,,,,,,,,,,,,,,,,,,,,,
S. S. Li,A5016620334,2,True,True,False,False,China,Central South University,https://openalex.org/I139660479,China,Xiangya Hospital Central South University,https://openalex.org/I4210159865,China,,,,,,,,,,,,,,,,,,,,,,,,,,,,,,,,,,,,,,,,,,,,,,,,,,,,,,,,,,,,,,,,,,,,,,,,,,,,,,,,,,,,,,,,,,,,,,,,,,,,,,,,,,,,,,,,,,,,,
Bei Feng,A5016665033,2,True,True,False,False,China,,,,Union Hospital,https://openalex.org/I4210163933,China,,,,,,,,,,,,,,,,,,,,,,,,,Northwest A&F University,https://openalex.org/I89652312,China,,,,,,,,,,,,,,,,,,,,,,,,,,,,,,,,,,,,,,,,,,,,,,,,,,,,,,,,,,,,,,,,,,,,,,,,,,,,,,,,,,,,,,,,,,
Yuting Yan,A5019540330,3,True,True,False,False,China,Institute of Hematology & Blood Diseases Hospital,https://openalex.org/I4210147887,China,Fu Wai Hospital,https://openalex.org/I4210161896,China,,,,,,,,,,Thermal Power Research Institute,https://openalex.org/I4210123254,China,,,,,,,,,,,,,,,,,,,,,,,,,,,,,,,,,,,,,,,,,,,,,,,,,,,,,,,,,,,,,,,,,,,,,,,,,,,,,,,,,,,,,,,,,,,Thermal Power Research Institute,https://openalex.org/I4210123254,China,,,,,,,,,,,,
Jiaqi Ni,A5019579257,2,False,True,False,False,China; The Netherlands,,,,,,,,,,,,,,,,Beijing Institute of Technology,https://openalex.org/I125839683,China,Delft University of Technology,https://openalex.org/I98358874,The Netherlands,,,,,,,,,,,,,,,,,,,,,,,,,,,,,,,,,,,,,,,,,,,,,,,,,,,,,,,,,,,,,,,,,,,,,,,,,,,,,,,,,,,,,,,,,,,,,,,,,,,,,,
Lei Xu,A5020790434,15,False,True,True,False,Brunei; China; United Kingdom; United States,,,,Tsinghua University,https://openalex.org/I99065089,China,Brunei Polytechnic,https://openalex.org/I4210146866,Brunei,Zhejiang University,https://openalex.org/I76130692,China,Lanzhou University,https://openalex.org/I76214153,China,State Key Laboratory of Information Engineering in Surveying Mapping and Remote Sensing,https://openalex.org/I4210118728,China,Geospatial Research (United Kingdom),https://openalex.org/I4210120373,United Kingdom,State Key Laboratory of Information Engineering in Surveying Mapping and Remote Sensing,https://openalex.org/I4210118728,China,State Key Laboratory of Information Engineering in Surveying Mapping and Remote Sensing,https://openalex.org/I4210118728,China,Huazhong University of Science and Technology,https://openalex.org/I47720641,China,Chinese Academy of Agricultural Sciences,https://openalex.org/I4210138501,China,Yunnan Normal University,https://openalex.org/I120825670,China,,,,"University at Buffalo, State University of New York",https://openalex.org/I63190737,United States,"University at Buffalo, State University of New York",https://openalex.org/I63190737,United States,"University at Buffalo, State University of New York",https://openalex.org/I63190737,United States,"University at Buffalo, State University of New York",https://openalex.org/I63190737,United States,Nokia (China),https://openalex.org/I4210099903,China,University of Science and Technology Beijing,https://openalex.org/I92403157,China,Zhejiang University,https://openalex.org/I76130692,China,Luoyang Normal University,https://openalex.org/I4210117164,China,,,,Columbia University,https://openalex.org/I78577930,United States,,,,,,,Anhui Normal University,https://openalex.org/I4472751,China,,,,,,,,,,,,,,,,,,,,,,,,,,,,,,,,,,,,,,,,,,,,,
Wei An,A5021639941,12,False,True,True,False,China; Poland; United States,Chengdu University of Traditional Chinese Medicine,https://openalex.org/I53411278,China,University of South China,https://openalex.org/I91935597,China,Changhai Hospital,https://openalex.org/I4210115928,China,Hunan Provincial People's Hospital,https://openalex.org/I4210147389,China,Cells Therapy (Poland),https://openalex.org/I4210137574,Poland,S.P.E.C.I.E.S.,https://openalex.org/I4210166347,United States,Beijing Obstetrics and Gynecology Hospital,https://openalex.org/I4210163952,China,Changhai Hospital,https://openalex.org/I4210115928,China,Beijing YouAn Hospital,https://openalex.org/I4210147332,China,Changhai Hospital,https://openalex.org/I4210115928,China,Capital Medical University,https://openalex.org/I183519381,China,Capital Medical University,https://openalex.org/I183519381,China,Cells Therapy (Poland),https://openalex.org/I4210137574,Poland,Cells Therapy (Poland),https://openalex.org/I4210137574,Poland,Changhai Hospital,https://openalex.org/I4210115928,China,Changhai Hospital,https://openalex.org/I4210115928,China,Changhai Hospital,https://openalex.org/I4210115928,China,Capital Medical University,https://openalex.org/I183519381,China,Capital Medical University,https://openalex.org/I183519381,China,Capital Medical University,https://openalex.org/I183519381,China,Wuhan University,https://openalex.org/I37461747,China,,,,Capital University,https://openalex.org/I139787848,United States,,,,Capital Medical University,https://openalex.org/I183519381,China,Capital Medical University,https://openalex.org/I183519381,China,,,,Capital Medical University,https://openalex.org/I183519381,China,,,,,,,,,,,,,,,,Dalian Medical University,https://openalex.org/I191996457,China,,,,,,,,,,,,,,,,,,,,,
Han Bao,A5021682810,3,True,True,False,False,China,,,,University of Chinese Academy of Sciences,https://openalex.org/I4210165038,China,University of Chinese Academy of Sciences,https://openalex.org/I4210165038,China,Northwestern Polytechnical University,https://openalex.org/I17145004,China,Northwestern Polytechnical University,https://openalex.org/I17145004,China,Northwestern Polytechnical University,https://openalex.org/I17145004,China,Northwestern Polytechnical University,https://openalex.org/I17145004,China,,,,,,,,,,,,,Shandong University,https://openalex.org/I154099455,China,,,,,,,,,,,,,,,,,,,,,,,,,,,,,,,,,,,,,,,,,,,,,,,,,,,,,,,,,,,,,,,,,,,,,,,,,,,,,,,,,,,,,,,
Zhipeng Xu,A5024958662,3,True,True,False,False,China,Shandong Normal University,https://openalex.org/I28006308,China,Northeastern University,https://openalex.org/I9224756,China,Shanxi Provincial People’s Hospital,https://openalex.org/I4210160763,China,,,,,,,Shanxi Provincial People’s Hospital,https://openalex.org/I4210160763,China,,,,Shanxi Provincial People’s Hospital,https://openalex.org/I4210160763,China,,,,,,,,,,,,,,,,,,,,,,,,,,,,,,,,,,,,,,,,,,,,,,,,,,,,,,,,,,,,,,,,,,,,,,,,,,,,,,,,,,,,,,,,,,,,,,,,,,,
Miaojun Wang,A5026325208,5,False,True,True,False,China; United States,,,,Zhejiang University of Finance and Economics,https://openalex.org/I90727586,China,Zhejiang University,https://openalex.org/I76130692,China,Zhejiang University,https://openalex.org/I76130692,China,Applied Materials (United States),https://openalex.org/I193427800,United States,,,,,,,,,,,,,Cancer Hospital of Shantou University Medical College,https://openalex.org/I4210091098,China,Cancer Hospital of Shantou University Medical College,https://openalex.org/I4210091098,China,Zhejiang University of Finance and Economics,https://openalex.org/I90727586,China,,,,,,,,,,,,,Cancer Hospital of Shantou University Medical College,https://openalex.org/I4210091098,China,,,,,,,,,,,,,"University of California, Davis",https://openalex.org/I84218800,United States,"University of California, Davis",https://openalex.org/I84218800,United States,,,,,,,,,,,,,,,,,,,,,,,,,,,,,,,,,,,,,,,,,,,,,,,,,,,,,,
Yuchen Zhu,A5033494277,3,True,True,False,False,China,Zhejiang University of Technology,https://openalex.org/I55712492,China,Zhejiang University of Technology,https://openalex.org/I55712492,China,University of Chinese Academy of Sciences,https://openalex.org/I4210165038,China,University of Chinese Academy of Sciences,https://openalex.org/I4210165038,China,University of Chinese Academy of Sciences,https://openalex.org/I4210165038,China,,,,,,,Institute of Computing Technology,https://openalex.org/I4210090176,China,,,,,,,,,,,,,,,,,,,,,,,,,,,,,,,,,,,,,,,,,,,,,,,,,,,,,,,,,,,,,,,,,,,,,,,,,,,,,,,,,,,,,,,,,,,,,,,,,,,
Haocheng Wang,A5034335736,4,True,True,False,False,China,,,,Shenyang Jianzhu University,https://openalex.org/I83714178,China,China Medical University,https://openalex.org/I91656880,China,China Medical University,https://openalex.org/I91656880,China,Guangzhou Medical University,https://openalex.org/I92039509,China,Affiliated Hospital of Qingdao University,https://openalex.org/I4210116869,China,Affiliated Hospital of Qingdao University,https://openalex.org/I4210116869,China,Affiliated Hospital of Qingdao University,https://openalex.org/I4210116869,China,,,,,,,,,,,,,,,,,,,,,,,,,,,,,,,,,,,,,,,,,,,,,,,,,,,,,,,,,,,,,,,,,,,,,,,,,,,,,,,,,,,,,,,,,,,,,,,,,,,
Xiaosha Chen,A5036491343,3,True,True,False,False,China,Taiyuan University of Technology,https://openalex.org/I9086337,China,Taiyuan University of Technology,https://openalex.org/I9086337,China,Taiyuan University of Technology,https://openalex.org/I9086337,China,Taiyuan University of Technology,https://openalex.org/I9086337,China,,,,University of Electronic Science and Technology of China,https://openalex.org/I150229711,China,Shenzhen Institutes of Advanced Technology,https://openalex.org/I4210145761,China,University of Electronic Science and Technology of China,https://openalex.org/I150229711,China,University of Electronic Science and Technology of China,https://openalex.org/I150229711,China,,,,,,,,,,,,,,,,,,,,,,,,,,,,,,,,,,,,,,,,,,,,,,,,,,,,,,,,,,,,,,,,,,,,,,,,,,,,,,,,,,,,,,,,,,,,,,,,
Ruyi Chen,A5036645286,2,True,True,False,False,China,,,,Zhongnan Hospital of Wuhan University,https://openalex.org/I4210120234,China,,,,,,,,,,,,,Zhejiang Chinese Medical University,https://openalex.org/I114539943,China,,,,,,,,,,,,,,,,,,,,,,,,,,,,,,,,,,,,,,,,,,,,,,,,,,,,,,,,,,,,,,,,,,,,,,,,,,,,,,,,,,,,,,,,,,,,,,,,,,,,,,
Jingxiang Sun,A5040066835,1,True,True,False,False,China,,,,,,,,,,,,,Tsinghua University,https://openalex.org/I99065089,China,,,,,,,,,,,,,,,,,,,,,,,,,,,,,,,,,,,,,,,,,,,,,,,,,,,,,,,,,,,,,,,,,,,,,,,,,,,,,,,,,,,,,,,,,,,,,,,,,,,,,,,,,,,,
Dongjie Ji,A5043755032,2,True,True,False,False,China,Beihang University,https://openalex.org/I82880672,China,,,,,,,,,,,,,,,,,,,,,,,,,,,,,,,,,,,,,,,,,,,,,,,,,Wuhan University,https://openalex.org/I37461747,China,,,,,,,,,,,,,,,,,,,,,,,,,,,,,,,,,,,,,,,,,,,,,,,,,,,,,,,,,,,,,,,,,,,,,
T. Wang,A5046543349,15,False,True,True,False,China; United States,China Medical University,https://openalex.org/I91656880,China,Southwest Jiaotong University,https://openalex.org/I4800084,China,Shenzhen University Health Science Center,https://openalex.org/I4210145292,China,Beijing University of Chemical Technology,https://openalex.org/I75390827,China,First Affiliated Hospital of Harbin Medical University,https://openalex.org/I4210156501,China,Shenzhen University Health Science Center,https://openalex.org/I4210145292,China,Tsinghua University,https://openalex.org/I99065089,China,Shenzhen University Health Science Center,https://openalex.org/I4210145292,China,Shenzhen Technology University,https://openalex.org/I4210152380,China,Tsinghua University,https://openalex.org/I99065089,China,Shenzhen University Health Science Center,https://openalex.org/I4210145292,China,Shenzhen University Health Science Center,https://openalex.org/I4210145292,China,Ames National Laboratory,https://openalex.org/I2802789608,United States,Shenzhen University Health Science Center,https://openalex.org/I4210145292,China,Shenzhen University Health Science Center,https://openalex.org/I4210145292,China,Northeastern University,https://openalex.org/I9224756,China,First Hospital of Jilin University,https://openalex.org/I4210125137,China,Tsinghua University,https://openalex.org/I99065089,China,Sichuan University,https://openalex.org/I24185976,China,Tsinghua University,https://openalex.org/I99065089,China,Tsinghua University,https://openalex.org/I99065089,China,Public Health Dayton & Montgomery County,https://openalex.org/I4210116866,United States,University of Chicago,https://openalex.org/I40347166,United States,University of Chicago,https://openalex.org/I40347166,United States,,,,Sichuan University,https://openalex.org/I24185976,China,,,,,,,Union University,https://openalex.org/I155673605,United States,,,,,,,,,,,,,Institute of Fluid Physics,https://openalex.org/I4387152340,China,,,,,,,,,,,,,,,,,,,,,
Ning Tian,A5053537379,2,False,True,False,False,Bulgaria; China,Xi'an University of Architecture and Technology,https://openalex.org/I148099405,China,Xi'an University of Architecture and Technology,https://openalex.org/I148099405,China,"University of Architecture, Civil Engineering and Geodesy",https://openalex.org/I206451062,Bulgaria,Xi'an University of Architecture and Technology,https://openalex.org/I148099405,China,Xi'an University of Architecture and Technology,https://openalex.org/I148099405,China,,,,,,,,,,,,,,,,,,,,,,,,,,,,,,,,,,,,,,,,,,,,,,,,,,,,,,,,,,,,,,,,,,,,,,,,,,,,,,,,,,,,,,,,,,,,,,,,,,,,,,,,,,,,
Tongzheng Ren,A5055015446,3,False,True,True,False,China; United States,,,,The University of Texas at Austin,https://openalex.org/I86519309,United States,,,,The University of Texas at Austin,https://openalex.org/I86519309,United States,Google (United States),https://openalex.org/I1291425158,United States,The University of Texas at Austin,https://openalex.org/I86519309,United States,The University of Texas at Austin,https://openalex.org/I86519309,United States,Tsinghua University,https://openalex.org/I99065089,China,Tsinghua University,https://openalex.org/I99065089,China,,,,,,,,,,,,,,,,,,,,,,,,,,,,,,,,,,,,,,,,,,,,,,,,,,,,,,,,,,,,,,,,,,,,,,,,,,,,,,,,,,,,,,,,,,,,,,,,
Jiping Yu,A5055665761,2,True,True,False,False,China,Tsinghua University,https://openalex.org/I99065089,China,Tsinghua University,https://openalex.org/I99065089,China,Wuhan University of Technology,https://openalex.org/I196699116,China,,,,,,,Tsinghua University,https://openalex.org/I99065089,China,,,,Tsinghua University,https://openalex.org/I99065089,China,Tsinghua University,https://openalex.org/I99065089,China,,,,,,,,,,,,,,,,,,,,,,,,,,,,,,,,,,,,,,,,,,,,,,,,,,,,,,,,,,,,,,,,,,,,,,,,,,,,,,,,,,,,,,,,,,,,,,,,
Xinxia Shan,A5059343948,2,True,True,False,False,China,,,,Lanzhou University,https://openalex.org/I76214153,China,Lanzhou University,https://openalex.org/I76214153,China,University of Science and Technology of China,https://openalex.org/I126520041,China,University of Science and Technology of China,https://openalex.org/I126520041,China,University of Science and Technology of China,https://openalex.org/I126520041,China,,,,University of Science and Technology of China,https://openalex.org/I126520041,China,University of Science and Technology of China,https://openalex.org/I126520041,China,,,,,,,,,,,,,,,,,,,,,,,,,,,,,,,,,,,,,,,,,,,,,,,,,,,,,,,,,,,,,,,,,,,,,,,,,,,,,,,,,,,,,,,,,,,,,,,,
Ying Tang,A5068378063,12,False,True,True,False,China; United States,,,,Lanzhou University,https://openalex.org/I76214153,China,Xi'an Jiaotong University,https://openalex.org/I87445476,China,Xi'an Shiyou University,https://openalex.org/I181903023,China,Xi'an Shiyou University,https://openalex.org/I181903023,China,China National Petroleum Corporation (China),https://openalex.org/I98227222,China,China National Petroleum Corporation (China),https://openalex.org/I98227222,China,China National Petroleum Corporation (China),https://openalex.org/I98227222,China,University of Chinese Academy of Sciences,https://openalex.org/I4210165038,China,China XD Group (China),https://openalex.org/I4210141776,China,Xi'an Shiyou University,https://openalex.org/I181903023,China,Xi'an Shiyou University,https://openalex.org/I181903023,China,Xi'an Jiaotong University,https://openalex.org/I87445476,China,South China Institute Of Environmental Sciences,https://openalex.org/I4210130999,China,South China Institute Of Environmental Sciences,https://openalex.org/I4210130999,China,Ningxia Water Conservancy,https://openalex.org/I4210132981,China,Yancheng Teachers University,https://openalex.org/I4210141689,China,Changzhou Vocational Institute of Textile and Garment,https://openalex.org/I4210093412,China,"University at Buffalo, State University of New York",https://openalex.org/I63190737,United States,"University at Buffalo, State University of New York",https://openalex.org/I63190737,United States,Shaanxi Normal University,https://openalex.org/I88830068,China,,,,"University at Buffalo, State University of New York",https://openalex.org/I63190737,United States,"University at Buffalo, State University of New York",https://openalex.org/I63190737,United States,Shaanxi Normal University,https://openalex.org/I88830068,China,,,,,,,,,,,,,,,,,,,,,,,,,,,,,,,,,,,,,,,,,,,,,,,,
Y. X. Zhu,A5068383472,3,True,True,False,False,China,,,,Nanjing University,https://openalex.org/I881766915,China,Nanjing University of Aeronautics and Astronautics,https://openalex.org/I9842412,China,,,,,,,,,,,,,,,,Xiamen University,https://openalex.org/I191208505,China,,,,,,,Xiamen University,https://openalex.org/I191208505,China,,,,,,,,,,,,,,,,,,,,,,,,,,,,,,,,,,,,,Xiamen University,https://openalex.org/I191208505,China,,,,,,,,,,,,,,,,,,,,,,,,,,,,,,,,,,,,,,,,,,,,,,,,
Size Zheng,a5072186367,3,True,True,False,False,China,Tsinghua University,https://openalex.org/I99065089,China,Tsinghua University,https://openalex.org/I99065089,China,Beijing Information Science & Technology University,https://openalex.org/I78675632,China,Peking University,https://openalex.org/I20231570,China,Peking University,https://openalex.org/I20231570,China,Peking University,https://openalex.org/I20231570,China,Peking University,https://openalex.org/I20231570,China,Peking University,https://openalex.org/I20231570,China,,,,,,,,,,,,,,,,,,,,,,,,,,,,,,,,,,,,,,,,,,,,,,,,,,,,,,,,,,,,,,,,,,,,,,,,,,,,,,,,,,,,,,,,,,,,,,,,,,,
Liangsheng Yin,A5074614946,1,True,True,False,False,China,,,,,,,,,,,,,,,,,,,,,,Hangzhou Red Cross Hospital,https://openalex.org/I4210149251,China,,,,,,,Hangzhou Red Cross Hospital,https://openalex.org/I4210149251,China,,,,,,,,,,,,,,,,,,,,,,,,,,,,,,,,,,,,,,,,,,,,,,,,,,,,,,,,,,,,,,,,,,,,,,,,,,,,,,,,,,,,,,,,,,
J. L. Cai,A5075973287,11,False,True,False,False,China; Germany,Changzhou University,https://openalex.org/I4210153482,China,Guangzhou Medical University,https://openalex.org/I92039509,China,University Hospital Cologne,https://openalex.org/I4210153755,Germany,Nanjing University,https://openalex.org/I881766915,China,The Synergetic Innovation Center for Advanced Materials,https://openalex.org/I4210159340,China,Southeast University,https://openalex.org/I76569877,China,Rongsheng Petrochemical (China),https://openalex.org/I4210143904,China,Zhongshan Hospital of Xiamen University,https://openalex.org/I4210124907,China,Chongqing University of Technology,https://openalex.org/I50632499,China,Zhongshan Hospital of Xiamen University,https://openalex.org/I4210124907,China,Rongsheng Petrochemical (China),https://openalex.org/I4210143904,China,Zhongshan Hospital of Xiamen University,https://openalex.org/I4210124907,China,174th hospital of the People's Liberation Army,https://openalex.org/I4210107987,China,Xiamen University,https://openalex.org/I191208505,China,Xiamen University,https://openalex.org/I191208505,China,Chongqing University of Technology,https://openalex.org/I50632499,China,Chongqing University of Technology,https://openalex.org/I50632499,China,Chongqing University of Technology,https://openalex.org/I50632499,China,Chongqing University of Technology,https://openalex.org/I50632499,China,Chongqing University of Technology,https://openalex.org/I50632499,China,,,,Chongqing University of Technology,https://openalex.org/I50632499,China,,,,,,,,,,,,,,,,,,,,,,,,,,,,,,,,,,,,,,,,,,,,,,,,,,,,,,,,,
Yaohui Li,A5082760644,3,True,True,False,False,China,Beijing University of Technology,https://openalex.org/I37796252,China,University of Science and Technology Beijing,https://openalex.org/I92403157,China,Shaanxi University of Science and Technology,https://openalex.org/I51622183,China,,,,,,,,,,,,,,,,,,,,,,,,,,,,,,,,,,,,,,,,,,,,,,,,,,,,,,,,,,,,,,,,,,,,,,,,,,,,,,,,,,,,,,,,,,,,,,,,,,,,,,,,,,,,,,,,,,
Jinhao Tu,A5089007420,8,False,True,True,False,China; United States,Northeast Forestry University,https://openalex.org/I47689461,China,Ningbo First Hospital,https://openalex.org/I4210166261,China,First Affiliated Hospital of Wenzhou Medical University,https://openalex.org/I2801769982,China,Huazhong Agricultural University,https://openalex.org/I204823248,China,State Key Laboratory of Agricultural Microbiology,https://openalex.org/I4391768000,China,Huazhong Agricultural University,https://openalex.org/I204823248,China,Huazhong Agricultural University,https://openalex.org/I204823248,China,The University of Texas Health Science Center at Houston,https://openalex.org/I919571938,United States,Chinese Academy of Fishery Sciences,https://openalex.org/I46529539,China,The University of Texas Health Science Center at Houston,https://openalex.org/I919571938,United States,The University of Texas Health Science Center at Houston,https://openalex.org/I919571938,United States,,,,The University of Texas Health Science Center at Houston,https://openalex.org/I919571938,United States,,,,Zhejiang University,https://openalex.org/I76130692,China,Huazhong Agricultural University,https://openalex.org/I204823248,China,State Key Laboratory of Agricultural Microbiology,https://openalex.org/I4391768000,China,Huazhong Agricultural University,https://openalex.org/I204823248,China,,,,,,,,,,,,,Huazhong Agricultural University,https://openalex.org/I204823248,China,,,,,,,,,,,,,,,,,,,,,,,,,,,,,,,,,,,,,,,,,,,,,,,,,,,,,,
Xinnan Song,A5090535931,3,True,True,False,False,China,,,,181st Hospital of Chinese People's Liberation Army,https://openalex.org/I4210133939,China,,,,,,,,,,,,,Tianjin University,https://openalex.org/I162868743,China,,,,,,,,,,,,,,,,,,,,,,,,,,,,,,,,,,,,,,,,Shanghai Jian Qiao University,https://openalex.org/I4210154361,China,,,,,,,,,,,,,,,,,,,,,,,,,,,,,,,,,,,,,,,,,,,,,,,,,,,,,,,,,,,,
B. Zhang,A5100335386,15,False,True,True,False,China; Sweden; United States,,,,Shanghai Electric (China),https://openalex.org/I4210126065,China,Zhejiang University,https://openalex.org/I76130692,China,Alibaba Group (China),https://openalex.org/I45928872,China,National University of Defense Technology,https://openalex.org/I170215575,China,Innovation Academy for Microsatellites of Chinese Academy of Sciences,https://openalex.org/I4387154354,China,Innovation Academy for Microsatellites of Chinese Academy of Sciences,https://openalex.org/I4387154354,China,NARI Group (China),https://openalex.org/I4210118629,China,People’s Hospital of Rizhao,https://openalex.org/I4210097707,China,,,,,,,Chongqing University,https://openalex.org/I158842170,China,,,,,,,William & Mary,https://openalex.org/I16285277,United States,Engineering Systems (United States),https://openalex.org/I4210116219,United States,Jiangsu University,https://openalex.org/I115592961,China,Engineering Systems (United States),https://openalex.org/I4210116219,United States,Engineering Systems (United States),https://openalex.org/I4210116219,United States,Huazhong University of Science and Technology,https://openalex.org/I47720641,China,University of Southern California,https://openalex.org/I1174212,United States,,,,KTH Royal Institute of Technology,https://openalex.org/I86987016,Sweden,KTH Royal Institute of Technology,https://openalex.org/I86987016,Sweden,University of Science and Technology of China,https://openalex.org/I126520041,China,University of Science and Technology of China,https://openalex.org/I126520041,China,,,,,,,,,,,,,,,,,,,,,,,,,,,,,,,,,,,,,,,,,,,,,
Mingming Li,A5100338776,9,True,True,False,False,China,Ningxia Medical University,https://openalex.org/I4210127460,China,Beijing University of Chemical Technology,https://openalex.org/I75390827,China,University of Chinese Academy of Sciences,https://openalex.org/I4210165038,China,Ningxia Medical University General Hospital,https://openalex.org/I4210139449,China,University of Chinese Academy of Sciences,https://openalex.org/I4210165038,China,,,,,,,"China University of Petroleum, Beijing",https://openalex.org/I204553293,China,Northeast Petroleum University,https://openalex.org/I921716337,China,,,,,,,Zhejiang University,https://openalex.org/I76130692,China,Tsinghua University,https://openalex.org/I99065089,China,Ocean University of China,https://openalex.org/I59028903,China,,,,,,,,,,,,,,,,,,,,,,,,,,,,,,,,,,,,,,,,,,,,,,,,,,,,,,,,,,,,,,,,,,,,,,,,,,,,,,,,,
Yi Zheng,A5100342733,9,False,True,False,False,China; France; Hong Kong,,,,University of Hong Kong,https://openalex.org/I889458895,Hong Kong,"SINOPEC Research Institute of Safety Engineering Co., Ltd.",https://openalex.org/I4392738069,China,Chinese Academy of Engineering,https://openalex.org/I40246663,China,Southeast University,https://openalex.org/I76569877,China,Southeast University,https://openalex.org/I76569877,China,,,,University of Hong Kong,https://openalex.org/I889458895,Hong Kong,,,,"Institut de Microélectronique, Electromagnétisme et Photonique",https://openalex.org/I4210139715,France,,,,,,,,,,China Institute of Atomic Energy,https://openalex.org/I4210096139,China,Zhejiang Normal University,https://openalex.org/I135237710,China,Zhejiang Normal University,https://openalex.org/I135237710,China,,,,MSCI (China),https://openalex.org/I4210142228,China,Beihang University,https://openalex.org/I82880672,China,,,,,,,,,,,,,,,,,,,,,,,,,,,,,,,,,,,,,,,,,,,,,,,,,,,,,,,,,,,,,,,,,,
Peng Zhang,A5100364050,12,False,True,False,False,Australia; China; Hong Kong; Taiwan,,,,Huazhong University of Science and Technology,https://openalex.org/I47720641,China,Northeastern University,https://openalex.org/I9224756,China,Shandong University of Science and Technology,https://openalex.org/I80143920,China,Jinzhou Medical University,https://openalex.org/I85430964,China,Beihang University,https://openalex.org/I82880672,China,Beihang University,https://openalex.org/I82880672,China,Beijing Computational Science Research Center,https://openalex.org/I4210139958,China,Beijing Computational Science Research Center,https://openalex.org/I4210139958,China,Beijing Computational Science Research Center,https://openalex.org/I4210139958,China,Beijing Computational Science Research Center,https://openalex.org/I4210139958,China,Institute of Theoretical Physics,https://openalex.org/I4210125404,China,Institute of Theoretical Physics,https://openalex.org/I4210125404,China,Institute of Theoretical Physics,https://openalex.org/I4210125404,China,Institute of Theoretical Physics,https://openalex.org/I4210125404,China,University of Wollongong,https://openalex.org/I204824540,Australia,Lanzhou Jiaotong University,https://openalex.org/I3133134087,China,Beijing University of Technology,https://openalex.org/I37796252,China,Lanzhou Jiaotong University,https://openalex.org/I3133134087,China,Lanzhou Jiaotong University,https://openalex.org/I3133134087,China,Institute of Theoretical Physics,https://openalex.org/I4210125404,China,University of Hong Kong,https://openalex.org/I889458895,Hong Kong,Institute of Theoretical Physics,https://openalex.org/I4210125404,China,Academia Sinica,https://openalex.org/I84653119,Taiwan,Academia Sinica,https://openalex.org/I84653119,Taiwan,,,,,,,,,,,,,,,,,,,,,,,,,,,,,,,,,,,,,,,,,,,,,,,,
Chenyu Zhang,A5100377485,6,True,True,False,False,China,Beijing Sport University,https://openalex.org/I87710204,China,Beijing Sport University,https://openalex.org/I87710204,China,Xi'an Shiyou University,https://openalex.org/I181903023,China,Southeast University,https://openalex.org/I76569877,China,,,,Shanghai Electric (China),https://openalex.org/I4210126065,China,Dalian Maritime University,https://openalex.org/I43313876,China,,,,,,,,,,Shanghai Electric (China),https://openalex.org/I4210126065,China,,,,Nanjing University of Science and Technology,https://openalex.org/I36399199,China,,,,,,,,,,,,,,,,,,,,,,,,,,,,,,,,,,,,,,,,,,,,,,,,,,,,,,,,,,,,,,,,,,,,,,,,,,,,,,,,,,,,
Zihan Wang,a5100380111,4,True,True,False,False,China,Chang'an University,https://openalex.org/I25355098,China,Tsinghua University,https://openalex.org/I99065089,China,Tsinghua University,https://openalex.org/I99065089,China,Tsinghua University,https://openalex.org/I99065089,China,Tsinghua University,https://openalex.org/I99065089,China,Tsinghua University,https://openalex.org/I99065089,China,Tsinghua University,https://openalex.org/I99065089,China,University of Chinese Academy of Sciences,https://openalex.org/I4210165038,China,University of Chinese Academy of Sciences,https://openalex.org/I4210165038,China,Tsinghua University,https://openalex.org/I99065089,China,Tsinghua University,https://openalex.org/I99065089,China,,,,,,,Xiangtan University,https://openalex.org/I4610292,China,,,,,,,,,,,,,,,,,,,,,,,,,,,,,,,,,,,,,,,,,,,,,,,,,,,,,,,,,,,,,,,,,,,,,,,,,,,,,,,,,
Hui Li,A5100637295,8,False,True,True,False,Brazil; China; United States,,,,University of Chinese Academy of Sciences,https://openalex.org/I4210165038,China,State Key Laboratory of Space Weather,https://openalex.org/I4391768066,China,State Key Laboratory of Space Weather,https://openalex.org/I4391768066,China,State Key Laboratory of Space Weather,https://openalex.org/I4391768066,China,University of Chinese Academy of Sciences,https://openalex.org/I4210165038,China,State Key Laboratory of Space Weather,https://openalex.org/I4391768066,China,Instituto Nacional de Pesquisas Espaciais,https://openalex.org/I80849659,Brazil,University of Chinese Academy of Sciences,https://openalex.org/I4210165038,China,National Space Science Center,https://openalex.org/I4210115570,China,National Space Science Center,https://openalex.org/I4210115570,China,National Space Science Center,https://openalex.org/I4210115570,China,National Space Science Center,https://openalex.org/I4210115570,China,University of Houston,https://openalex.org/I44461941,United States,University of Chinese Academy of Sciences,https://openalex.org/I4210165038,China,Hebei Normal University,https://openalex.org/I94611258,China,National Space Science Center,https://openalex.org/I4210115570,China,National Space Science Center,https://openalex.org/I4210115570,China,National Space Science Center,https://openalex.org/I4210115570,China,National Space Science Center,https://openalex.org/I4210115570,China,,,,Chinese Academy of Sciences,https://openalex.org/I19820366,China,,,,Chengdu Organic Chemicals (China),https://openalex.org/I4210106541,China,,,,Chengdu Organic Chemicals (China),https://openalex.org/I4210106541,China,,,,,,,,,,,,,,,,,,,,,,,,,,,,,,,,,,,,,,,,,,,,,
Xiaoxiang Wang,A5100679200,7,False,True,True,False,China; Japan; United States,,,,Shanghai Construction Group (China),https://openalex.org/I4210153035,China,Zhejiang University,https://openalex.org/I76130692,China,Zhejiang University,https://openalex.org/I76130692,China,Zhejiang University,https://openalex.org/I76130692,China,Zhejiang University,https://openalex.org/I76130692,China,Zhejiang University,https://openalex.org/I76130692,China,Zhejiang University,https://openalex.org/I76130692,China,Nanjing University,https://openalex.org/I881766915,China,Columbia University,https://openalex.org/I78577930,United States,Zhejiang University,https://openalex.org/I76130692,China,Zhejiang University,https://openalex.org/I76130692,China,,,,Zhejiang University,https://openalex.org/I76130692,China,Shougang Institute of Technology,https://openalex.org/I4210127624,China,Zhejiang University,https://openalex.org/I76130692,China,Zhejiang University,https://openalex.org/I76130692,China,China National Petroleum Corporation (China),https://openalex.org/I98227222,China,Zhejiang University,https://openalex.org/I76130692,China,Zhejiang University,https://openalex.org/I76130692,China,,,,Zhejiang University,https://openalex.org/I76130692,China,,,,,,,,,,,,,,,,Okayama University,https://openalex.org/I163770644,Japan,,,,,,,,,,,,,,,,,,,,,,,,,,,,,,,,,,,,,,,
Jin Chen,A5100689175,18,False,True,True,False,China; United States,Zhejiang University,https://openalex.org/I76130692,China,Huizhou University,https://openalex.org/I93477617,China,Hainan Medical University,https://openalex.org/I79731167,China,Guangzhou Medical University,https://openalex.org/I92039509,China,South China University of Technology,https://openalex.org/I90610280,China,Jinzhou Medical University,https://openalex.org/I85430964,China,Nanjing Medical University,https://openalex.org/I83519826,China,Hangzhou Dianzi University,https://openalex.org/I50760025,China,Chongqing Medical University,https://openalex.org/I87780372,China,Chongqing Medical University,https://openalex.org/I87780372,China,Fu Wai Hospital,https://openalex.org/I4210161896,China,Chongqing Medical University,https://openalex.org/I87780372,China,Chongqing Medical University,https://openalex.org/I87780372,China,University of Missouri,https://openalex.org/I76835614,United States,Zhongda Hospital Southeast University,https://openalex.org/I4210105806,China,Huashan Hospital,https://openalex.org/I4210159575,China,Zhejiang University,https://openalex.org/I76130692,China,Shandong University of Science and Technology,https://openalex.org/I80143920,China,Fuzhou General Hospital of Nanjing Military Command,https://openalex.org/I4210120223,China,Daping Hospital,https://openalex.org/I4210092099,China,,,,,,,,,,Air Force Medical University,https://openalex.org/I9916479,China,,,,,,,Shanghai Jiao Tong University,https://openalex.org/I183067930,China,,,,,,,,,,,,,,,,,,,,,,,,,,,,,,,,,,,,,,,,,,
Shuang Zhou,A5101508494,3,True,True,False,False,China,,,,Second Affiliated Hospital of Fujian Medical University,https://openalex.org/I4210134617,China,,,,,,,,,,,,,,,,Nanjing University of Posts and Telecommunications,https://openalex.org/I41198531,China,Southeast University,https://openalex.org/I76569877,China,Southeast University,https://openalex.org/I76569877,China,,,,Southeast University,https://openalex.org/I76569877,China,,,,,,,,,,,,,,,,,,,,,,,,,,,,,,,,,,,,,,,,,,,,,,,,,,,,,,,,,,,,,,,,,,,,,,,,,,,,,,,,,,,,,,,
Wenjie Hu,A5101521918,12,False,True,True,False,China; Tunisia; United Kingdom; United States,,,,University of Pennsylvania,https://openalex.org/I79576946,United States,Hunan Agricultural University,https://openalex.org/I52180223,China,Hubei University,https://openalex.org/I75900474,China,Chinese Academy of Science and Technology for Development,https://openalex.org/I4210149693,China,Stomatology Hospital,https://openalex.org/I4210132950,China,Stomatology Hospital,https://openalex.org/I4210132950,China,Stanford University,https://openalex.org/I97018004,United States,Zhejiang University,https://openalex.org/I76130692,China,Stomatology Hospital,https://openalex.org/I4210132950,China,Northwest A&F University,https://openalex.org/I89652312,China,Stomatology Hospital,https://openalex.org/I4210132950,China,,,,University of Sousse,https://openalex.org/I8636806,Tunisia,Stomatology Hospital,https://openalex.org/I4210132950,China,,,,Fudan University Shanghai Cancer Center,https://openalex.org/I4210093194,China,Peking University,https://openalex.org/I20231570,China,Yahoo (United Kingdom),https://openalex.org/I1325784139,United Kingdom,,,,,,,,,,,,,,,,Peking University,https://openalex.org/I20231570,China,,,,,,,,,,,,,,,,,,,,,,,,,,,,,,,,,,,,,,,,,,,,,,,,
Shaoqing Wu,A5101533376,5,False,True,True,False,China; Taiwan; United States,,,,Guangzhou Medical University,https://openalex.org/I92039509,China,Guangzhou Medical University,https://openalex.org/I92039509,China,Guangzhou Medical University,https://openalex.org/I92039509,China,Guangzhou Medical University,https://openalex.org/I92039509,China,,,,Guangzhou Medical University,https://openalex.org/I92039509,China,Guangzhou Medical University,https://openalex.org/I92039509,China,Guangzhou Medical University,https://openalex.org/I92039509,China,New York University,https://openalex.org/I57206974,United States,Guangzhou Medical University,https://openalex.org/I92039509,China,Guangzhou Medical University,https://openalex.org/I92039509,China,Guangzhou Medical University,https://openalex.org/I92039509,China,,,,,,,Jining First People's Hospital,https://openalex.org/I4210136826,China,,,,,,,,,,,,,Guangzhou Medical University,https://openalex.org/I92039509,China,,,,Guangdong Province Women and Children Hospital,https://openalex.org/I4210143875,China,,,,,,,,,,,,,,,,,,,Tzu Chi Foundation,https://openalex.org/I2800374468,Taiwan,,,,,,,,,,,,,,,,,,,,,,,,,,,,,,,,,
Zhen Huang,A5101653729,9,True,True,False,False,China,,,,Zhejiang University,https://openalex.org/I76130692,China,Jiangxi University of Science and Technology,https://openalex.org/I4510145,China,Jiangxi University of Science and Technology,https://openalex.org/I4510145,China,Jiangxi University of Science and Technology,https://openalex.org/I4510145,China,Tsinghua University,https://openalex.org/I99065089,China,Nanjing University,https://openalex.org/I881766915,China,Nanjing University,https://openalex.org/I881766915,China,Nanjing University,https://openalex.org/I881766915,China,Nanjing University,https://openalex.org/I881766915,China,China University of Mining and Technology,https://openalex.org/I25757504,China,China University of Mining and Technology,https://openalex.org/I25757504,China,Gannan Medical University,https://openalex.org/I4210113195,China,China University of Mining and Technology,https://openalex.org/I25757504,China,Nanjing University,https://openalex.org/I881766915,China,Southeast University,https://openalex.org/I76569877,China,Central South University,https://openalex.org/I139660479,China,,,,,,,,,,Shanghai University of Engineering Science,https://openalex.org/I141962983,China,,,,,,,,,,,,,,,,,,,,,,,,,,,,,,,,,,,,,,,,,,,,,,,,,,,,,,,,,,,,
Yanping Huang,A5101749154,7,False,True,False,False,China; Poland,,,,Institute of High Pressure Physics,https://openalex.org/I4210091332,Poland,Institute of High Pressure Physics,https://openalex.org/I4210091332,Poland,Chengdu University,https://openalex.org/I4210125143,China,Sichuan University,https://openalex.org/I24185976,China,Nanjing Forestry University,https://openalex.org/I167027274,China,China Leather and Footwear Industry Research Institute,https://openalex.org/I4210144678,China,Sichuan University,https://openalex.org/I24185976,China,Hunan University,https://openalex.org/I16609230,China,,,,,,,,,,,,,,,,,,,,,,,,,,,,,,,,,,,,,,,,,,,,,,,,,,,,,,,East China Normal University,https://openalex.org/I66867065,China,,,,,,,,,,,,,,,,,,,,,,,,,,,,,,,,,,,,,,,
Meng Li,A5101815738,13,False,True,True,False,China; United States,Hebei Medical University,https://openalex.org/I111381250,China,Chongqing Medical University,https://openalex.org/I87780372,China,Huazhong University of Science and Technology,https://openalex.org/I47720641,China,Yangzhou University,https://openalex.org/I78978612,China,Chongqing Medical University,https://openalex.org/I87780372,China,Southwest Florida Research,https://openalex.org/I4210126525,United States,Henan Institute of Science and Technology,https://openalex.org/I4210163247,China,First Affiliated Hospital of Hebei Medical University,https://openalex.org/I4210157729,China,Shanghai Jiao Tong University,https://openalex.org/I183067930,China,Shandong Academy of Agricultural Sciences,https://openalex.org/I4210106325,China,New York University,https://openalex.org/I57206974,United States,Henan Institute of Science and Technology,https://openalex.org/I4210163247,China,Henan University of Technology,https://openalex.org/I36152291,China,Henan Institute of Science and Technology,https://openalex.org/I4210163247,China,Henan Institute of Science and Technology,https://openalex.org/I4210163247,China,Henan Institute of Science and Technology,https://openalex.org/I4210163247,China,,,,Heilongjiang Academy of Forestry,https://openalex.org/I4210115771,China,Hebei Agricultural University,https://openalex.org/I108160477,China,Henan Institute of Science and Technology,https://openalex.org/I4210163247,China,,,,,,,,,,,,,,,,,,,,,,,,,,,,,,,,,,,,,,,,,,,,,,,,,,,,,,,,,,,,,,,
Yilong Zhao,a5101870121,4,False,True,True,False,China; United States,,,,Shanghai Jiao Tong University,https://openalex.org/I183067930,China,Fudan University,https://openalex.org/I24943067,China,Fudan University,https://openalex.org/I24943067,China,Fudan University,https://openalex.org/I24943067,China,ShangHai JiAi Genetics & IVF Institute,https://openalex.org/I4210122302,China,Fudan University,https://openalex.org/I24943067,China,Fudan University,https://openalex.org/I24943067,China,,,,,,,,,,,,,,,,Michigan Technological University,https://openalex.org/I11957088,United States,,,,,,,,,,,,,,,,,,,,,,,,,,,,,,,,,,,,,,,,,,,,,,,,,,,,,,,,,,,,,,,,,,,,,,,,,,,,,,,,,
Hao Yang,a5101895792,3,True,True,False,False,China,,,,China Southern Power Grid (China),https://openalex.org/I74872605,China,Communication University of China,https://openalex.org/I75689368,China,Communication University of China,https://openalex.org/I75689368,China,,,,,,,,,,,,,,,,Jiangsu Center for Collaborative Innovation in Geographical Information Resource Development and Application,https://openalex.org/I4210141657,China,,,,,,,,,,,,,,,,,,,,,,,,,,,,,,,,,,,,,,,,,,,,,,,,,,,,,,,,,,,,,,,,,,,,,,,,,,,,,,,,,,,,,,,,,,,,,
Tong Wu,A5101994749,7,True,True,False,False,China,,,,China Agricultural University,https://openalex.org/I52158045,China,Qiqihar Medical University,https://openalex.org/I899859998,China,Beihang University,https://openalex.org/I82880672,China,Qiqihar Medical University,https://openalex.org/I899859998,China,Qiqihar Medical University,https://openalex.org/I899859998,China,Xi'an Jiaotong University,https://openalex.org/I87445476,China,Qiqihar Medical University,https://openalex.org/I899859998,China,Yibin University,https://openalex.org/I4210131342,China,Xi'an Jiaotong University,https://openalex.org/I87445476,China,Yibin University,https://openalex.org/I4210131342,China,Yibin University,https://openalex.org/I4210131342,China,Yibin University,https://openalex.org/I4210131342,China,Yibin University,https://openalex.org/I4210131342,China,Yibin University,https://openalex.org/I4210131342,China,Research Center for Eco-Environmental Sciences,https://openalex.org/I4210144289,China,Yibin University,https://openalex.org/I4210131342,China,Southwest University,https://openalex.org/I142108993,China,Southwest University,https://openalex.org/I142108993,China,,,,Yibin University,https://openalex.org/I4210131342,China,,,,,,,,,,,,,,,,,,,,,,,,,,,,,,,,,,,,,,,,,,,,,,,,,,,,,,,,,,,,
Xiaowen Sun,A5104180229,2,True,True,False,False,China,Shanghai Ocean University,https://openalex.org/I44675526,China,State Key Laboratory of Crystal Materials,https://openalex.org/I4391768157,China,State Key Laboratory of Crystal Materials,https://openalex.org/I4391768157,China,,,,,,,,,,,,,,,,,,,,,,,,,,,,,,,,,,,,,,,,,,,,,,,,,,,,,,,,,,,,,,,,,,,,,,,,,,,,,,,,,,,,,,,,,,,,,,,,,,,,,,,,,,,,,,,,,,
Yunxian Ma,A5107930819,11,False,True,True,False,Australia; China; Germany; Japan; Russia; United Kingdom; United States,Guangxi University of Chinese Medicine,https://openalex.org/I4210113348,China,Fairchild Semiconductor (United States),https://openalex.org/I81844223,United States,Oklahoma State University Oklahoma City,https://openalex.org/I4210131712,United States,University College London,https://openalex.org/I45129253,United Kingdom,Institute of High Energy Physics,https://openalex.org/I4210137180,China,Peking University,https://openalex.org/I20231570,China,Ludwig-Maximilians-Universität München,https://openalex.org/I8204097,Germany,The University of Adelaide,https://openalex.org/I5681781,Australia,The University of Adelaide,https://openalex.org/I5681781,Australia,University College London,https://openalex.org/I45129253,United Kingdom,The University of Adelaide,https://openalex.org/I5681781,Australia,,,,,,,Nagoya University,https://openalex.org/I60134161,Japan,Budker Institute of Nuclear Physics,https://openalex.org/I4843557,Russia,California Institute of Technology,https://openalex.org/I122411786,United States,California Institute of Technology,https://openalex.org/I122411786,United States,,,,,,,,,,,,,,,,,,,,,,,,,,,,,,,,,,,,,,,,,,,,,,,,,,,,,,,,,,,,,,,,,,,,,,,,
Leyi Xia,A5107939686,3,False,True,False,False,Australia; China; United Kingdom,,,,,,,University of Science and Technology of China,https://openalex.org/I126520041,China,,,,,,,University of Warwick,https://openalex.org/I39555362,United Kingdom,University of Science and Technology of China,https://openalex.org/I126520041,China,,,,The University of Adelaide,https://openalex.org/I5681781,Australia,The University of Adelaide,https://openalex.org/I5681781,Australia,,,,,,,,,,,,,,,,,,,,,,,,,,,,,,,,,,,,,,,,,,,,,,,,,,,,,,,,,,,,,,,,,,,,,,,,,,,,,,,,,,,,,,,,,,,,,
R. L. Jin,A5109083484,7,False,True,True,False,China; Israel; South Korea; United States,Shanghai Jiao Tong University,https://openalex.org/I183067930,China,Anyang Academy of Agricultural Sciences,https://openalex.org/I4210104895,China,,,,New Technology (Israel),https://openalex.org/I4210136868,Israel,,,,,,,,,,Sichuan Agricultural University,https://openalex.org/I37574244,China,,,,Sichuan Agricultural University,https://openalex.org/I37574244,China,,,,,,,,,,Gansu Agricultural University,https://openalex.org/I16295237,China,,,,,,,,,,,,,,,,,,,Chonnam National University,https://openalex.org/I111277659,South Korea,,,,,,,,,,,,,,,,,,,,,,,,,,,,,,,,,,Hunter College,https://openalex.org/I39694355,United States,,,,,,,,,,,,,,,,,,,,,,,,
Haoyu Lu,A5110986785,3,True,True,False,False,China,,,,Hebei GEO University,https://openalex.org/I95946905,China,Shandong First Medical University,https://openalex.org/I4210163399,China,Hebei GEO University,https://openalex.org/I95946905,China,,,,,,,,,,,,,,,,,,,Southeast University,https://openalex.org/I76569877,China,,,,,,,,,,,,,,,,,,,,,,,,,,,,,,,,,,,,,,,,,,,,,,,,,,,,,,,,,,,,,,,,,,,,,,,,,,,,,,,,,,,,,,,,,,
Xinyi Zhou,A5111292232,0,False,False,False,False,,,,,,,,,,,,,,,,,,,,,,,,,,,,,,,,,,,,,,,,,,,,,,,,,,,,,,,,,,,,,,,,,,,,,,,,,,,,,,,,,,,,,,,,,,,,,,,,,,,,,,,,,,,,,,,,,,,,,,,,,,,,
Xiaojin Shen,A5111323358,1,True,True,False,False,China,,,,,,,,,,,,,,,,,,,First People's Hospital of Yunnan Province,https://openalex.org/I4210091044,China,,,,,,,,,,,,,,,,,,,,,,,,,,,,,,,,,,,,,,,,,,,,,,,,,,,,,,,,,,,,,,,,,,,,,,,,,,,,,,,,,,,,,,,,,,,,,,,,,,,,,,
Jian Liang,A5112183358,4,False,True,False,False,China; Singapore; Taiwan,,,,National Sun Yat-sen University,https://openalex.org/I142974352,Taiwan,Jiangmen Central Hospital,https://openalex.org/I4210146741,China,,,,,,,,,,,,,,,,,,,,,,,,,,,,,,,,,,Nanyang Technological University,https://openalex.org/I172675005,Singapore,,,,Guangdong University of Technology,https://openalex.org/I139024713,China,Guangdong University of Technology,https://openalex.org/I139024713,China,,,,,,,,,,,,,,,,,,,,,,,,,,,,,,,,,,,,,,,,,,,,,,,,,,,,,,,,,,,,,,,,,,,,,
R. J. Chen,A5112374713,2,True,True,False,False,China,,,,Yan'an University,https://openalex.org/I4210102412,China,,,,,,,,,,,,,,,,,,,Institute of Modern Physics,https://openalex.org/I4210131271,China,,,,,,,,,,,,,,,,,,,,,,,,,,,,,,,,,,,,,,,,,,,,,,,,,,,,,,,,,,,,,,,,,,,,,,,,,,,,,,,,,,,,,,,,,,,,,,,,
Wanjia Zhao,A5112946948,3,False,True,True,False,China; United States,,,,Abraham Baldwin Agricultural College,https://openalex.org/I2799637951,United States,,,,Zhejiang University,https://openalex.org/I76130692,China,,,,,,,,,,,,,,,,Northwestern Polytechnical University,https://openalex.org/I17145004,China,,,,,,,,,,,,,,,,,,,,,,,,,,,,,,,,,,,,,,,,,,,,,,,,,,,,,,,,,,,,,,,,,,,,,,,,,,,,,,,,,,,,,,,,,,,,,
Yixin Dong,a5114999117,0,False,False,False,False,,,,,,,,,,,,,,,,,,,,,,,,,,,,,,,,,,,,,,,,,,,,,,,,,,,,,,,,,,,,,,,,,,,,,,,,,,,,,,,,,,,,,,,,,,,,,,,,,,,,,,,,,,,,,,,,,,,,,,,,,,,,
Zhongyu Zhang,A5115604997,9,False,True,True,False,China; United States,,,,First People's Hospital of Chongqing,https://openalex.org/I4210161892,China,Hangzhou Dianzi University,https://openalex.org/I50760025,China,,,,,,,,,,Chinese Academy of Sciences,https://openalex.org/I19820366,China,,,,,,,Huazhong University of Science and Technology,https://openalex.org/I47720641,China,Beijing Institute of Technology,https://openalex.org/I125839683,China,,,,New York Institute of Technology,https://openalex.org/I4210104314,United States,Qujing Normal University,https://openalex.org/I4210105365,China,,,,,,,,,,"Changchun Institute of Optics, Fine Mechanics and Physics",https://openalex.org/I4210088164,China,,,,,,,,,,,,,,,,,,,,,,,,,"Changchun Institute of Optics, Fine Mechanics and Physics",https://openalex.org/I4210088164,China,Purple Mountain Observatory,https://openalex.org/I2802340896,China,,,,,,,,,,,,,,,,,,,,,,,,,,,,,,,,,,,,,,,
Zhen Zhang,A5118092868,10,False,True,True,False,China; United States,,,,Beihang University,https://openalex.org/I82880672,China,Beihang University,https://openalex.org/I82880672,China,South China Agricultural University,https://openalex.org/I101479585,China,Northeast Forestry University,https://openalex.org/I47689461,China,Shenyang Pharmaceutical University,https://openalex.org/I103890011,China,,,,,,,,,,Key Laboratory of Guangdong Province,https://openalex.org/I4210098034,China,Dana-Farber Cancer Institute,https://openalex.org/I4210117453,United States,Dana-Farber Cancer Institute,https://openalex.org/I4210117453,United States,,,,ZheJiang Academy of Agricultural Sciences,https://openalex.org/I4210126939,China,Nanjing University,https://openalex.org/I881766915,China,,,,Johns Hopkins University,https://openalex.org/I145311948,United States,,,,,,,Johns Hopkins Medicine,https://openalex.org/I2799853436,United States,,,,,,,,,,,,,,,,,,,,,,,,,,,,,,,,,,,,,,,,,,,,,,,,,,,,,,,,,,,,,,,
