id,author_count,display_name,type,country,city,display_name_acronyms,display_name_alternatives,works_count,cited_by_count,2yr_mean_citedness,h_index,i10_index,wikipedia,associated_institutions_children,children_ids,associated_institutions_parent,parent_ids
https://openalex.org/I99065089,43,Tsinghua University,education,China,Beijing,THU,Tsinghua University; 清华大学,366873,32051635,6.069837480396759,1159,455165,http://en.wikipedia.org/wiki/Tsinghua_University,State Key Laboratory on Integrated Optoelectronics; Tsinghua–Berkeley Shenzhen Institute; Collaborative Innovation Center of Quantum Matter; The Synergetic Innovation Center for Advanced Materials; Center for Life Sciences; State Key Laboratory of Precision Testing Technology and Instruments; State Key Laboratory of Water and Sediment Science and Water Conservancy and Hydropower Engineering; State Key Laboratory of Low-Dimensional Quantum Physics; State Key Laboratory of Microwave and Digital Communication Technology; State Key Laboratory of New Ceramics and Fine Processing; State Key Laboratory of Membrane Biology; State Key Laboratory of Automobile Safety and Energy Conservation; State Key Laboratory of Tribology; State Key Laboratory of Power System and Generation Equipment; Beijing Institute of Mathematical Sciences and Applications; International Centre for Engineering Education; Tsinghua Shenzhen International Graduate School,https://openalex.org/I4210091786; https://openalex.org/I4210114105; https://openalex.org/I4210127494; https://openalex.org/I4210159340; https://openalex.org/I4210160507; https://openalex.org/I4391767736; https://openalex.org/I4391767762; https://openalex.org/I4391767819; https://openalex.org/I4391767871; https://openalex.org/I4391767896; https://openalex.org/I4391768054; https://openalex.org/I4391768119; https://openalex.org/I4391768272; https://openalex.org/I4392738191; https://openalex.org/I4403928416; https://openalex.org/I4405255477; https://openalex.org/I4405263052,,
https://openalex.org/I20231570,25,Peking University,education,China,Beijing,PKU,Imperial University of Peking; Peking University; 北京大学,383489,30789033,4.605394774033479,1099,475858,http://en.wikipedia.org/wiki/Peking_University,Beijing Institute of Big Data Research; HKUST Shenzhen Research Institute; Collaborative Innovation Center of Quantum Matter; Center for Life Sciences; State Key Laboratory of Nuclear Physics and Technology; State Key Laboratory of Turbulence and Complex Systems; State Key Laboratory of Artificial Microstructure and Mesoscopic Physics; State Key Laboratory of Protein and Plant Gene Research; State Key Laboratory of Digital Publishing Technology; State Key Laboratory of Membrane Biology; State Key Laboratory of Rare Earth Materials Chemistry and Application; State Key Laboratory of Visual and Auditory Information Processing; State Key Laboratory of Natural and Biomimetic Drugs; State Key Laboratory of Advanced Optical Communication Systems and Networks; The Affiliated High School of Peking University,https://openalex.org/I4210096250; https://openalex.org/I4210096887; https://openalex.org/I4210127494; https://openalex.org/I4210160507; https://openalex.org/I4391767693; https://openalex.org/I4391767778; https://openalex.org/I4391767804; https://openalex.org/I4391767842; https://openalex.org/I4391767988; https://openalex.org/I4391768054; https://openalex.org/I4391768055; https://openalex.org/I4391768100; https://openalex.org/I4391768132; https://openalex.org/I4392021209; https://openalex.org/I4405263327,,
https://openalex.org/I76130692,24,Zhejiang University,education,China,Hangzhou,ZJU,Chekiang University; Zheda; Zhejiang University; 浙江大学,360770,28295147,5.1651621583566705,919,503004,http://en.wikipedia.org/wiki/Zhejiang_University,Huzhou Central Hospital; Collaborative Innovation Center of Advanced Microstructures; Zhejiang University-University of Edinburgh Institute; Zhejiang Taizhou Hospital; The Synergetic Innovation Center for Advanced Materials; State Key Laboratory of Modern Optical Instruments; State Key Laboratory of Clean Energy Utilization; State Key Laboratory Fluid Power and Mechatronic Systems; State Key Laboratory of Silicon Materials; State Key Laboratory of Rice Biology; State Key Laboratory of Industrial Control Technology; State Key Laboratory of Computer Aided Design and Graphics; State Key Laboratory of Diagnosis and Treatment of Infectious Diseases; State Key Laboratory of Plant Physiology and Biochemistry; Zhejiang University Robotics Institute,https://openalex.org/I4210105567; https://openalex.org/I4210140493; https://openalex.org/I4210158570; https://openalex.org/I4210158774; https://openalex.org/I4210159340; https://openalex.org/I4391767668; https://openalex.org/I4391767671; https://openalex.org/I4391767679; https://openalex.org/I4391767789; https://openalex.org/I4391767812; https://openalex.org/I4391767838; https://openalex.org/I4391767862; https://openalex.org/I4391768041; https://openalex.org/I4391768222; https://openalex.org/I4405263196,,
https://openalex.org/I4210165038,21,University of Chinese Academy of Sciences,education,China,Beijing,UCAS,University of Chinese Academy of Sciences; 中国科学院大学,372666,28843309,5.389331546236303,891,513854,http://en.wikipedia.org/wiki/University_of_the_Chinese_Academy_of_Sciences,International Centre for Theoretical Physics Asia-Pacific; Ningbo No. 2 Hospital; Kavli Institute for Theoretical Sciences,https://openalex.org/I4210101410; https://openalex.org/I4210101660; https://openalex.org/I4210105842,Chinese Academy of Sciences,https://openalex.org/I19820366
https://openalex.org/I881766915,15,Nanjing University,education,China,Nanjing,NJU; NU,Nanjing University; Nanking University; 南京大学,182221,16271090,5.501917614921215,815,273083,http://en.wikipedia.org/wiki/Nanjing_University,State Key Laboratory of Pollution Control and Resource Reuse; Collaborative Innovation Center of Advanced Microstructures; Johns Hopkins University – Nanjing University Center for Chinese and American Studies; State Key Laboratory of Metallogenic Mechanism of Endogenous Metal Deposits; National Laboratory of Solid State Microstructures; State Key Laboratory of Pharmaceutical Biotechnology; State Key Laboratory of New Technology of Computer Software; State Key Laboratory of Analytical Chemistry for Life Science; State Key Laboratory of Modern Coordination Chemistry,https://openalex.org/I4210090489; https://openalex.org/I4210140493; https://openalex.org/I4210162165; https://openalex.org/I4391767641; https://openalex.org/I4391768004; https://openalex.org/I4391768045; https://openalex.org/I4391768078; https://openalex.org/I4391768173; https://openalex.org/I4391768193,,
https://openalex.org/I76569877,14,Southeast University,education,China,Nanjing,SEU,Dōngnán Dàxué; Southeast University; 东南大学,154717,8936687,4.962850788369738,586,177142,http://en.wikipedia.org/wiki/Southeast_University,State Key Laboratory of Digital Medical Engineering; State Key Laboratory of Mobile Communications; State Key Laboratory of Millimeter Waves,https://openalex.org/I4387154005; https://openalex.org/I4391768199; https://openalex.org/I4391768253,,
https://openalex.org/I82880672,14,Beihang University,education,China,Beijing,BUAA,Beihang University; Beijing University of Aeronautics and Astronautics; 北京航空航天大学,147249,7432401,4.7105606934018995,548,147147,http://en.wikipedia.org/wiki/Beihang_University,State Key Laboratory of Software Development Environment; State Key Laboratory of Virtual Reality Technology and Systems,https://openalex.org/I4391767781; https://openalex.org/I4392738276,,
https://openalex.org/I183067930,13,Shanghai Jiao Tong University,education,China,Shanghai,SJTU,Shanghai Communications University; Shanghai Jiao Tong University; Shanghai Jiaotong University; 上海交通大学; 上海交通大學,357546,26945076,5.116837751771067,863,504951,http://en.wikipedia.org/wiki/Shanghai_Jiao_Tong_University,Collaborative Innovation Center of Advanced Microstructures; State Key Laboratory of Metal Matrix Composites; State Key Laboratory of Ocean Engineering; State Key Laboratory of Microbial Metabolism; State Key Laboratory of Mechanical System and Vibration; State Key Laboratory of Medical Genomics; State Key Laboratory of Advanced Optical Communication Systems and Networks,https://openalex.org/I4210140493; https://openalex.org/I4391767745; https://openalex.org/I4391767790; https://openalex.org/I4391767884; https://openalex.org/I4391768146; https://openalex.org/I4392021104; https://openalex.org/I4392021209,,
https://openalex.org/I47720641,11,Huazhong University of Science and Technology,education,China,Wuhan,HUST,Huazhong University of Science and Technology; Huázhōng Kējì Dàxué; 华中科技大学,259032,22798423,4.95218984052092,884,398737,http://en.wikipedia.org/wiki/Huazhong_University_of_Science_and_Technology,State Key Laboratory of Materials Processing and Die & Mould Technology; State Key Laboratory of Digital Manufacturing Equipment and Technology; State Key Laboratory of Coal Combustion; State Key Laboratory of Plasting Molding Technology; State Key Laboratory of Advanced Electromagnetic Engineering and Technology; State Key Laboratory of Laser Technology; Optics Valley Laboratory,https://openalex.org/I4391767882; https://openalex.org/I4391767905; https://openalex.org/I4391767933; https://openalex.org/I4391767965; https://openalex.org/I4391767976; https://openalex.org/I4391768264; https://openalex.org/I4405259042,,
https://openalex.org/I9224756,10,Northeastern University,education,China,Shenyang,NEU,Dōngběi Dàxué; Northeastern University; 东北大学,92312,4696606,5.232959777850191,351,110126,http://en.wikipedia.org/wiki/Northeastern_University_(China),State Key Laboratory of Synthetical Automation for Process Industries; State Key Laboratory of Rolling Technology and Continuous Rolling Automation,https://openalex.org/I4391767858; https://openalex.org/I4391768283,,
https://openalex.org/I92039509,10,Guangzhou Medical University,education,China,Guangzhou,GMU,Guangzhou Medical College; Guangzhou Medical University; 广州医科大学,68028,5417714,3.0855737873302007,587,77086,https://en.wikipedia.org/wiki/Guangzhou_Medical_University,,,,
https://openalex.org/I87445476,10,Xi'an Jiaotong University,education,China,Xi'an,XJTU,Xi'an Jiao Tong University; Xi'an Jiaotong University; Xian Jiaotong University; 西安交通大学,198177,12532964,4.9660177694076655,620,255509,http://en.wikipedia.org/wiki/Xi'an_Jiaotong_University,State Key Laboratory of Strength of Metallic Materials; State Key Laboratory of Multiphase Flow in Power Engineering; State Key Laboratory of Mechanical Structure Strength and Vibration; State Key Laboratory of Mechanical Manufacturing System Engineering; State Key Laboratory of Electrical Insulation and Power Equipment,https://openalex.org/I4391767755; https://openalex.org/I4391767999; https://openalex.org/I4391768032; https://openalex.org/I4391768051; https://openalex.org/I4391768273,,
https://openalex.org/I76214153,10,Lanzhou University,education,China,Lanzhou,,Lanzhou University; 兰州大学,104410,7255909,3.5577019642593415,507,148539,http://en.wikipedia.org/wiki/Lanzhou_University,State Key Laboratory of Applied Organic Chemistry; State Key Laboratory of Herbage Improvement and Grassland Agro-ecosystems,https://openalex.org/I4391768068; https://openalex.org/I4391768087,,
https://openalex.org/I90610280,8,South China University of Technology,education,China,Guangzhou,SCUT,Huánán Lǐgōng Dàxué; South China University of Technology; 华南理工大学,149655,10848614,5.571739019537826,566,194234,http://en.wikipedia.org/wiki/South_China_University_of_Technology,South China Institute of Collaborative Innovation; State Key Laboratory of Pulp and Paper Engineering; State Key Laboratory of Luminescent Materials and Devices; State Key Laboratory of Subtropical Building Science,https://openalex.org/I4210157323; https://openalex.org/I4391767828; https://openalex.org/I4391767939; https://openalex.org/I4391768177,,
https://openalex.org/I9916479,8,Air Force Medical University,education,China,Xi'an,FMMU,Air Force Medical University; First Military Medical College of PLA; Fourth Military Medical University; People's Medical College of Northwestern Military Region; 空军军医大学,52806,4621812,3.9157164105106594,392,90498,https://en.wikipedia.org/wiki/Air_Force_Medical_University,State Key Laboratory of Cancer Biology,https://openalex.org/I4391767982,,
https://openalex.org/I87780372,8,Chongqing Medical University,education,China,Chongqing,CQMU,Chongqing Medical University; Chongqing University of Medical Sciences; 重庆医科大学,72484,4315602,2.98727646669223,386,96419,https://en.wikipedia.org/wiki/Chongqing_Medical_University,,,,
https://openalex.org/I98227222,7,China National Petroleum Corporation (China),company,China,Beijing,CNPC,China National Petroleum Corporation (China); 大庆油田有限责任公司油田建设设计研究院,23787,437176,1.8708894060507943,165,10756,https://en.wikipedia.org/wiki/China_National_Petroleum_Corporation,Institute of Porous Flow and Fluid Mechanics; Research Institute of Petroleum Exploration and Development; Daqing Oilfield of CNPC; PetroChina Southwest Oil and Gas Field Company (China),https://openalex.org/I4210105834; https://openalex.org/I4210112595; https://openalex.org/I4387155657; https://openalex.org/I4387156274,,
https://openalex.org/I9842412,7,Nanjing University of Aeronautics and Astronautics,education,China,Nanjing,NUAA,Nanjing Aeronautical Institute; Nanjing College of Aviation Industry; Nanjing University of Aeronautics and Astronautics; 南京航空航天大学,92955,3919262,3.7534441087613293,411,84664,https://en.wikipedia.org/wiki/Nanjing_University_of_Aeronautics_and_Astronautics,State Key Laboratory of Mechanical Structure Mechanics and Control,https://openalex.org/I4391767839,,
https://openalex.org/I126520041,7,University of Science and Technology of China,education,China,Hefei,USTC,University of Science and Technology of China; 中国科学技术大学,201441,22054926,5.810679883826547,962,338980,http://en.wikipedia.org/wiki/University_of_Science_and_Technology_of_China,Hefei National Center for Physical Sciences at Nanoscale; CAS Key Laboratory of Urban Pollutant Conversion; Hefei Material Science and Technology Center; Collaborative Innovation Center of Advanced Microstructures; National Synchrotron Radiation Laboratory; State Key Laboratory of Nuclear Detection and Nuclear Electronics; State Key Laboratory of Fire Science,https://openalex.org/I4210103894; https://openalex.org/I4210124140; https://openalex.org/I4210139613; https://openalex.org/I4210140493; https://openalex.org/I4210149848; https://openalex.org/I4391767989; https://openalex.org/I4391768148,Chinese Academy of Sciences,https://openalex.org/I19820366
https://openalex.org/I4800084,6,Southwest Jiaotong University,education,China,Chengdu,SWJTU,Southwest Jiaotong University; Xīnán Jiāotōng Dàxué; 西南交通大学,80577,3647626,4.343430935336228,363,80444,https://en.wikipedia.org/wiki/Southwest_Jiaotong_University,State Key Laboratory of Traction Power; Southwest Jiaotong University Hope College,https://openalex.org/I4391768108; https://openalex.org/I4403386517,,
https://openalex.org/I889458895,6,University of Hong Kong,education,Hong Kong,Pok Fu Lam,HKU,Hong Kong University; University of Hong Kong,222837,21197305,4.523300884693907,1146,264398,http://en.wikipedia.org/wiki/University_of_Hong_Kong,Institute of Molecular Functional Materials; State Key Laboratory of Synthetic Chemistry,https://openalex.org/I4210094881; https://openalex.org/I4210130449,,
https://openalex.org/I80143920,6,Shandong University of Science and Technology,education,China,Qingdao,SDUST,Shandong University of Science and Technology; Shāndōng Kējì Dàxué; 山东科技大学,50411,2021377,4.03721003700695,296,45724,http://en.wikipedia.org/wiki/Shandong_University_of_Science_and_Technology,,,,
https://openalex.org/I37461747,6,Wuhan University,education,China,Wuhan,WHU,Wuhan University; 武汉大学,220562,16518046,4.545844394527261,852,286245,http://en.wikipedia.org/wiki/Wuhan_University,Duke Kunshan University; State Key Laboratory of Water Resources and Hydropower Engineering Science; State Key Laboratory of Virology; State Key Laboratory of Software Engineering,https://openalex.org/I4210159968; https://openalex.org/I4391768013; https://openalex.org/I4391768268; https://openalex.org/I4391768271,,
https://openalex.org/I17145004,6,Northwestern Polytechnical University,education,China,Xi'an,NPU; NWPU,Northwestern Polytechnical University; State Northwest Institute of Engineering; Xīběi Gōngyè Dàxué; Северо-западный политехнический университет; 西北工业大学,134067,7108070,6.366883452049138,480,148083,https://en.wikipedia.org/wiki/Northwestern_Polytechnical_University,State Key Laboratory of Solidification Processing,https://openalex.org/I4391768207,,
https://openalex.org/I92403157,6,University of Science and Technology Beijing,education,China,Beijing,USTB,Beijing Steel and Iron Institute; University of Science and Technology Beijing; 北京科技大学,97785,6031045,5.17217820567018,468,123136,http://en.wikipedia.org/wiki/University_of_Science_and_Technology_Beijing,State Key Laboratory of New Technology of Iron and Steel Metallurgy; State Key Laboratory for Advanced Metals and Materials,https://openalex.org/I4391767834; https://openalex.org/I4391768112,,
https://openalex.org/I204983213,6,Harbin Institute of Technology,education,China,Harbin,HIT,Harbin Institute of Technology; 哈尔滨工业大学,216863,13568238,5.2104845323623,597,273101,https://en.wikipedia.org/wiki/Harbin_Institute_of_Technology,State Key Laboratory of Robotics and Systems; State Key Laboratory of Urban Water Resources and Water Environment; State Key Laboratory of Advanced Welding and Joining,https://openalex.org/I4391767639; https://openalex.org/I4391767770; https://openalex.org/I4391767836,,
https://openalex.org/I89652312,5,Northwest A&F University,education,China,Yangling,NWAFU,Northwest A&F University; Xīběi Nónglín Kējì Dàxué; 西北农林科技大学,62030,6122281,5.34622467771639,423,124814,http://en.wikipedia.org/wiki/Northwest_A%26F_University,,,,
https://openalex.org/I75390827,5,Beijing University of Chemical Technology,education,China,Beijing,BUCT,Beijing University of Chemical Technology; Běijīng Huàgōng Dàxué; 北京化工大学,54419,5800793,7.038157542198803,522,101047,https://en.wikipedia.org/wiki/Beijing_University_of_Chemical_Technology,State Key Laboratory of Organic-Inorganic Composite Materials,https://openalex.org/I4391768155,,
https://openalex.org/I158842170,5,Chongqing University,education,China,Chongqing,CQU,Chongqing University; Chóngqìng Dàxué; 重庆大学,136827,7863631,5.117592080416579,475,162183,http://en.wikipedia.org/wiki/Chongqing_University,State Key Laboratory of Power Transmission and Distribution Equipment and System Safety and New Technology; State Key Laboratory of Coal Mine Disaster Dynamics and Control; State Key Laboratory of Mechanical Transmission,https://openalex.org/I4391767658; https://openalex.org/I4391767958; https://openalex.org/I4391768226,,
https://openalex.org/I91935597,5,University of South China,education,China,Hengyang,,University of South China; 南华大学,31031,1303555,3.924509477884935,245,31360,http://en.wikipedia.org/wiki/University_of_South_China,,,,
https://openalex.org/I78577930,5,Columbia University,education,United States,New York,CU,Columbia College; Columbia University; Columbia University in the City of New York; King's College; Universidad de Columbia,380305,45552709,4.317573262057839,1700,427127,http://en.wikipedia.org/wiki/Columbia_University,Lamont-Doherty Earth Observatory; ICAP Global Health; Chan Zuckerberg Biohub New York,https://openalex.org/I152304114; https://openalex.org/I4387154024; https://openalex.org/I4396570641,,
https://openalex.org/I43313876,5,Dalian Maritime University,education,China,Dalian,,Dalian Marine College; Dalian Maritime University; 大连海事大学,32391,1121934,3.9131057702639778,239,26360,https://en.wikipedia.org/wiki/Dalian_Maritime_University,,,,
https://openalex.org/I83519826,5,Nanjing Medical University,education,China,Nanjing,NMU,Nanjing Medical College; Nanjing Medical University; National Jiangsu Medical College; 南京医科大学,105443,7951774,3.556911678280581,521,166503,https://en.wikipedia.org/wiki/Nanjing_Medical_University,State Key Laboratory of Reproductive Medicine,https://openalex.org/I4391767661,,
https://openalex.org/I153473198,5,North China Electric Power University,education,China,Beijing,NCEPU,Huáběi diànlì dàxué; North China Electric Power University; 华北电力大学,86104,3188038,3.66989683245987,376,64797,http://en.wikipedia.org/wiki/North_China_Electric_Power_University,Suzhou Institute of North China Electric Power University; State Key Laboratory of Alternate Electrical Power System with Renewable Energy Sources,https://openalex.org/I4387155539; https://openalex.org/I4391767892,,
https://openalex.org/I52158045,5,China Agricultural University,education,China,Beijing,CAU,China Agricultural University; Zhōngguó Nóngyè Dàxué; 中国农业大学,95186,8549188,4.505387581534469,551,155402,http://en.wikipedia.org/wiki/China_Agricultural_University,State Key Laboratory of Animal Nutrition; State Key Laboratory of Agricultural Biotechnology; State Key Laboratory of Plant Physiology and Biochemistry,https://openalex.org/I4391767711; https://openalex.org/I4391768130; https://openalex.org/I4391768222,,
https://openalex.org/I116953780,4,Tongji University,education,China,Shanghai,,Tongji University; Tongji-Universität; Tóngjì Dàxué; 同济大学; 同濟大學,185970,10117964,4.50484656411842,574,195848,http://en.wikipedia.org/wiki/Tongji_University,State Key Laboratory of Pollution Control and Resource Reuse; ENN-Tongji Advanced Institute of Clean Energy; State Key Laboratory of Concrete Materials Research; State Key Laboratory of Marine Geology; State Key Laboratory of Civil Engineering Disaster Prevention,https://openalex.org/I4210090489; https://openalex.org/I4210165173; https://openalex.org/I4391767652; https://openalex.org/I4391767744; https://openalex.org/I4391767914,,
https://openalex.org/I74973139,4,Carnegie Mellon University,education,United States,Pittsburgh,CMU,Carnegie Mellon University,155545,16144029,3.7923154326872153,1131,166398,http://en.wikipedia.org/wiki/Carnegie_Mellon_University,Software Engineering Institute; Center for the Neural Basis of Cognition; Carnegie Mellon University Qatar; Carnegie Mellon University Australia; Carnegie Mellon University Africa; Advanced Cyberinfrastructure Coordination Ecosystem: Services & Support; Carnegie Mellon Portugal,https://openalex.org/I114772536; https://openalex.org/I4210086114; https://openalex.org/I4210089979; https://openalex.org/I4210091826; https://openalex.org/I4210130200; https://openalex.org/I4387152812; https://openalex.org/I4405255118,,
https://openalex.org/I91656880,4,China Medical University,education,China,Shenyang,CMU,China Medical University; 中国医科大学,61592,4050455,5.102704139580967,362,96823,https://en.wikipedia.org/wiki/China_Medical_University_(PRC),,,,
https://openalex.org/I25355098,4,Chang'an University,education,China,Xi'an,,Chang'an University; Cháng'ān Dàxué; 长安大学,39802,1545472,4.611214189125445,274,36445,https://en.wikipedia.org/wiki/Chang%27an_University,,,,
https://openalex.org/I4210160344,4,Tongji Hospital,healthcare,China,Wuhan,,Tongji Hospital,46265,4071143,4.845423276348889,488,72565,,,,,
https://openalex.org/I96908189,4,Xinjiang University,education,China,Ürümqi,XJU,Xinjiang University; Xīnjiāng Dàxué; 新疆大学,35058,1169816,3.787440169366716,223,28954,http://en.wikipedia.org/wiki/Xinjiang_University,,,,
https://openalex.org/I78978612,4,Yangzhou University,education,China,Yangzhou,,Yangzhou University; 扬州大学,69505,3731475,4.444421231701312,390,83753,https://en.wikipedia.org/wiki/Yangzhou_University,,,,
https://openalex.org/I19820366,4,Chinese Academy of Sciences,government,China,Beijing,CAS,Chinese Academy of Sciences; 中国科学院,980056,109663933,6.047538852449329,1616,1737678,http://en.wikipedia.org/wiki/Chinese_Academy_of_Sciences,"University of Science and Technology of China; Kunming Institute of Botany; Shenyang Institute of Automation; Dalian Institute of Chemical Physics; Kunming Institute of Zoology; Shanghai Astronomical Observatory; Xishuangbanna Tropical Botanical Garden; Beijing Institute of Genomics; Guangzhou Institutes of Biomedicine and Health; Purple Mountain Observatory; Hefei Institutes of Physical Science; Guangzhou Institute of Geochemistry; Technology and Engineering Center for Space Utilization; Institute of Vertebrate Paleontology and Paleoanthropology; Changchun Institute of Optics, Fine Mechanics and Physics; Lanzhou Institute of Chemical Physics; Institute of Hydrobiology; Institute of Computing Technology; Suzhou Institute of Nano-tech and Nano-bionics; Suzhou Institute of Biomedical Engineering and Technology; Changchun Institute of Applied Chemistry; National Time Service Center; Institute for History of Natural Sciences; Shanghai Institute of Nutrition and Health; Institut Pasteur of Shanghai; Center for Excellence in Brain Science and Intelligence Technology; Institute of Acoustics; Institute of Oceanology; Northeast Institute of Geography and Agroecology; Xinjiang Institute of Ecology and Geography; South China Sea Institute Of Oceanology; Nanjing Institute of Geology and Paleontology; Xinjiang Technical Institute of Physics & Chemistry; Shanghai Institutes for Biological Sciences; Northwest Institute of Eco-Environment and Resources; Wuhan Institute of Virology; Institute of Subtropical Agriculture; Yantai Institute of Coastal Zone Research; Computer Network Information Center; Institute of Applied Ecology; Institute of Electronics; Shanghai Advanced Research Institute; Institute of Automation; Institute of Biophysics; Shanghai Institute of Materia Medica; Shanghai Institute of Organic Chemistry; National Space Science Center; Botanical Society of China; Institutes of Science and Development; Fujian Institute of Research on the Structure of Matter; Institute of Microelectronics; Institute of Urban Environment; Institute of Engineering Thermophysics; Academy of Mathematics and Systems Science; South China Botanical Garden; Center for Excellence in Molecular Cell Science; Wuhan Botanical Garden; Chongqing Institute of Green and Intelligent Technology; Shanghai Institute of Applied Physics; Institute of Genetics and Developmental Biology; Institute of Mountain Hazards and Environment; Institute of Theoretical Physics; Institute of Geology and Geophysics; Institute of Metal Research; Institute of Remote Sensing and Digital Earth; Institute of Optics and Electronics, Chinese Academy of Sciences; Guangzhou Institute of Energy Conversion; Institute of Software; Institute of Electrical Engineering; Institute of Modern Physics; Institute of Psychology, Chinese Academy of Sciences; Institute of Process Engineering; Nanjing Institute of Geography and Limnology; Institute of Microbiology; Shanghai Institute of Optics and Fine Mechanics; Shanghai Institute of Technical Physics; Institute of Geochemistry; Institute of High Energy Physics; Aerospace Information Research Institute; Tianjin Institute of Industrial Biotechnology; Center for Excellence in Molecular Plant Sciences; Institute of Rock and Soil Mechanics; Technical Institute of Physics and Chemistry; Institute of Tibetan Plateau Research; National Center for Nanoscience and Technology; Research Center for Eco-Environmental Sciences; Xi'an Institute of Optics and Precision Mechanics; Shenzhen Institutes of Advanced Technology; Shanghai Institute of Microsystem and Information Technology; National Science Library; Institute of Semiconductors; Academy of Opto-Electronics; Institute of Atmospheric Physics; Chengdu Institute of Biology; Institute of Deep-Sea Science and Engineering; Institute of Chemistry; Institute of Information Engineering; Institute of Mechanics; Institute of Botany; Qingdao Institute of Bioenergy and Bioprocess Technology; Institute of Earth Environment; Institute of Physics; Institute of Coal Chemistry; Institute of Geographic Sciences and Natural Resources Research; Shanghai Institute of Ceramics; National Astronomical Observatories; University of Chinese Academy of Sciences; Beijing Advanced Sciences and Innovation Center; Ningbo Institute of Industrial Technology; Institute of Soil Science; Institute of Zoology; Key Laboratory of Zoological Systematics and Evolution; Innovation Academy for Microsatellites of Chinese Academy of Sciences; Northwest Institute of Plateau Biology; Sino-Africa Joint Research Center; Hangzhou Institute of Medicine, Chinese Academy of Sciences; Institute Academy for Precision Measurment Science and Technology, CAS; Qinghai Institute of Salt Lakes; Beijing Institute for Stem Cell and Regenerative Medicine; International Research Center of Big Data for Sustainable Development Goals",https://openalex.org/I126520041; https://openalex.org/I13850615; https://openalex.org/I142078773; https://openalex.org/I180585399; https://openalex.org/I18489884; https://openalex.org/I2799714274; https://openalex.org/I2801454379; https://openalex.org/I2801577699; https://openalex.org/I2802148028; https://openalex.org/I2802340896; https://openalex.org/I2802624667; https://openalex.org/I3018690959; https://openalex.org/I4210086028; https://openalex.org/I4210086287; https://openalex.org/I4210088164; https://openalex.org/I4210089297; https://openalex.org/I4210089584; https://openalex.org/I4210090176; https://openalex.org/I4210092495; https://openalex.org/I4210092817; https://openalex.org/I4210092888; https://openalex.org/I4210093645; https://openalex.org/I4210095609; https://openalex.org/I4210096013; https://openalex.org/I4210096219; https://openalex.org/I4210097554; https://openalex.org/I4210099069; https://openalex.org/I4210101167; https://openalex.org/I4210101301; https://openalex.org/I4210103115; https://openalex.org/I4210103685; https://openalex.org/I4210103797; https://openalex.org/I4210106108; https://openalex.org/I4210106477; https://openalex.org/I4210106526; https://openalex.org/I4210106882; https://openalex.org/I4210107235; https://openalex.org/I4210108244; https://openalex.org/I4210108629; https://openalex.org/I4210110024; https://openalex.org/I4210110458; https://openalex.org/I4210111959; https://openalex.org/I4210112150; https://openalex.org/I4210112540; https://openalex.org/I4210112820; https://openalex.org/I4210112946; https://openalex.org/I4210115570; https://openalex.org/I4210115799; https://openalex.org/I4210116191; https://openalex.org/I4210119098; https://openalex.org/I4210119392; https://openalex.org/I4210119653; https://openalex.org/I4210120320; https://openalex.org/I4210120485; https://openalex.org/I4210120696; https://openalex.org/I4210121447; https://openalex.org/I4210122269; https://openalex.org/I4210123021; https://openalex.org/I4210123885; https://openalex.org/I4210124606; https://openalex.org/I4210124748; https://openalex.org/I4210125404; https://openalex.org/I4210126061; https://openalex.org/I4210126304; https://openalex.org/I4210128053; https://openalex.org/I4210128284; https://openalex.org/I4210128491; https://openalex.org/I4210128818; https://openalex.org/I4210128819; https://openalex.org/I4210131271; https://openalex.org/I4210131870; https://openalex.org/I4210133325; https://openalex.org/I4210134482; https://openalex.org/I4210134982; https://openalex.org/I4210135349; https://openalex.org/I4210135723; https://openalex.org/I4210135735; https://openalex.org/I4210137180; https://openalex.org/I4210137199; https://openalex.org/I4210139473; https://openalex.org/I4210139738; https://openalex.org/I4210140379; https://openalex.org/I4210140689; https://openalex.org/I4210141476; https://openalex.org/I4210141483; https://openalex.org/I4210144289; https://openalex.org/I4210144662; https://openalex.org/I4210145761; https://openalex.org/I4210147322; https://openalex.org/I4210148850; https://openalex.org/I4210149211; https://openalex.org/I4210151155; https://openalex.org/I4210152758; https://openalex.org/I4210152908; https://openalex.org/I4210154862; https://openalex.org/I4210155088; https://openalex.org/I4210156404; https://openalex.org/I4210157653; https://openalex.org/I4210158097; https://openalex.org/I4210158139; https://openalex.org/I4210159790; https://openalex.org/I4210159876; https://openalex.org/I4210159903; https://openalex.org/I4210160793; https://openalex.org/I4210163874; https://openalex.org/I4210164580; https://openalex.org/I4210165038; https://openalex.org/I4210165198; https://openalex.org/I4210165339; https://openalex.org/I4210165559; https://openalex.org/I4210167311; https://openalex.org/I4387153529; https://openalex.org/I4387154354; https://openalex.org/I4387155266; https://openalex.org/I4387155549; https://openalex.org/I4405261136; https://openalex.org/I4405261497; https://openalex.org/I4405263408; https://openalex.org/I4405265004; https://openalex.org/I4405265946,,
https://openalex.org/I91125648,4,Wuhan Institute of Technology,education,China,Wuhan,WIT,Hubei Petrochemical Institute; Wuhan Institute of Technology; Wǔhàn Gōngchéng Dàxué; 武汉工程大学,22675,933384,5.185414704278419,240,21340,https://en.wikipedia.org/wiki/Wuhan_Institute_of_Technology,,,,
https://openalex.org/I194450716,4,Jilin University,education,China,Changchun,,Jilin University; Jílín Dàxué; 吉林大学,179058,13986131,5.094672565358073,613,290768,http://en.wikipedia.org/wiki/Jilin_University,State Key Laboratory on Integrated Optoelectronics; State Key Laboratory of Theoretical Chemical Computing; State Key Laboratory of Inorganic Synthesis and Preparative Chemistry; State Key Laboratory of Supramolecular Structure and Materials; State Key Laboratory of Superhard Materials; State Key Laboratory of Automotive Simulation and Control,https://openalex.org/I4210091786; https://openalex.org/I4391767662; https://openalex.org/I4391768096; https://openalex.org/I4391768123; https://openalex.org/I4391768279; https://openalex.org/I4392738231,,
https://openalex.org/I31683504,4,Beijing Forestry University,education,China,Beijing,BFU; BJFU,Beijing Forestry University; 北京林业大学,42730,2219453,4.037011749310119,318,47921,https://en.wikipedia.org/wiki/Beijing_Forestry_University,,,Ministry of Education of the People's Republic of China,https://openalex.org/I1327237609
https://openalex.org/I24185976,4,Sichuan University,education,China,Chengdu,SCU,Sichuan University; Sìchuān Dàxué; 四川大学,256701,18845429,4.803156969988947,688,392351,http://en.wikipedia.org/wiki/Sichuan_University,West China Medical Center of Sichuan University; State Key Laboratory of Hydraulics and Mountain River Engineering; State Key Laboratory of Biotherapy; State Key Laboratory of Oral Diseases; State Key Laboratory of Polymer Materials Engineering,https://openalex.org/I2800091995; https://openalex.org/I4391767678; https://openalex.org/I4391768003; https://openalex.org/I4391768043; https://openalex.org/I4405255216,,
https://openalex.org/I50760025,4,Hangzhou Dianzi University,education,China,Hangzhou,HDU,Hangzhou Dianzi University; Hangzhou Institute of Electrical Engineering; Hángzhōu diànzǐ kējì dàxué; 杭州电子科技大学,36067,1173188,3.7633923927741755,247,27088,http://en.wikipedia.org/wiki/Hangzhou_Dianzi_University,,,,
https://openalex.org/I157773358,4,Sun Yat-sen University,education,China,Guangzhou,,Sun Yat-sen University; 中山大学,294371,24117202,4.2735443629463905,890,443679,http://en.wikipedia.org/wiki/Sun_Yat-sen_University,"State Key Laboratory of Optoelectronic Materials and Technology; State Key Laboratory of Oncology in South China; State Key Laboratory of Ophthalmology; State Key Laboratory of Pest Control and Resource Utilization; Zhongshan Ophthalmic Center, Sun Yat-sen University; National Supercomputer Center in Guangzhou",https://openalex.org/I4391767867; https://openalex.org/I4391768007; https://openalex.org/I4391768270; https://openalex.org/I4391768288; https://openalex.org/I4401726874; https://openalex.org/I4405256355,,
https://openalex.org/I125839683,4,Beijing Institute of Technology,education,China,Beijing,BIT,Beijing Institute of Technology; 北京理工大学,134892,7510742,5.0854163342313,568,141377,https://en.wikipedia.org/wiki/Beijing_Institute_of_Technology,,,Ministry of Industry and Information Technology,https://openalex.org/I890469752
https://openalex.org/I25757504,4,China University of Mining and Technology,education,China,Xuzhou,CUMT,China University of Mining and Technology; Zhōngguó Kuàngyè Dàxué; 中国矿业大学,88850,4320593,4.291463083604778,353,101320,http://en.wikipedia.org/wiki/China_University_of_Mining_and_Technology,State Key Laboratory of Coal Resources and Safe Mining; State Key Laboratory for Geomechanics and Deep Underground Engineering,https://openalex.org/I4391767921; https://openalex.org/I4391768053,,
https://openalex.org/I2801769982,4,First Affiliated Hospital of Wenzhou Medical University,healthcare,China,Wenzhou,,First Affiliated Hospital of Wenzhou Medical University; First Provincial Wenzhou Hospital of Zhejiang,19051,1118941,3.9261172693986057,244,26616,https://en.wikipedia.org/wiki/The_1st_Affiliated_Hospital,,,,
https://openalex.org/I170215575,4,National University of Defense Technology,education,China,Changsha,NUDT,Guófáng Kēxuéjìshù Dàxué; National University of Defense Technology; 中国人民解放军国防科学技术大学,85515,3031582,2.8788780014400652,342,69572,http://en.wikipedia.org/wiki/National_University_of_Defense_Technology,State Key Laboratory of Complex Electromagnetic Environment Effects on Electronics and Information System; State Key Laboratory of Automatic Target Recognition; State Key Laboratory of Pulsed Power Laser Technology,https://openalex.org/I4391767685; https://openalex.org/I4391767751; https://openalex.org/I4392021190,,
https://openalex.org/I4210137180,4,Institute of High Energy Physics,facility,China,Beijing,IHEP,Institute of High Energy Physics; 中国科学院高能物理研究所,27487,9894134,5.73544030760574,882,153495,https://en.wikipedia.org/wiki/Institute_of_High_Energy_Physics,China Spallation Neutron Source; Songshan Lake Materials Laboratory; Key Laboratory of Nuclear Radiation and Nuclear Energy Technology; State Key Laboratory of Nuclear Detection and Nuclear Electronics; Jiangmen Underground Neutrino Observatory,https://openalex.org/I4210107785; https://openalex.org/I4210114608; https://openalex.org/I4210133524; https://openalex.org/I4391767989; https://openalex.org/I4401726834,Chinese Academy of Sciences,https://openalex.org/I19820366
https://openalex.org/I97018004,4,Stanford University,education,United States,Stanford,SU,Leland Stanford Junior University; Stanford University; Universidad Stanford,516999,83956920,5.726359269932757,2454,643280,http://en.wikipedia.org/wiki/Stanford_University,SLAC National Accelerator Laboratory; Kavli Institute for Particle Astrophysics and Cosmology; Chan Zuckerberg Biohub San Francisco; Children's Hospital Central California; Brown Institute for Media Innovation; Stanford Synchrotron Radiation Lightsource; Center for Effective Global Action; Stanford Medicine; Max Planck Center for Visual Computing and Communication; Eterna Massive Open Laboratory; Facility for Advanced Accelerator Experimental Tests-II; Stanford SystemX Alliance; Hopkins Marine Station,https://openalex.org/I2801935854; https://openalex.org/I4210094059; https://openalex.org/I4210100286; https://openalex.org/I4210110647; https://openalex.org/I4210111952; https://openalex.org/I4210120900; https://openalex.org/I4210135243; https://openalex.org/I4210137306; https://openalex.org/I4210143036; https://openalex.org/I4210164524; https://openalex.org/I4390039342; https://openalex.org/I4392738099; https://openalex.org/I4405266016,,
https://openalex.org/I4210153519,3,First Affiliated Hospital of Soochow University,healthcare,China,Suzhou,,First Affiliated Hospital of Soochow University; 苏州大学附属第一医院,25794,1321043,3.0446275317542053,278,29758,,,,,
https://openalex.org/I83714178,3,Shenyang Jianzhu University,education,China,Shenyang,SJZU,Shenyang Architecture and Civil Engineering Institute; Shenyang Jianzhu University; 沈阳建筑大学,11132,160629,2.357465495608532,115,3862,https://en.wikipedia.org/wiki/Shenyang_Jianzhu_University,,,,
https://openalex.org/I74525822,3,Hubei University of Technology,education,China,Wuhan,HBUT,Hubei University of Technology; 湖北工业大学,20827,715913,4.014299372324063,203,17059,http://en.wikipedia.org/wiki/Hubei_University_of_Technology,,,,
https://openalex.org/I86519309,3,The University of Texas at Austin,education,United States,Austin,,The University of Texas at Austin; UT Austin; Universidad de Texas en Austin; Université du texas à austin,348490,22820865,0.665117287967525,1171,272707,http://en.wikipedia.org/wiki/University_of_Texas_at_Austin,"Texas Space Grant Consortium; Beaufort Lagoon Ecosystems Long Term Ecological Research Network; UT Health Austin; Applied Research Laboratories, The University of Texas at Austin; Texas Advanced Computing Center; Bureau of Economic Geology; NSF-Simons AI Institute for Cosmic Origins",https://openalex.org/I4210164984; https://openalex.org/I4387155281; https://openalex.org/I4387930201; https://openalex.org/I4388482719; https://openalex.org/I4388891828; https://openalex.org/I4403928371; https://openalex.org/I4405256350,The University of Texas System,https://openalex.org/I16452829
https://openalex.org/I74872605,3,China Southern Power Grid (China),company,China,Guangzhou,CSG,China Southern Power Grid (China); Zhōngguó Nánfāng Diànwǎng,21948,212128,0.8911094199781623,123,4579,https://en.wikipedia.org/wiki/China_Southern_Power_Grid,,,,
https://openalex.org/I191208505,3,Xiamen University,education,China,Xiamen,XMU,Xiamen University; Xiàmén Dàxué; 厦门大学,115691,9130272,5.424520630281316,648,158849,http://en.wikipedia.org/wiki/Xiamen_University,Xiamen University Malaysia; State Key Laboratory of Cell Stress Biology; State Key Laboratory of Marine Environmental Science,https://openalex.org/I4210134189; https://openalex.org/I4391767808; https://openalex.org/I4391767883,,
https://openalex.org/I4210126065,3,Shanghai Electric (China),company,China,Shanghai,,Shanghai Electric (China); Shanghai Electric Group; 上海电气集团,17641,108669,0.7990323483545924,86,2492,https://en.wikipedia.org/wiki/Shanghai_Electric,,,,
https://openalex.org/I17747738,3,Beijing University of Chinese Medicine,education,China,Beijing,BUCM,Beijing University of Chinese Medicine; 北京中医药大学,28767,1338487,3.2079973230717753,280,31908,http://en.wikipedia.org/wiki/Beijing_University_of_Chinese_Medicine,,,,
https://openalex.org/I84218800,3,"University of California, Davis",education,United States,Davis,UCD,"UC Davis; Universidad de California en Davis; University of California, Davis; Université de Californie à Davis",293371,28373880,2.9645406401105228,1179,365868,"http://en.wikipedia.org/wiki/University_of_California,_Davis",NeuroMab; Tahoe Environmental Research Center,https://openalex.org/I4210092208; https://openalex.org/I4387155247,University of California System,https://openalex.org/I2803209242
https://openalex.org/I78988378,3,Renmin University of China,education,China,Beijing,RUC,People's University of China; Renmin University of China; Zhōngguó Rénmín Dàxué; 中国人民大学,45173,1353325,4.302631578947368,327,24617,http://en.wikipedia.org/wiki/Renmin_University_of_China,,,,
https://openalex.org/I45129253,3,University College London,education,United Kingdom,London,UCL,"Coleg Prifysgol Llundain; London University; University College London; University College, London",567765,62184878,4.599925678953725,2006,645969,http://en.wikipedia.org/wiki/University_College_London,"Wellcome Centre for Human Neuroimaging; NIHR Moorfields Biomedical Research Centre; University College London Qatar; MRC Clinical Trials Unit at UCL; MRC Laboratory for Molecular Cell Biology; Wellcome / EPSRC Centre for Interventional and Surgical Sciences; MRC Prion Unit; UCL Biomedical Research Centre; MRC Unit for Lifelong Health and Ageing; Centre for the Observation and Modelling of Earthquakes, Volcanoes and Tectonics; Sierra Leone Urban Research Centre; Institute of Structural and Molecular Biology; UCL Hospitals Charitable Foundation; Sainsbury Wellcome Centre; UCL Queen Square Institute of Neurology",https://openalex.org/I165524941; https://openalex.org/I4210088407; https://openalex.org/I4210089544; https://openalex.org/I4210091428; https://openalex.org/I4210093127; https://openalex.org/I4210122016; https://openalex.org/I4210134576; https://openalex.org/I4210138523; https://openalex.org/I4210139815; https://openalex.org/I4210147017; https://openalex.org/I4210149513; https://openalex.org/I4210157240; https://openalex.org/I4392738225; https://openalex.org/I4396570676; https://openalex.org/I4405260083,University of London,https://openalex.org/I124357947
https://openalex.org/I4210159865,3,Xiangya Hospital Central South University,healthcare,China,Changsha,,Xiangya Hospital Central South University; 中南大学湘雅医院,37674,2868821,5.032007227438454,405,59873,,,,,
https://openalex.org/I50632499,3,Chongqing University of Technology,education,China,Chongqing,CQUT,Chongqing Institute of Technology; Chongqing University of Technology; 重庆理工大学,20776,592617,5.010048251504751,189,14617,http://en.wikipedia.org/wiki/Chongqing_University_of_Technology,,,,
https://openalex.org/I143868143,3,Anhui University,education,China,Hefei,,Anhui University; ānhuī dàxué; 安徽大学,50512,2135125,3.9973807059419952,337,47778,http://en.wikipedia.org/wiki/Anhui_University,,,,
https://openalex.org/I3923682,3,Soochow University,education,China,Suzhou,,Soochow University; Sūzhōu Dàxué; 苏州大学,120853,10633775,4.986954764267078,624,193899,http://en.wikipedia.org/wiki/Soochow_University_(Suzhou),Collaborative Innovation Center of Suzhou Nano Science and Technology,https://openalex.org/I4405255871,,
https://openalex.org/I4210164937,3,Microsoft Research (United Kingdom),company,United Kingdom,Cambridge,,Microsoft Research (United Kingdom),21351,3188904,7.286189358372457,577,16496,https://en.wikipedia.org/wiki/Microsoft_Research,The Microsoft Research - University of Trento Centre for Computational and Systems Biology,https://openalex.org/I2802934434,Microsoft (United States),https://openalex.org/I1290206253
https://openalex.org/I21193070,3,Beijing Jiaotong University,education,China,Beijing,BJTU,Beijing Jiaotong University; Northern Jiaotong University; 北京交通大学,78738,2688661,3.571701412858392,336,59652,http://en.wikipedia.org/wiki/Beijing_Jiaotong_University,State Key Laboratory of Rail Transit Control and Safety,https://openalex.org/I4391768209,,
https://openalex.org/I80947539,3,Fuzhou University,education,China,Fuzhou,FZU,Fuzhou University; Fúzhōu Dàxué; 福州大学,62419,4550285,5.530086355785838,502,80967,http://en.wikipedia.org/wiki/Fuzhou_University,,,,
https://openalex.org/I139759216,3,Beijing University of Posts and Telecommunications,education,China,Beijing,BUPT,Beijing University of Posts and Telecommunications; 北京邮电大学,77962,2720988,2.6936301473284585,381,57487,http://en.wikipedia.org/wiki/Beijing_University_of_Posts_and_Telecommunications,State Key Laboratory of Information Photonics and Optical Communications; State Key Laboratory of Networking and Switching Technology,https://openalex.org/I4391767763; https://openalex.org/I4392021250,,
https://openalex.org/I82497590,3,Auburn University,education,United States,Auburn,AU,Auburn University; Universidad de Auburn,79498,3800182,2.3482187429090082,477,69209,http://en.wikipedia.org/wiki/Auburn_University,,,Auburn University System,https://openalex.org/I4210151215
https://openalex.org/I4210092944,3,Dalian University,education,China,Dalian,,Dalian University; 大连大学,43114,3557609,5.318017202354007,415,67754,https://en.wikipedia.org/wiki/Dalian_University,,,,
https://openalex.org/I55712492,3,Zhejiang University of Technology,education,China,Hangzhou,ZJUT,Zhejiang University of Technology; Zhèjiāng Gōngyè Dàxúe; 浙江工业大学,68709,3784870,5.149946136351978,387,81765,https://en.wikipedia.org/wiki/Zhejiang_University_of_Technology,Yiwu Science and Technology Research Institute; Zhijiang College of Zhejiang University of Technology,https://openalex.org/I4210159154; https://openalex.org/I4402554164,,
https://openalex.org/I4610292,3,Xiangtan University,education,China,Xiangtan,XTU,Xiangtan University; Xiāngtán Dàxué; 湘潭大学,33309,1663343,5.252469242765552,251,38802,http://en.wikipedia.org/wiki/Xiangtan_University,,,,
https://openalex.org/I5681781,3,The University of Adelaide,education,Australia,Adelaide,,Adelaide Uni; The University of Adelaide; University of Adelaide,147351,29286289,4.489932456906654,876,396054,http://en.wikipedia.org/wiki/University_of_Adelaide,,,,
https://openalex.org/I59028903,3,Ocean University of China,education,China,Qingdao,OUC,Ocean University of China; Zhōngguó Hǎiyáng Dàxué; 中国海洋大学,70848,4108857,3.665261537946839,389,90428,http://en.wikipedia.org/wiki/Ocean_University_of_China,,,,
https://openalex.org/I4210152380,3,Shenzhen Technology University,education,China,Shenzhen,SZTU,Shenzhen Technology University; 深圳技术大学,13590,367277,4.151979149698648,193,7457,,,,,
https://openalex.org/I165932596,3,National University of Singapore,education,Singapore,Singapore,NUS,King Edward VII College of Medicine; National University of Singapore; Universiti Kebangsaan Singapura; University of Malaya; சிங்கப்பூர் தேசியப் பல்கலைக்கழகம்; 新加坡国立大学,272815,24147534,5.8638830851546,1078,316060,http://en.wikipedia.org/wiki/National_University_of_Singapore,UMI MajuLab; Duke-NUS Medical School; A*STAR-NUS Clinical Imaging Research Centre; NUS High School of Mathematics and Science,https://openalex.org/I4210114908; https://openalex.org/I4210126319; https://openalex.org/I4210130241; https://openalex.org/I4389425422,,
https://openalex.org/I4210125404,3,Institute of Theoretical Physics,facility,China,Beijing,ITP,Institute of Theoretical Physics; 中国科学院理论物理研究所,20653,900744,4.152245019327981,277,17391,,,,Chinese Academy of Sciences,https://openalex.org/I19820366
https://openalex.org/I4210138501,3,Chinese Academy of Agricultural Sciences,government,China,Beijing,CAAS,Chinese Academy of Agricultural Sciences; 中国农业科学院,89743,8303806,4.689649774995108,555,164771,https://en.wikipedia.org/wiki/Chinese_Academy_of_Agricultural_Sciences,Agricultural Genomics Institute at Shenzhen; Lanzhou Veterinary Research Institute; Agricultural Information Institute; Institute of Bast Fiber Crops; Tobacco Research Institute; Poultry Research Institute; Institute of Plant Protection; Shanghai Veterinary Research Institute; Institute of Food Science and Technology; Citrus Research Institute; Guangxi Buffalo Research Institute; Lanzhou Institute of Husbandry and Pharmaceutical Sciences; Institute of Agricultural Economics and Development; Cotton Research Institute; Institute of Sugar Beet; Institute of Agricultural Resources and Regional Planning; Institute of Agro-Products Processing Science and Technology; Institute of Vegetables and Flowers; Agro-Environmental Protection Institute; Biogas Institute of Ministry of Agriculture; Institute of Pomology; Zhengzhou Fruit Research Institute; Sericultural Research Institute; Oil Crops Research Institute; Institute of Environment and Sustainable Development in Agriculture; Farmland Irrigation Research Institute; Sweet Potato Research Institute; Institute of Apiculture Research; Feed Research Institute; Institute of Animal Sciences; Tea Research Institute; Institute of Special Animal and Plant Sciences; Institute of Grassland Research; Institute of Crop Sciences; China National Rice Research Institute; Institute of Quality Standards and Testing Technology for Agro Products; Biotechnology Research Institute; Harbin Veterinary Research Institute,https://openalex.org/I4210088191; https://openalex.org/I4210090981; https://openalex.org/I4210093981; https://openalex.org/I4210094438; https://openalex.org/I4210094602; https://openalex.org/I4210095026; https://openalex.org/I4210097978; https://openalex.org/I4210098832; https://openalex.org/I4210099012; https://openalex.org/I4210100403; https://openalex.org/I4210103937; https://openalex.org/I4210104008; https://openalex.org/I4210104598; https://openalex.org/I4210106793; https://openalex.org/I4210107411; https://openalex.org/I4210108914; https://openalex.org/I4210116605; https://openalex.org/I4210119469; https://openalex.org/I4210132100; https://openalex.org/I4210134666; https://openalex.org/I4210136608; https://openalex.org/I4210137117; https://openalex.org/I4210139005; https://openalex.org/I4210142396; https://openalex.org/I4210143868; https://openalex.org/I4210147183; https://openalex.org/I4210148312; https://openalex.org/I4210148465; https://openalex.org/I4210149219; https://openalex.org/I4210149494; https://openalex.org/I4210149916; https://openalex.org/I4210155662; https://openalex.org/I4210156847; https://openalex.org/I4210158190; https://openalex.org/I4210160522; https://openalex.org/I4210160718; https://openalex.org/I4210167153; https://openalex.org/I72212903,Ministry of Agriculture and Rural Affairs,https://openalex.org/I4210151987
https://openalex.org/I37987034,3,Guangzhou University,education,China,Guangzhou,,Guangzhou University; Guǎngzhōu dàxué; 广州大学,46626,1718205,4.704542797006548,308,36330,http://en.wikipedia.org/wiki/Guangzhou_University,,,,
https://openalex.org/I44675526,3,Shanghai Ocean University,education,China,Shanghai,SHOU,Shanghai Ocean University; 上海海洋大学; 上海海洋大學,30199,1091896,3.463310921315646,218,27111,http://en.wikipedia.org/wiki/Shanghai_Ocean_University,,,,
https://openalex.org/I154099455,3,Shandong University,education,China,Jinan,SDU,"Shandong University; Shāndōng Dàxué,; 山东大学",194448,13999947,4.6824438604251775,588,285796,http://en.wikipedia.org/wiki/Shandong_University,State Key Laboratory of Microbial Technology; State Key Laboratory of Crystal Materials,https://openalex.org/I4391767886; https://openalex.org/I4391768157,,
https://openalex.org/I4210156571,3,Collaborative Innovation Center of Chemistry for Energy Materials,facility,China,Shanghai,,Collaborative Innovation Center of Chemistry for Energy Materials; iChEM,12928,3813833,13.61896677176813,632,40231,,,,,
https://openalex.org/I4210136497,3,Jilin Medical University,education,China,Jilin City,,Jilin Medical University; 吉林医药学院,27275,1104398,1.929170257776385,259,23393,,,,,
https://openalex.org/I46529539,3,Chinese Academy of Fishery Sciences,nonprofit,China,Beijing,CAFS,Chinese Academy of Fishery Sciences; Zhōngguó shuǐchǎn Kēxuéyánjiūyuàn; 中国水产科学研究院东海水产研究所,20825,1140964,2.6076698894388675,225,28727,https://en.wikipedia.org/wiki/Chinese_Academy_of_Fishery_Sciences,China Fishery Machinery and Instrument Research Institute; Yangtze River Fisheries Research Institute; Freshwater Fisheries Research Center; Pearl River Fisheries Research Institute; Yellow Sea Fisheries Research Institute,https://openalex.org/I4210151461; https://openalex.org/I4405258493; https://openalex.org/I4405259661; https://openalex.org/I4405260819; https://openalex.org/I4405261380,Ministry of Agriculture and Rural Affairs,https://openalex.org/I4210151987
https://openalex.org/I47689461,3,Northeast Forestry University,education,China,Harbin,NEFU,Dōngběi Línyè Dàxué; Northeast Forestry University; 东北林业大学,36240,1691781,4.504782021944493,288,37443,http://en.wikipedia.org/wiki/Northeast_Forestry_University,State Key Laboratory of Tree Genetics and Breeding,https://openalex.org/I4392021092,,
https://openalex.org/I51622183,3,Shaanxi University of Science and Technology,education,China,Xi'an,SUST,Beijing Institute of Light Industry; Northwest Institute of Light Industry; Shaanxi University of Science and Technology; 陕西科技大学,23049,1503813,6.004598003152917,267,33654,https://en.wikipedia.org/wiki/Shaanxi_University_of_Science_and_Technology,,,,
https://openalex.org/I37802460,3,Northwest University,education,China,Xi'an,,Northwest University; Xīběi Dàxué; 西北大学,43114,2574889,4.614840989399293,337,56842,http://en.wikipedia.org/wiki/Northwest_University_(China),State Key Laboratory of Continental Dynamics,https://openalex.org/I4391767698,,
https://openalex.org/I4210116869,3,Affiliated Hospital of Qingdao University,healthcare,China,Qingdao,,Affiliated Hospital of Qingdao University,24594,1078353,2.9959802212656967,222,26427,,,,,
https://openalex.org/I196699116,2,Wuhan University of Technology,education,China,Wuhan,WHUT; WUT,Wuhan University of Technology; 武汉理工大学,94316,5889341,5.331399555186366,583,101542,http://en.wikipedia.org/wiki/Wuhan_University_of_Technology,State Key Laboratory of Advanced Technology For Materials Synthesis and Processing; State Key Laboratory of Silicate Materials for Architecture,https://openalex.org/I4391767798; https://openalex.org/I4391767827,,
https://openalex.org/I75900474,2,Hubei University,education,China,Wuhan,,Hubei University; Húběi Dàxué; 湖北大学,33343,1564630,4.350666093682854,289,33457,http://en.wikipedia.org/wiki/Hubei_University,,,,
https://openalex.org/I4210161896,2,Fu Wai Hospital,healthcare,China,Beijing,,Fu Wai Hospital; 中国医学科学院阜外心血管病医院,10255,632625,2.0592357910906296,262,11031,,,,,
https://openalex.org/I4210120234,2,Zhongnan Hospital of Wuhan University,healthcare,China,Wuhan,,Zhongnan Hospital of Wuhan University,20618,2134478,4.263881449741118,444,28536,,,,,
https://openalex.org/I22265921,2,National Central University,education,Taiwan,Taoyuan City,NCU,National Central University,44553,2854764,2.613941698352345,441,50103,http://en.wikipedia.org/wiki/National_Central_University,,,University System of Taiwan,https://openalex.org/I2802348453
https://openalex.org/I114539943,2,Zhejiang Chinese Medical University,education,China,Hangzhou,ZJNU,Zhejiang Chinese Medical University; 浙江中医药大学,29353,989805,3.120080478947885,234,25118,https://en.wikipedia.org/wiki/Zhejiang_Chinese_Medical_University,,,,
https://openalex.org/I4510145,2,Jiangxi University of Science and Technology,education,China,Ganzhou,,Jiangxi University of Science and Technology; 江西理工大学,17249,734568,4.726879363064675,199,17781,https://en.wikipedia.org/wiki/Jiangxi_University_of_Science_and_Technology,,,,
https://openalex.org/I4210088164,2,"Changchun Institute of Optics, Fine Mechanics and Physics",facility,China,Changchun,CIOMP,"Changchun Institute of Optics, Fine Mechanics and Physics; 中国科学院长春光学精密机械与物理研究所",14555,889980,4.5405931524103975,268,17881,,State Key Laboratory of Applied Optics; State Key Laboratory of Laser and Matter Interaction; State Key Laboratory of Luminescence and Application,https://openalex.org/I4391767908; https://openalex.org/I4391768030; https://openalex.org/I4391768233,Chinese Academy of Sciences,https://openalex.org/I19820366
https://openalex.org/I4210128818,2,Institute of Software,facility,China,Beijing,IOS; ISCAS,Institute of Software; Zhōngguó Kēxuéyuàn Ruǎnjiàn Yánjiūsuǒ; 中国科学院软件研究所,15201,411737,3.0336802544087886,192,8007,"https://en.wikipedia.org/wiki/Institute_of_Software,_Chinese_Academy_of_Sciences",State Key Laboratory of Computer Science,https://openalex.org/I4391767820,Chinese Academy of Sciences,https://openalex.org/I19820366
https://openalex.org/I4210160763,2,Shanxi Provincial People’s Hospital,healthcare,China,Taiyuan,,Shanxi Provincial People’s Hospital; 山西省人民医院,6060,159857,2.5535473947317824,118,4423,,,,Shanxi Medical University,https://openalex.org/I17721919
https://openalex.org/I64852412,2,Sichuan University of Science and Engineering,education,China,Zigong,SUSE ,Sichuan University of Science and Engineering; sìchuān lǐgōng xuéyuàn; 四川理工学院,12291,306858,3.1103768530094658,149,7755,http://en.wikipedia.org/wiki/Sichuan_University_of_Science_and_Engineering,,,,
https://openalex.org/I55538621,2,China Jiliang University,education,China,Hangzhou,,China Institute of Metrology; China Jiliang University,22203,848214,3.957969381046304,213,20719,http://en.wikipedia.org/wiki/China_Jiliang_University,,,,
https://openalex.org/I52180223,2,Hunan Agricultural University,education,China,Changsha,HAU,Hunan Agricultural University; 湖南农业大学,23566,1249684,4.152578209277238,278,26223,https://en.wikipedia.org/wiki/Hunan_Agricultural_University,,,,
https://openalex.org/I4210102412,2,Yan'an University,education,China,Shanxi,,Yan'an University; 延安大学,12196,247296,4.857646137787056,150,5996,,,,,
https://openalex.org/I82760581,2,Taizhou University,education,China,Taizhou,TU,Taizhou University; 台州学院,14055,496893,5.423701436708322,201,11267,https://en.wikipedia.org/wiki/Taizhou_University,,,,
https://openalex.org/I1284762954,2,Zhejiang A & F University,education,China,Lin’an Shi,ZAFU,Zhejiang A & F University; Zhejiang Forestry University; 浙江农林大学,20045,1093364,4.509468317552804,262,22302,https://en.wikipedia.org/wiki/Zhejiang_A_%26_F_University,,,,
https://openalex.org/I4210093194,2,Fudan University Shanghai Cancer Center,healthcare,China,Shanghai,FUSCC ,Fudan University Shanghai Cancer Center,22247,2146332,5.522725093489309,392,35633,,,,,
https://openalex.org/I4210117453,2,Dana-Farber Cancer Institute,facility,United States,Boston,,Dana-Farber Cancer Institute,85839,25340552,6.284916763063924,1630,143364,https://en.wikipedia.org/wiki/Dana%E2%80%93Farber_Cancer_Institute,Dana-Farber/Harvard Cancer Center; Dana-Farber Brigham Cancer Center; Dana-Farber/Boston Children's Cancer and Blood Disorders Center,https://openalex.org/I4210134579; https://openalex.org/I4210161994; https://openalex.org/I4210166317,,
https://openalex.org/I79576946,2,University of Pennsylvania,education,United States,Philadelphia,,UPenn; University of Pennsylvania,368011,51567027,5.462869591689182,1713,510704,http://en.wikipedia.org/wiki/University_of_Pennsylvania,Penn Center for AIDS Research,https://openalex.org/I4210127693,,
https://openalex.org/I145311948,2,Johns Hopkins University,education,United States,Baltimore,JHU,Johns Hopkins University; Universidad Johns Hopkins,484758,71459553,3.8032780880871715,2132,676342,http://en.wikipedia.org/wiki/Johns_Hopkins_University,Johns Hopkins University Applied Physics Laboratory; Johns Hopkins Berman Institute of Bioethics; Maryland Space Grant Consortium; Johns Hopkins University SAIS Bologna Center; Johns Hopkins Center for Communication Programs; Johns Hopkins University – Nanjing University Center for Chinese and American Studies; PARADIM; Materials Science in Extreme Environments University Research Alliance; Johns Hopkins University Center for AIDS Research; Hopkins Extreme Materials Institute; Packard Center; Johns Hopkins University Press; Johns Hopkins Materials Characterization and Processing Facility,https://openalex.org/I2802946424; https://openalex.org/I4210092215; https://openalex.org/I4210120405; https://openalex.org/I4210131961; https://openalex.org/I4210151848; https://openalex.org/I4210162165; https://openalex.org/I4387152773; https://openalex.org/I4388891755; https://openalex.org/I4389425327; https://openalex.org/I4391012584; https://openalex.org/I4392738135; https://openalex.org/I4394709191; https://openalex.org/I4405260374,,
https://openalex.org/I859038795,2,Virginia Tech,education,United States,Blacksburg,,Institut polytechnique et université d'État de virginie; Instituto Politécnico y Universidad Estatal de Virginia; Virginia Polytechnic Institute and State University; Virginia Tech,166807,10034964,2.3230343300110743,772,157634,http://en.wikipedia.org/wiki/Virginia_Tech,Virginia–Maryland College of Veterinary Medicine; Virginia Tech - Wake Forest University School of Biomedical Engineering & Sciences; Virginia Tech Transportation Institute; Virginia Agricultural Experiment Station,https://openalex.org/I39822340; https://openalex.org/I4210104154; https://openalex.org/I4387930269; https://openalex.org/I4391768034,,
https://openalex.org/I4210113369,2,Microsoft Research Asia (China),company,China,Beijing,,Microsoft Research Asia (China),9135,1846528,15.151283451665757,501,12073,https://en.wikipedia.org/wiki/Microsoft_Research_Asia,,,Microsoft (United States),https://openalex.org/I1290206253
https://openalex.org/I4210097354,2,Sun Yat-sen Memorial Hospital,healthcare,China,Guangzhou,,Second Affiliated Hospital of Sun Yat-sen; Sun Yat-sen Memorial Hospital,18183,1394323,3.670146589495321,305,26170,,,,,
https://openalex.org/I79223203,2,Guangdong Ocean University,education,China,Zhanjiang,GDOU,Guangdong Ocean University; Guǎngdōng hǎiyáng dàxué; 广东海洋大学,16429,603124,3.4844768307076515,183,16294,http://en.wikipedia.org/wiki/Guangdong_Ocean_University,,,,
https://openalex.org/I4210139449,2,Ningxia Medical University General Hospital,healthcare,China,Yinchuan,,Ningxia Medical University General Hospital; 宁夏医科大学总医院,4944,109070,1.9643159140876036,98,2307,,,,,
https://openalex.org/I125904092,2,Shenyang Aerospace University,education,China,Shenyang,SAU,Shenyang Aerospace University; Shenyang Institute of Aeronautical Engineering; 沈阳航空航天大学,14768,318796,3.143661735036987,155,7690,https://en.wikipedia.org/wiki/Shenyang_Aerospace_University,,,,
https://openalex.org/I66867065,2,East China Normal University,education,China,Shanghai,ECNU,East China Normal University; 华东师范大学; 華東師範大學,82598,4997041,4.503674403662356,485,92172,http://en.wikipedia.org/wiki/East_China_Normal_University,State Key Laboratory of Precision Spectroscopy Science and Technology; State Key Laboratory of Estuarine and Coastal Research,https://openalex.org/I4391767794; https://openalex.org/I4391768061,,
https://openalex.org/I181326427,2,Donghua University,education,China,Shanghai,DHU,Donghua University; Dōnghuá Dàxué; 东华大学; 東華大學,48180,3567378,6.652924123320511,390,64356,http://en.wikipedia.org/wiki/Donghua_University,State Key Laboratory for Modification of Chemical Fibers and Polymer Materials,https://openalex.org/I4391768076,,
https://openalex.org/I181903023,2,Xi'an Shiyou University,education,China,Xi'an,XSYU,Xi'an Petroleum Institute; Xi'an Petroleum University; Xi'an Shiyou University; 西安石油大学,13617,222350,2.5665972944849114,110,6152,https://en.wikipedia.org/wiki/Xi'an_Shiyou_University,,,,
https://openalex.org/I4210153682,2,Intelligent Health (United Kingdom),company,United Kingdom,Reading,,Intelligent Health (United Kingdom),4516,61937,2.050204918032787,93,1294,,,,,
https://openalex.org/I899859998,2,Qiqihar Medical University,education,China,Qiqihar,QMU,Qiqihar Medical University; 齐齐哈尔医学院,4995,149767,2.1309426229508195,103,4155,https://en.wikipedia.org/wiki/Qiqihar_Medical_University,,,,
https://openalex.org/I113940042,2,Shanghai University,education,China,Shanghai,SHU,Shanghai University; Shànghǎi Dàxué; 上海大学; 上海大學,97787,4908495,5.1937222625675785,464,98412,http://en.wikipedia.org/wiki/Shanghai_University,,,,
https://openalex.org/I29739308,2,Guangxi Normal University,education,China,Guilin,GXNU,Guangxi Normal University; Guǎngxī shīfàn dàxué; 广西师范大学,26750,859801,3.385386085092502,206,21072,https://en.wikipedia.org/wiki/Guangxi_Normal_University,,,,
https://openalex.org/I4210163952,2,Beijing Obstetrics and Gynecology Hospital,healthcare,China,Beijing,,Beijing Obstetrics and Gynecology Hospital,7619,353946,2.6904458598726113,202,7015,,,,,
https://openalex.org/I4210152042,2,Beijing Polytechnic,education,China,Chaoyang,,Beijing Electronic Science and Technology Vocational College; Beijing Electronic Technology Vocational College; Beijing Polytechnic; 北京电子科技职业学院,3854,48408,0.6995280545359203,81,1102,,,,,
https://openalex.org/I150807315,2,Guangxi University,education,China,Nanning,GXU,Guangxi University; Guǎngxī Dàxué; 广西大学,65040,3123737,4.957580103918597,306,73444,https://en.wikipedia.org/wiki/Guangxi_University,State Key Laboratory For Conservation and Utilization of Subtropical Agro-Bioresources,https://openalex.org/I4391768241,,
https://openalex.org/I9086337,2,Taiyuan University of Technology,education,China,Taiyuan,,Taiyuan University of Technology; 太原理工大学,45664,2282203,4.190699547055863,268,56563,https://en.wikipedia.org/wiki/Taiyuan_University_of_Technology,,,,
https://openalex.org/I167027274,2,Nanjing Forestry University,education,China,Nanjing,NFU; NJFU,Nanjing Forestry College; Nanjing Forestry University; Nanjing Technological College of Forest Products; Sanjiang Normal College; 南京林业大学,46257,2408855,5.707983242446228,304,53930,https://en.wikipedia.org/wiki/Nanjing_Forestry_University,,,,
https://openalex.org/I4210094216,2,National Synchrotron Radiation Research Center,facility,Taiwan,Hsinchu,NSRRC,National Synchrotron Radiation Research Center; 國家同步輻射研究中心;,9348,493734,6.720238095238095,220,9669,https://en.wikipedia.org/wiki/National_Synchrotron_Radiation_Research_Center,,,National Science and Technology Council,https://openalex.org/I4210128167
https://openalex.org/I200296433,2,Chinese Academy of Medical Sciences & Peking Union Medical College,education,China,Beijing,CAMS; CAMS&PUMC; PUMC,Chinese Academy of Medical Sciences; Chinese Academy of Medical Sciences & Peking Union Medical College; Peking Union Medical College; 中国医学科学院; 中国医学科学院北京协和医学院; 北京协和医学院,191194,16452616,3.696643343419062,966,274320,https://en.wikipedia.org/wiki/Peking_Union_Medical_College,Institute of Basic Medical Sciences of the Chinese Academy of Medical Sciences; State Key Laboratory of Virus Genetic Engineering; Institute of Chinese Materia Medica,https://openalex.org/I4391767653; https://openalex.org/I4391767676; https://openalex.org/I4392738151,,
https://openalex.org/I103890011,2,Shenyang Pharmaceutical University,education,China,Shenyang,SPU,Shenyang Pharmaceutical University; Shěnyáng Yào Kē Dàxué,20877,1764921,4.192167195640457,273,42611,http://en.wikipedia.org/wiki/Shenyang_Pharmaceutical_University,,,,
https://openalex.org/I52357470,2,The Ohio State University,education,United States,Columbus,OSU,The Ohio State University; Universidad Estatal de Ohio; Université d'État de l'Ohio,364235,27897666,3.064304795058684,1149,367815,http://en.wikipedia.org/wiki/Ohio_State_University,The Ohio State University at Mansfield; The Ohio State University at Marion; The Ohio State University at Lima; Center for Muscle Health and Neuromuscular Disorders; The Ohio State University Newark; Byrd Polar and Climate Research Center; NSF National eXtreme Ultrafast Science Facility; CHRR at The Ohio State University,https://openalex.org/I2800773976; https://openalex.org/I2801551205; https://openalex.org/I2801706460; https://openalex.org/I4210094986; https://openalex.org/I4210107394; https://openalex.org/I4400009048; https://openalex.org/I4405254524; https://openalex.org/I4405258085,University System of Ohio,https://openalex.org/I2802096936
https://openalex.org/I4210098034,2,Key Laboratory of Guangdong Province,facility,China,Guangzhou,,Key Laboratory of Guangdong Province; 广东省重点实验室,20049,1507114,4.289222504676483,284,31396,,,,,
https://openalex.org/I57206974,2,New York University,education,United States,New York,NYU,New York University; Universidad de Nueva York; Université de New York,270476,25773882,3.4616790999959965,1349,261420,http://en.wikipedia.org/wiki/New_York_University,New York University Abu Dhabi; New York University Shanghai; New York University Press; Courant Institute of Mathematical Sciences; New York University Florence; New York University Paris,https://openalex.org/I120250893; https://openalex.org/I258800397; https://openalex.org/I2799442855; https://openalex.org/I36672615; https://openalex.org/I4210123063; https://openalex.org/I4210165353,,
https://openalex.org/I88830068,2,Shaanxi Normal University,education,China,Xi'an,SNNU,Shaanxi Normal University; Shanxi Teachers University; Shǎnxī Shīfàn Dàxué; 陕西师范大学,43339,2408461,4.393631543858535,346,50468,http://en.wikipedia.org/wiki/Shaanxi_Normal_University,,,,
https://openalex.org/I98358874,2,Delft University of Technology,education,The Netherlands,Delft,,Delft University of Technology; TU Delft; Technische Universiteit Delft,171295,10573107,2.900962987466461,774,158598,http://en.wikipedia.org/wiki/Delft_University_of_Technology,QuTech; TU Delft OPEN Publishing,https://openalex.org/I4210145640; https://openalex.org/I4387153198,,
https://openalex.org/I162868743,2,Tianjin University,education,China,Tianjin,TJU,Peiyang University; Tianjin University; 天津大学,166003,11934087,5.289970216942498,600,227993,http://en.wikipedia.org/wiki/Tianjin_University,Collaborative Innovation Center of Chemical Science and Engineering Tianjin; State Key Laboratory of Precision Testing Technology and Instruments; State Key Laboratory of Hydraulic Engineering Simulation and Safety; State Key Laboratory of Internal Combustion Engines,https://openalex.org/I4210151209; https://openalex.org/I4391767736; https://openalex.org/I4391767769; https://openalex.org/I4392021117,,
https://openalex.org/I2801228662,2,Peking Union Medical College Hospital,healthcare,China,Beijing,PUMCH,Beijing Xiehe Hospital; Peking Union Medical College Hospital; 北京协和医院,79396,3452054,1.8676814271905247,418,71309,https://en.wikipedia.org/wiki/Peking_Union_Medical_College_Hospital,,,,
https://openalex.org/I44445938,2,Shandong Jianzhu University,education,China,Jinan,,Shandong Jianzhu University; Shandong University of Architecture and Engineering; 山东建筑大学,12805,294259,3.393434868981175,143,7545,https://en.wikipedia.org/wiki/Shandong_Jianzhu_University,Shandong Provincial Key Laboratory of Renewable Energy Building Application Technology,https://openalex.org/I4210153716,,
https://openalex.org/I4210127074,2,Zhongshan Hospital,healthcare,China,Shanghai,,Chung Shan Memorial Hospital; Zhongshan Hospital; 中山医院; 复旦大学附属中山医院,41334,3174341,4.623774583508751,440,57302,https://en.wikipedia.org/wiki/Zhongshan_Hospital,,,,
https://openalex.org/I4210110024,2,Institute of Applied Ecology,facility,China,Shenyang,IAE,Institute of Applied Ecology; Institute of Forestry and Soil Sciences; 中国科学院沈阳应用生态研究所,9982,778768,4.185355568334292,272,13415,,,,Chinese Academy of Sciences,https://openalex.org/I19820366
https://openalex.org/I4210152119,2,Jiangsu Province Hospital,healthcare,China,Nanjing,,First Affiliated Hospital of Nanjing Medical University; Jiangsu Province Hospital; 江苏省人民医院,34103,2193953,3.4683510536946,354,45269,,,,,
https://openalex.org/I38877650,2,Zhengzhou University,education,China,Zhengzhou,,Zhengzhou University; 郑州大学,117082,6908670,5.099144726990866,477,145329,http://en.wikipedia.org/wiki/Zhengzhou_University,,,,
https://openalex.org/I919571938,2,The University of Texas Health Science Center at Houston,education,United States,Houston,,The University of Texas Health Science Center at Houston; UTHealth,140135,7422072,2.956324932713482,737,91618,https://en.wikipedia.org/wiki/University_of_Texas_Health_Science_Center_at_Houston,,,The University of Texas System,https://openalex.org/I16452829
https://openalex.org/I25399270,2,Southwest Forestry University,education,China,Kunming,SWFU,Southwest Forestry University; Xīnán Línxuéyuàn; 西南林业大学,15031,334041,2.7367911747629186,153,8639,http://en.wikipedia.org/wiki/Southwest_Forestry_University,,,,
https://openalex.org/I85430964,2,Jinzhou Medical University,education,China,Jinzhou,JZMU; LMU,Jinzhou Medical University; Liaoning Medical University; Liáoníng Yīxuéyuàn; 辽宁医学院; 锦州医科大学,9800,328673,3.5733887733887735,146,8945,https://en.wikipedia.org/wiki/Liaoning_Medical_University,,,,
https://openalex.org/I4210156804,2,First Affiliated Hospital of Zhengzhou University,healthcare,China,Zhengzhou,,First Affiliated Hospital of Zhengzhou University,38989,2054091,3.779755464185241,351,46107,,,,,
https://openalex.org/I96733725,2,Shanghai Maritime University,education,China,Shanghai,SMU,Shanghai Maritime University; 上海海事大学; 上海海事大學,21221,574884,4.206776244378974,200,12888,http://en.wikipedia.org/wiki/Shanghai_Maritime_University,,,,
https://openalex.org/I92178344,2,Anhui University of Technology,education,China,Ma'anshan City,AHUT,Anhui University of Technology; Ānhuī Gōngyè Dàxué; 安徽工业大学,19943,829777,4.839290456211164,242,19135,https://en.wikipedia.org/wiki/Anhui_University_of_Technology,,,,
https://openalex.org/I2250653659,2,Tencent (China),company,China,Shenzhen,,Tencent (China); Tencent Inc.; Téngxùn Kònggǔ Yǒuxiàn Gōngsī; 腾讯控股有限公司,9608,731428,8.121025794841032,353,9677,https://en.wikipedia.org/wiki/Tencent,,,,
https://openalex.org/I78974044,2,East China University of Political Science and Law,education,China,Shanghai,ECUPL,East China University of Political Science and Law; East China University of Politics and Law; Huádōng Zhèngfǎ Dàxué; 华东政法大学; 華東政法大學,3697,19813,1.683046683046683,64,418,https://en.wikipedia.org/wiki/East_China_University_of_Political_Science_and_Law,,,,
https://openalex.org/I45928872,2,Alibaba Group (China),company,China,Hangzhou,,Alibaba; Alibaba Group; Alibaba Group (China); Alibaba Inc.; Qwen; Qwen Team; Qwen.AI; Ālǐbābā Jítuán Kònggǔ Yǒuxiàn Gōngsī; 阿里巴巴集团控股有限公司,6612,431241,4.141084721729883,237,6950,https://en.wikipedia.org/wiki/Alibaba_Group,Alibaba Group (Cayman Islands); Alibaba Group (United States),https://openalex.org/I4210086143; https://openalex.org/I4210095624,,
https://openalex.org/I1343551460,2,The University of Texas MD Anderson Cancer Center,healthcare,United States,Houston,,The University of Texas MD Anderson Cancer Center,166081,32182832,3.9503258210473904,1558,297335,http://en.wikipedia.org/wiki/University_of_Texas_MD_Anderson_Cancer_Center,,,The University of Texas System,https://openalex.org/I16452829
https://openalex.org/I80626142,2,Henan Medical University,education,China,Xinxiang,XXMU,Henan Medical University; Xinxiang Medical University; 新乡医学院; 河南医药大学,13387,555444,3.130308106926943,195,14171,https://en.wikipedia.org/wiki/Xinxiang_Medical_University,,,,
https://openalex.org/I27357992,2,Dalian University of Technology,education,China,Dalian,DUT,Dalian University of Technology; Dàlián Lǐgōng Dàxué; 大连理工大学,134795,9131427,4.641655993919137,560,178056,http://en.wikipedia.org/wiki/Dalian_University_of_Technology,"Joint Institute of the Dalian University of Technology and Belarusian State University; State Key Laboratory of Fine Chemicals; State Key Laboratory of Coastal and Offshore Engineering; State Key Laboratory of Structural Analysis for Industrial Equipment; City Institute, Dalian University of Technology",https://openalex.org/I4387155016; https://openalex.org/I4391767660; https://openalex.org/I4391768152; https://openalex.org/I4391768246; https://openalex.org/I4403386801,,
https://openalex.org/I4210090176,2,Institute of Computing Technology,facility,China,Beijing,ICT,Institute of Computing Technology; 中国科学院计算技术研究所,18194,977785,3.79931442817077,358,13808,,State Key Laboratory of Computer Architecture,https://openalex.org/I4391767888,Chinese Academy of Sciences,https://openalex.org/I19820366
https://openalex.org/I4210134982,2,Institute of Microbiology,facility,China,Beijing,IMCAS,Institute of Microbiology; 中国科学院微生物研究所,17238,2294193,6.763239367769268,459,35765,,State Key Laboratory of Mycology; State Key Laboratory of Microbial Resources,https://openalex.org/I4391767942; https://openalex.org/I4391768059,Chinese Academy of Sciences,https://openalex.org/I19820366
https://openalex.org/I172675005,2,Nanyang Technological University,education,Singapore,Singapore,NTU,Nanyang Technological University; Universiti Teknologi Nanyang; நன்யாங் தொழில்நுட்பப் பல்கலைக்கழகம்; 南洋理工大学,190243,17051807,6.184909183222235,947,220432,http://en.wikipedia.org/wiki/Nanyang_Technological_University,National Institute of Education; UMI MajuLab,https://openalex.org/I194744927; https://openalex.org/I4210114908,,
https://openalex.org/I135237710,2,Zhejiang Normal University,education,China,Jinhua,ZJNU,Zhejiang Normal University; 浙江师范大学,33925,1676053,6.222784516727188,293,33329,https://en.wikipedia.org/wiki/Zhejiang_Normal_University,,,,
https://openalex.org/I4210147745,2,West Anhui University,education,China,Lu'an,WAHU,West Anhui University; 皖西学院,3751,60395,2.959658904558872,80,1624,,,,,
https://openalex.org/I168635309,2,University of Calgary,education,Canada,Calgary,UoC,University of Calgary; Université de Calgary,194022,13852974,3.2617928131312275,891,193729,http://en.wikipedia.org/wiki/University_of_Calgary,Bamfield Marine Sciences Centre; Alberta Gambling Research Institute; Alberta Children's Hospital Research Institute; Hotchkiss Brain Institute,https://openalex.org/I2802902549; https://openalex.org/I4210140388; https://openalex.org/I4389425471; https://openalex.org/I4405260330,,
https://openalex.org/I36258959,2,University of California San Diego,education,United States,San Diego,UCSD,"UC San Diego; University of California San Diego; University of California, San Diego",345649,48405736,4.023207535745487,1706,447802,"http://en.wikipedia.org/wiki/University_of_California,_San_Diego",Scripps Institution of Oceanography; San Diego Supercomputer Center; California Sea Grant; California Space Grant Consortium; UCSD-CNRS Joint Research Chemistry Laboratory; Center for Wireless Communications; CloudBank; Swartz Center for Computational Neuroscience,https://openalex.org/I150209017; https://openalex.org/I181653535; https://openalex.org/I4210136348; https://openalex.org/I4210159531; https://openalex.org/I4387154842; https://openalex.org/I4392738179; https://openalex.org/I4405259881; https://openalex.org/I4405263016,University of California System,https://openalex.org/I2803209242
https://openalex.org/I4210128819,2,Institute of Electrical Engineering,facility,China,Beijing,IEE,Institute of Electrical Engineering; 中国科学院电工研究所,10105,536816,3.8174980205859064,234,11100,,,,Chinese Academy of Sciences,https://openalex.org/I19820366
https://openalex.org/I4210125137,2,First Hospital of Jilin University,healthcare,China,Changchun,,First Hospital of Jilin University; 吉林大学第一医院,24688,1362027,3.8450020234722784,277,31281,,,,,
https://openalex.org/I4210162190,2,"China University of Petroleum, East China",education,China,Qingdao,,"China University of Petroleum, East China; 中国石油大学",43381,3075512,5.22698463852186,335,67753,https://en.wikipedia.org/wiki/China_University_of_Petroleum,,,,
https://openalex.org/I75955062,2,Henan Normal University,education,China,Xinxiang,,Henan Normal University; 河南师范大学,28414,1487645,3.7571658277404922,276,33771,https://en.wikipedia.org/wiki/Henan_Normal_University,,,,
https://openalex.org/I4210096139,2,China Institute of Atomic Energy,facility,China,Beijing,CIAE,China Institute of Atomic Energy; 中国原子能科学研究院,10547,735233,2.4846723044397465,326,11323,,,,,
https://openalex.org/I63190737,2,"University at Buffalo, State University of New York",education,United States,Buffalo,UB,"SUNY Buffalo; Universidad de Búfalo; University at Buffalo, State University of New York; University of Buffalo; Université d'État de new york à buffalo",137828,10710934,2.552011364370117,811,150041,http://en.wikipedia.org/wiki/University_at_Buffalo,Advanced Cyberinfrastructure Coordination Ecosystem: Services & Support,https://openalex.org/I4387152812,State University of New York,https://openalex.org/I1327163397
https://openalex.org/I4210112519,2,Peng Huanwu Center for Fundamental Theory,facility,China,Hefei,,Peng Huanwu Center for Fundamental Theory,3659,15318,4.126195028680688,51,384,,,,,
https://openalex.org/I3133134087,2,Lanzhou Jiaotong University,education,China,Lanzhou,LZJTU,Lanzhou Jiaotong University; Lanzhou Railway University; 兰州交通大学,20886,576266,3.707373868046572,184,13473,https://en.wikipedia.org/wiki/Lanzhou_Jiaotong_University,,,,
https://openalex.org/I2801534221,2,Agriculture and Forestry University,education,Nepal,Bharatpur,AFU,Agriculture and Forestry University; नेपाल कृषि तथा वन विश्वविद्यालय,8924,121871,1.2520368638974222,126,2607,https://en.wikipedia.org/wiki/Agriculture_and_Forestry_University,,,,
https://openalex.org/I36399199,2,Nanjing University of Science and Technology,education,China,Nanjing,NUST,Nanjing University of Science and Technology; Nánjīng Lǐgōng Dàxué; Nánlǐgōng; 南京理工大学,85334,4476958,4.062552628413329,465,87666,https://en.wikipedia.org/wiki/Nanjing_University_of_Science_and_Technology,Nanjing University of Science and Technology ZiJin College,https://openalex.org/I4403386710,,
https://openalex.org/I4210163933,2,Union Hospital,healthcare,China,Fuzhou,,Fujian Medical University Union Hospital; Union Hospital,25167,1697459,4.755216972034716,310,35222,,,,,
https://openalex.org/I4472751,2,Anhui Normal University,education,China,Wuhu,,Anhui Normal University; 安徽师范大学,22427,853323,3.7582070253573736,233,19722,https://en.wikipedia.org/wiki/Anhui_Normal_University,,,,
https://openalex.org/I4210097066,2,Shanghai Ninth People's Hospital,healthcare,China,Shanghai,,Bethel Hospital; Shanghai Ninth People's Hospital; 上海第九人民医院,23097,1708140,4.467507857274912,282,37067,,,,,
https://openalex.org/I167383011,2,Henan University of Science and Technology,education,China,Luoyang,HAUST,Henan University of Science and Technology; Hénán Kējì Dàxué; 河南科技大学,27999,956912,3.5276003496268404,230,24236,https://en.wikipedia.org/wiki/Henan_University_of_Science_and_Technology,,,,
https://openalex.org/I163340411,2,Hohai University,education,China,Nanjing,,Hohai University; 河海大学,71573,2706769,3.983090935496587,298,61482,https://en.wikipedia.org/wiki/Hohai_University,State Key Laboratory of Hydrology-Water Resources and Hydraulic Engineering,https://openalex.org/I4210099662,,
https://openalex.org/I102149020,2,University of North Carolina at Charlotte,education,United States,Charlotte,UNCC,Universidad de Carolina del Norte en Charlotte; University of North Carolina at Charlotte; Université de caroline du nord à charlotte,40768,1712201,2.1645095732163866,375,26572,http://en.wikipedia.org/wiki/University_of_North_Carolina_at_Charlotte,,,University of North Carolina System,https://openalex.org/I4210158053
https://openalex.org/I79731167,2,Hainan Medical University,education,China,Haikou,HMU,Hainan Medical University; 海南医学院,14939,378193,2.9835820124941916,156,9687,https://en.wikipedia.org/wiki/Hainan_Medical_University,,,,
https://openalex.org/I4210164024,2,First Affiliated Hospital of Nanchang University,healthcare,China,Nanchang,,First Affiliated Hospital of Nanchang University; 南昌大学第一附属医院,13816,684536,2.765369373031196,175,16157,,,,,
https://openalex.org/I4391768157,2,State Key Laboratory of Crystal Materials,facility,China,Jinan,,State Key Lab of Crystal Materials; State Key Laboratory of Crystal Materials; 晶体材料国家重点实验室,9110,1206691,9.292382878328278,302,22838,,,,Shandong University,https://openalex.org/I154099455
https://openalex.org/I4210129794,2,Division of Materials Science and Engineering,facility,Australia,Canberra,CMSE,Division of Materials Science and Engineering,33086,2445984,4.998384221083129,447,40968,,,,Commonwealth Scientific and Industrial Research Organisation,https://openalex.org/I1292875679
https://openalex.org/I2802340896,2,Purple Mountain Observatory,facility,China,Nanjing,PMO,Cradle of Modern Astronomy; Institute of Astronomy; Purple Mountain Observatory; Zijinshan Astronomical Observatory; 中国科学院紫金山天文台,7551,436531,5.148799313893654,270,6993,https://en.wikipedia.org/wiki/Purple_Mountain_Observatory,,,Chinese Academy of Sciences,https://openalex.org/I19820366
https://openalex.org/I56590836,2,Monash University,education,Australia,Melbourne,,Monash University,276809,20608256,3.9562581598469744,1046,275693,http://en.wikipedia.org/wiki/Monash_University,"Australian Regenerative Medicine Institute; IITB-Monash Research Academy; ARC Centre of Excellence for Integrative Brain Function; National Trauma Research Institute; ARC Centre of Excellence in Advanced Molecular Imaging; ARC Centre of Excellence for Plant Success in Nature and Agriculture; ANZCA Clinical Trials Network; Monash University European Research Foundation ETS; Monash University, Indonesia",https://openalex.org/I2801239119; https://openalex.org/I2802772015; https://openalex.org/I4210124896; https://openalex.org/I4210142652; https://openalex.org/I4210146297; https://openalex.org/I4210155873; https://openalex.org/I4392021228; https://openalex.org/I4401200314; https://openalex.org/I4405262958,,
https://openalex.org/I94611258,2,Hebei Normal University,education,China,Shijiazhuang,,Hebei Normal University; 河北师范大学,18452,653408,3.3863033091488233,244,14065,https://en.wikipedia.org/wiki/Hebei_Normal_University,,,,
https://openalex.org/I4210094879,2,Shandong Institute of Automation,facility,China,Jinan,,Shandong Institute of Automation; 山东省科学院自动化研究所成,17235,985196,4.1541989108627115,328,15726,,,,Shandong Academy of Sciences,https://openalex.org/I4210142748
https://openalex.org/I4210119392,2,Institute of Microelectronics,facility,China,Beijing,IMEACAS,Institute of Microelectronics; 中国科学院微电子研究所,19896,1199306,3.80220361392684,306,24546,,,,Chinese Academy of Sciences,https://openalex.org/I19820366
https://openalex.org/I66883779,2,Weifang University,education,China,Weifang,WFU,Changwei Normal School; Weifang University; Wéifāng xuéyuàn; 潍坊学院,11756,118711,2.411362975879105,110,2773,https://en.wikipedia.org/wiki/Weifang_University,,,,
https://openalex.org/I75867142,2,Xiamen University of Technology,education,China,Xiamen,XMUT,Xiamen University of Technology; Xiàmén Lǐgōng Xuéyuàn; 厦门理工学院,19707,664656,3.248615898882273,227,14662,https://en.wikipedia.org/wiki/Xiamen_University_of_Technology,,,,
https://openalex.org/I921716337,2,Northeast Petroleum University,education,China,Daqing,,Daqing Petroleum Institute; Northeast Petroleum Institute; Northeast Petroleum University; 东北石油大学,16574,453014,3.867542059909725,168,11280,https://en.wikipedia.org/wiki/Northeast_Petroleum_University,,,,
https://openalex.org/I5422934,2,Shanxi Datong University,education,China,Datong,SDU,Shanxi Datong University; Shānxī Dàtóng Dàxué; 山西大同大学,7175,124046,3.3299772653458914,114,3176,https://en.wikipedia.org/wiki/Shanxi_Datong_University,,,,
https://openalex.org/I49934816,2,Hunan University of Technology,education,China,Jianning,,Hunan Gongye Daxue; Hunan University of Technology,12313,434908,5.811252268602541,206,9011,http://en.wikipedia.org/wiki/Hunan_University_of_Technology,,,,
https://openalex.org/I78675632,2,Beijing Information Science & Technology University,education,China,Beijing,BISTU,Beijing Information Science & Technology University; 北京信息科技大学,16666,258855,2.5135135135135136,134,6452,https://en.wikipedia.org/wiki/Beijing_Information_Science_&_Technology_University,,,,
https://openalex.org/I95457486,2,"University of California, Berkeley",education,United States,Berkeley,UCB,"Cal Berkeley; UC Berkeley; Universidad de California en Berkeley; University of California at Berkeley; University of California, Berkeley; Université de Californie à Berkeley",434985,54353471,4.217698173024633,1845,479230,"http://en.wikipedia.org/wiki/University_of_California,_Berkeley",QB3; Chan Zuckerberg Biohub San Francisco; Innovative Genomics Institute; Tsinghua–Berkeley Shenzhen Institute; Center for Effective Global Action; Plant Gene Expression Center; Gump South Pacific Research Station; Pacific Earthquake Engineering Research Center; Space Sciences Laboratory; Institute of International Studies; CloudBank,https://openalex.org/I103922791; https://openalex.org/I4210100286; https://openalex.org/I4210109258; https://openalex.org/I4210114105; https://openalex.org/I4210135243; https://openalex.org/I4210144282; https://openalex.org/I4210144402; https://openalex.org/I4392738292; https://openalex.org/I4405256501; https://openalex.org/I4405259112; https://openalex.org/I4405259881,University of California System,https://openalex.org/I2803209242
https://openalex.org/I108688024,2,Qingdao University,education,China,Qingdao,,Qingdao University; Qīngdǎo Dàxué; 青岛大学,82743,4708631,4.734117210223405,438,97948,http://en.wikipedia.org/wiki/Qingdao_University,,,,
https://openalex.org/I4210165441,2,Hangzhou Medical College,education,China,Hangzhou,HMC,Hangzhou Medical College; 杭州医学院,13147,470034,3.2857624831309042,195,11563,,,,,
https://openalex.org/I99418890,2,Northwestern Polytechnic University,education,United States,Fremont,NPU,Northwestern Polytechnic University,4346,42699,1.1179332715477295,76,943,https://en.wikipedia.org/wiki/Northwestern_Polytechnic_University,,,,
https://openalex.org/I178232147,2,Guizhou University,education,China,Guiyang,,Guizhou University; Guìzhōu Dàxué; 贵州大学,61450,1721721,3.8466507625914708,241,45968,https://en.wikipedia.org/wiki/Guizhou_University,,,,
https://openalex.org/I63966007,2,Massachusetts Institute of Technology,education,United States,Cambridge,MIT,Instituto Tecnológico de Massachusetts; Massachusetts Institute of Technology,340884,62467959,6.361769220036277,2250,462138,http://en.wikipedia.org/wiki/Massachusetts_Institute_of_Technology,"McGovern Institute for Brain Research; Ragon Institute of MGH, MIT and Harvard; Massachusetts Space Grant Consortium; Cambridge–MIT Institute; Institute for Soldier Nanotechnologies; MIT Lincoln Laboratory; MIT Sea Grant; Athinoula A. Martinos Center for Biomedical Imaging; Novartis-MIT Center for Continuous Manufacturing; Whitehead Institute for Biomedical Research; MIT-Harvard Center for Ultracold Atoms; The NSF AI Institute for Artificial Intelligence and Fundamental Interactions; Institute for Collaborative Biotechnologies; Koch Institute for Integrative Cancer Research At MIT; MIT Computer Science and Artificial Intelligence Laboratory",https://openalex.org/I144112489; https://openalex.org/I2802422659; https://openalex.org/I4210087444; https://openalex.org/I4210093068; https://openalex.org/I4210109539; https://openalex.org/I4210122954; https://openalex.org/I4210125891; https://openalex.org/I4210127055; https://openalex.org/I4210129287; https://openalex.org/I4210157710; https://openalex.org/I4210159271; https://openalex.org/I4210160315; https://openalex.org/I4388482662; https://openalex.org/I4390039253; https://openalex.org/I4405258931,,
https://openalex.org/I139660479,2,Central South University,education,China,Changsha,CSU,Central South University; 中南大学,247820,17832052,5.084087401795735,701,368032,http://en.wikipedia.org/wiki/Central_South_University,State Key Laboratory of High Performance Complex Manufacturing; State Key Laboratory of Powder Metallurgy,https://openalex.org/I4391767934; https://openalex.org/I4391768205,,
https://openalex.org/I28006308,2,Shandong Normal University,education,China,Jinan,SDNU,Shandong Normal College; Shandong Normal University; 山东师范大学,31170,1552205,4.810897607450624,297,32394,https://en.wikipedia.org/wiki/Shandong_Normal_University,,,,
https://openalex.org/I4210153482,2,Changzhou University,education,China,Changzhou,CZU,Changzhou University; 常州大学,23574,1238970,5.195792588315952,223,31879,,,,,
https://openalex.org/I37796252,2,Beijing University of Technology,education,China,Beijing,,Beijing Polytechnic University; Beijing University of Technology; Běijīng Gōngyè Dàxué; 北京工业大学,77917,3625032,4.591867195144198,385,77600,http://en.wikipedia.org/wiki/Beijing_University_of_Technology,Beijing Institute of Big Data Research,https://openalex.org/I4210096250,,
https://openalex.org/I94310126,2,Shanxi Normal University,education,China,Taiyuan,SXNU,Shanxi Normal University,11502,313815,4.117161477190442,147,8644,https://en.wikipedia.org/wiki/Shanxi_Normal_University,,,,
https://openalex.org/I4210113348,2,Guangxi University of Chinese Medicine,education,China,Nanning,GXTCM,Guangxi Traditional Chinese Medical University; Guangxi University of Chinese Medicine; 广西中医药大学,7629,197698,2.5453637976929904,118,5218,,,,,
https://openalex.org/I867280407,2,The University of Texas Southwestern Medical Center,healthcare,United States,Dallas,,The University of Texas Southwestern Medical Center; UT Southwestern,140087,20303633,3.9800052525606233,1218,190761,https://en.wikipedia.org/wiki/University_of_Texas_Southwestern_Medical_Center,Texas Health Dallas; Institute for Exercise and Environmental Medicine; Harold C. Simmons Comprehensive Cancer Center,https://openalex.org/I2800861319; https://openalex.org/I4210145855; https://openalex.org/I4390039370,The University of Texas System,https://openalex.org/I16452829
https://openalex.org/I6507939,2,China United Network Communications Group (China),company,China,Beijing,,China Unicom; China United Network Communications Group (China); 中国联合网络通信集团有限公司,3646,40993,1.3262152289969091,90,847,https://en.wikipedia.org/wiki/China_Unicom,,,,
https://openalex.org/I107639228,2,University of Notre Dame,education,United States,Notre Dame,,University of Notre Dame; Université notre-dame,97199,8013500,3.137804729152253,734,105439,http://en.wikipedia.org/wiki/University_of_Notre_Dame,Mike and Josie Harper Cancer Research Institute; NSF CI Compass,https://openalex.org/I4394709205; https://openalex.org/I4396570572,,
https://openalex.org/I36152291,2,Henan University of Technology,education,China,Zhengzhou,HAUT; HUT,Henan University of Technology; Hénán Gōngyè Dàxué; 河南工业大学,22520,733566,4.009042754445706,192,18348,http://en.wikipedia.org/wiki/Henan_University_of_Technology,,,,
https://openalex.org/I4210089761,2,West China Hospital of Sichuan University,healthcare,China,Chengdu,WCH,West China Hospital of Sichuan University,71353,3742997,3.7366439162155802,395,85020,,,,,
https://openalex.org/I68986083,2,Northwest Normal University,education,China,Lanzhou,,Northwest Normal University; Xīběi Shīfàn Dàxué; 西北师范大学,27978,1173296,4.057362537305883,226,28496,http://en.wikipedia.org/wiki/Northwest_Normal_University,,,,
https://openalex.org/I7350606,2,Dalian Jiaotong University,education,China,Dalian,,Dalian Jiaotong University; Dàlián Jiāotōng Dàxué; 大连交通大学,10435,176360,2.6410329576259097,127,4468,https://en.wikipedia.org/wiki/Dalian_Jiaotong_University,,,,
https://openalex.org/I1174212,2,University of Southern California,education,United States,Los Angeles,USC,Universidad del Sur de California; University of Southern California; Université de Californie du Sud,268644,26687148,3.3447819754480874,1435,296484,http://en.wikipedia.org/wiki/University_of_Southern_California,METRANS Transportation Center; University of Southern California Sea Grant; USC Institute for Creative Technologies; NSF CI Compass,https://openalex.org/I4210116796; https://openalex.org/I4210137391; https://openalex.org/I4388482679; https://openalex.org/I4396570572,,
https://openalex.org/I16609230,1,Hunan University,education,China,Changsha,,Hunan University; Húnán Dàxué; 湖南大学,96537,9675214,6.199266637478108,648,147381,http://en.wikipedia.org/wiki/Hunan_University,State Key Laboratory of Chemobiosensing and Chemometrics; State Key Laboratory of Advanced Design and Manufacturing of Automobile Body; National Supercomputing Changsha Center,https://openalex.org/I4391767752; https://openalex.org/I4391767846; https://openalex.org/I4405257734,,
https://openalex.org/I83399316,1,Rockefeller University,education,United States,New York,,Rockefeller University; Universidad Rockefeller,44618,12324132,6.231516144127281,1139,81481,http://en.wikipedia.org/wiki/Rockefeller_University,Rockefeller University Press; Chan Zuckerberg Biohub New York,https://openalex.org/I4387155900; https://openalex.org/I4396570641,,
https://openalex.org/I4210151511,1,National Center for Advanced Packaging (China),company,China,Wuxi,NCAP,National Center for Advanced Packaging (China),506,9228,4.3496932515337425,41,251,,,,,
https://openalex.org/I4210118524,1,Université Bourgogne Franche-Comté,education,France,Besançon,UBFC,Université Bourgogne Franche-Comté,38690,3540923,6.685616288403999,533,43859,,Presses Universitaires de Franche-Comté,https://openalex.org/I4405255930,,
https://openalex.org/I151727225,1,Harbin Engineering University,education,China,Harbin,HEU,Harbin Engineering University; Hāěrbīn Gōngchéng Dàxué; 哈尔滨工程大学,62017,2711685,3.971626666666667,350,57564,https://en.wikipedia.org/wiki/Harbin_Engineering_University,,,,
https://openalex.org/I1344073410,1,Howard Hughes Medical Institute,facility,United States,Chevy Chase,HHMI,Howard Hughes Medical Institute; Instituto Médico Howard Hughes,96153,40812083,10.035571232139654,1868,178167,https://en.wikipedia.org/wiki/Howard_Hughes_Medical_Institute,Janelia Research Campus,https://openalex.org/I195573530,,
https://openalex.org/I4210159329,1,Children's Hospital of Fudan University,healthcare,China,Shanghai,CHFU,Children's Hospital of Fudan University; Fudan Children's Hospital,9549,540553,3.163857452444016,243,10327,https://en.wikipedia.org/wiki/Children%27s_Hospital_of_Fudan_University,,,,
https://openalex.org/I178645029,1,Illumina (United States),company,United States,San Diego,,Illumina (United States),3576,1333004,3.0492069947132983,422,3330,https://en.wikipedia.org/wiki/Illumina_(company),Illumina (United Kingdom); Advanced Liquid Logic,https://openalex.org/I4210113899; https://openalex.org/I4210129197,,
https://openalex.org/I4210128921,1,"The First Affiliated Hospital, Sun Yat-sen University",healthcare,China,Guangzhou,,"Affiliated Hospital of Guangdong Public Institution of Medicine; First Affiliated Hospital of Sun Yat-Sen University; First Affiliated Hospital, Sun Yat-sen University; Sun Yat-sen University First Affiliated Hospital; The First Affiliated Hospital, Sun Yat-sen University; Zhongshan Hospital; 中山大学附属第一医院",48123,3355868,4.62681660448248,399,69986,,,,,
https://openalex.org/I149240348,1,Jilin Normal University,education,China,Siping,,Jilin Normal University; Siping Normal Institute; 吉林师范大学,9067,348587,4.482543821526872,169,8703,https://en.wikipedia.org/wiki/Jilin_Normal_University,,,,
https://openalex.org/I4210160522,1,China National Rice Research Institute,facility,China,Hangzhou,CNRRI,China National Rice Research Institute; 中国水稻研究所,5216,747839,5.263471566923268,288,11492,,State Key Laboratory of Rice Biology,https://openalex.org/I4391767812,Chinese Academy of Agricultural Sciences,https://openalex.org/I4210138501
https://openalex.org/I165951966,1,The University of Texas at San Antonio Health Science Center,education,United States,San Antonio,UTHSCSA,"The University of Texas at San Antonio Health Science Center; UT Health San Antonio; UT Health San Antonio Health San Antonio; UT San Antonio Health Science Center; University of Texas Health San Antonio; University of Texas Health Science Center San Antonio; University of Texas Health Science Center at San Antonio; University of Texas Health, San Antonio, Texas",69122,8843004,4.126244439737344,861,95113,https://en.wikipedia.org/wiki/University_of_Texas_Health_Science_Center_at_San_Antonio,Mays Cancer Center at UT Health San Antonio,https://openalex.org/I4390039360,The University of Texas at San Antonio,https://openalex.org/I45438204
https://openalex.org/I155673605,1,Union University,education,United States,Jackson,,Union University,2589,95006,1.0726817042606516,124,1621,https://en.wikipedia.org/wiki/Union_University,,,,
https://openalex.org/I887846188,1,National Research Nuclear University MEPhI,education,Russia,Moscow,MEPhI,Moscow Engineering Physics Institute; Moscow Engineering and Physics Institute; Moscow Mechanical Institute of Munitions; National Research Nuclear University; National Research Nuclear University MEPhI; Национальный исследовательский ядерный университет МИФИ,29737,2621473,1.8287949450880097,458,33544,https://en.wikipedia.org/wiki/National_Research_Nuclear_University_MEPhI,Seversk Technological Institute; Sarov Institute of Physics and Technology; Obninsk Institute for Nuclear Power Engineering,https://openalex.org/I4210098002; https://openalex.org/I4210156304; https://openalex.org/I4387153904,,
https://openalex.org/I6469544,1,City University of Macau,education,Macao,Macao,CityU,Asia International Open University; City University of Macau; Universidade da Cidade de Macau; University of East Asia; 澳門城市大學,12583,250693,3.4440674939737526,160,5224,https://en.wikipedia.org/wiki/City_University_of_Macau,,,,
https://openalex.org/I197312921,1,Otterbein University,education,United States,Westerville,,Otterbein University,1541,25296,0.31868131868131866,74,433,http://en.wikipedia.org/wiki/Otterbein_University,,,,
https://openalex.org/I2800959905,1,Liaoning University of Traditional Chinese Medicine,education,China,Shenyang,LNUTCM,Liaoning University of Traditional Chinese Medicine; 辽宁中医药大学,6488,120032,2.351941278732857,97,3271,https://en.wikipedia.org/wiki/Liaoning_University_of_Traditional_Chinese_Medicine,,,,
https://openalex.org/I46975222,1,Yunnan University of Traditional Chinese Medicine,education,China,Kunming,YUTCM,Yunnan University of Traditional Chinese Medicine; 云南中医药大学,3629,92414,2.3304626477067893,91,2642,http://en.wikipedia.org/wiki/Yunnan_University_of_Traditional_Chinese_Medicine,,,,
https://openalex.org/I120825670,1,Yunnan Normal University,education,China,Kunming,,Yunnan Normal University; 云南师范大学,16093,411441,3.3649277288586146,180,10123,https://en.wikipedia.org/wiki/Yunnan_Normal_University,,,,
https://openalex.org/I4210148966,1,Beijing Hospital of Traditional Chinese Medicine,healthcare,China,Beijing,,Beijing Hospital of TCM; Beijing Hospital of Traditional Chinese Medicine; 北京市中西医结合医院,5032,155127,2.7961783439490446,125,3928,,,,,
https://openalex.org/I4210153300,1,Shanghai Research Center for Wireless Communications,facility,China,Changning,WiCO,Shanghai Research Center for Wireless Communications; 上海无线通信研究中心,1672,40808,2.582089552238806,93,834,,,,,
https://openalex.org/I4391768268,1,State Key Laboratory of Virology,facility,China,Wuhan,,State Key Lab of Virology; State Key Laboratory of Virology; 病毒学国家重点实验室,1047,207943,5.8652291105121295,200,3117,,,,Wuhan University; Wuhan Institute of Virology,https://openalex.org/I37461747; https://openalex.org/I4210106882
https://openalex.org/I4210106477,1,Shanghai Institutes for Biological Sciences,facility,China,Shanghai,SIBS,Shanghai Institutes for Biological Sciences; 上海生命科学研究院,14970,3655479,6.129032258064516,596,40218,,State Key Laboratory of Cell Biology; State Key Laboratory of Molecular Biology; State Key Laboratory of Neuroscience; State Key Laboratory of Plant Molecular Genetics,https://openalex.org/I4391767705; https://openalex.org/I4391767724; https://openalex.org/I4391767951; https://openalex.org/I4391768256,Chinese Academy of Sciences,https://openalex.org/I19820366
https://openalex.org/I184490438,1,Chinese Center For Disease Control and Prevention,government,China,Beijing,CCDC,China CDC; Chinese Center For Disease Control and Prevention; 北京市预防医学研究中心,20037,1553449,2.4931099925736446,389,21986,https://en.wikipedia.org/wiki/Chinese_Center_for_Disease_Control_and_Prevention,"National Institute for Parasitic Diseases; National Center for Women and Children’s Health, China CDC; National Center for Chronic and Noncommunicable Disease Control and Prevention; National Center for AIDS/STD Control and Prevention,China CDC; National Institute for Viral Disease Control and Prevention; National Institute for Communicable Disease Control and Prevention; National Institute for Radiological Protection; National Institute for Occupational Health and Poison Control; State Key Laboratory of Virus Genetic Engineering; State Key Laboratory of Infectious Disease Prevention and Control",https://openalex.org/I152333232; https://openalex.org/I4210110013; https://openalex.org/I4210115484; https://openalex.org/I4210131009; https://openalex.org/I4210140986; https://openalex.org/I4210146685; https://openalex.org/I4210157236; https://openalex.org/I4210164727; https://openalex.org/I4391767676; https://openalex.org/I4391768093,Ministry of Agriculture and Rural Affairs,https://openalex.org/I4210151987
https://openalex.org/I4210093530,1,City College,education,United States,Fort Lauderdale,,City College; Draughon’s College of Business,5700,245064,3.0273972602739727,203,3382,https://en.wikipedia.org/wiki/City_College_(Florida),,,,
https://openalex.org/I130238516,1,University of Minnesota,education,United States,Minneapolis,,"University of Minnesota; University of Minnesota, Twin Cities",328880,35269840,3.5255576132024453,1370,417631,http://en.wikipedia.org/wiki/University_of_Minnesota,Bell Museum of Natural History; Continental Scientific Drilling Facility; Minnesota Geological Survey; Minneapolis-St. Paul Long Term Ecological Research; Minnesota Agricultural Experiment Station; Cedar Creek Ecosystem Science Reserve; Masonic Cancer Center; University of Minnesota Libraries Publishing; University of Minnesota Itasca Biological Station and Laboratories,https://openalex.org/I4387152231; https://openalex.org/I4387152554; https://openalex.org/I4387154767; https://openalex.org/I4387155566; https://openalex.org/I4387155675; https://openalex.org/I4387155916; https://openalex.org/I4390039358; https://openalex.org/I4400600966; https://openalex.org/I4405255312,University of Minnesota System,https://openalex.org/I2800403580
https://openalex.org/I135310074,1,University of Wisconsin–Madison,education,United States,Madison,UW,UW–Madison; Universidad de Wisconsin-Madison; University of Wisconsin–Madison; Université du Wisconsin à Madison,366260,41504864,3.4433125586594535,1392,487123,http://en.wikipedia.org/wiki/University_of_Wisconsin%E2%80%93Madison,Morgridge Institute for Research; North Temperate Lakes Long Term Ecological Research; Wisconsin Geological and Natural History Survey; Space Science and Engineering Center; Cooperative Institute for Meteorological Satellite Studies,https://openalex.org/I29680605; https://openalex.org/I4387155894; https://openalex.org/I4403928430; https://openalex.org/I4405263787; https://openalex.org/I4405264324,University of Wisconsin System,https://openalex.org/I1304256225
https://openalex.org/I4210134929,1,Jilin Province Science and Technology Department,government,China,Changchun,,Jilin Province Science and Technology Department,9739,242555,3.241686460807601,132,6259,,,,,
https://openalex.org/I4210156404,1,Institute of Information Engineering,facility,China,Beijing,IIE,Institute of Information Engineering; 中国科学院信息工程研究所,13282,370625,2.1925438596491227,190,7468,,Data Assurance and Communication Security; State Key Laboratory of Information Security,https://openalex.org/I4210126530; https://openalex.org/I4391768012,Chinese Academy of Sciences,https://openalex.org/I19820366
https://openalex.org/I205237279,1,Nankai University,education,China,Tianjin,NKU,Nankai University; Nánkāi Dàxué; 南开大学,111559,9601374,5.554785794882372,657,161748,http://en.wikipedia.org/wiki/Nankai_University,Collaborative Innovation Center of Chemical Science and Engineering Tianjin; State Key Laboratory of Medicinal Chemical Biology; State Key Laboratory of Elemental Organic Chemistry,https://openalex.org/I4210151209; https://openalex.org/I4391767646; https://openalex.org/I4391768085,,
https://openalex.org/I4210160980,1,Medical Technology Transfer (Netherlands),company,Netherlands,Arnhem,MTT,Medical Technology Transfer (Netherlands),39,332,0.25,12,13,,,,,
https://openalex.org/I4210120238,1,PowerChina (China),company,China,Beijing,,Power Construction Corporation of China; PowerChina (China); 中国电力建设集团公司,7327,89834,2.3403550609432964,90,2269,,,,,
https://openalex.org/I75917431,1,Nara Institute of Science and Technology,education,Japan,Ikoma,NAIST,Nara Institute of Science and Technology; Nara Sentan Kagaku Gijutsu Daigakuin Daigaku; 奈良先端科学技術大学院大学,22302,1814623,1.8241588061382514,444,25219,https://en.wikipedia.org/wiki/Nara_Institute_of_Science_and_Technology,,,,
https://openalex.org/I4210155828,1,Hezhou University,education,China,Hunan,,Guangxi Provincial Normal School Pingle; Hezhou University; 贺州学院,2789,45535,3.6638709677419357,73,1334,,,,,
https://openalex.org/I18489884,1,Kunming Institute of Zoology,facility,China,Kunming,KIZ,Kunming Institute of Zoology; 中国科学院昆明动物研究所,10504,915652,2.605794790005316,325,14714,https://en.wikipedia.org/wiki/Kunming_Institute_of_Zoology,State Key Laboratory of Genetic Resources and Evolution,https://openalex.org/I4387153597,Chinese Academy of Sciences,https://openalex.org/I19820366
https://openalex.org/I4210130999,1,South China Institute Of Environmental Sciences,nonprofit,China,Guangzhou,SCIES,South China Institute Of Environmental Sciences; 环境保护部华南环境科学研究所,2467,120976,3.6891143911439115,142,2128,,,,,
https://openalex.org/I4210112595,1,Research Institute of Petroleum Exploration and Development,facility,China,Beijing,RIPED,Research Institute of Petroleum Exploration and Development; 中国石油天然气股份有限公司勘探开发研究院,22775,823077,2.6556022041458935,269,17536,,State Key Laboratory of Enhanced Oil Recovery,https://openalex.org/I4391768254,China National Petroleum Corporation (China),https://openalex.org/I98227222
https://openalex.org/I198645480,1,North China University of Water Resources and Electric Power,education,China,Zhengzhou,NCWU,North China University of Water Conservancy and Electric Power; North China University of Water Resources and Electric Power; 华北水利水电大学,15103,293813,4.010281112948451,133,7911,http://en.wikipedia.org/wiki/North_China_University_of_Water_Conservancy_and_Electric_Power,,,,
https://openalex.org/I4210093484,1,Tianjin Nankai Hospital,healthcare,China,Tianjin,,Tianjin Nankai Hospital; 天津市南开医院,2456,72732,2.39237668161435,98,1724,,,,,
https://openalex.org/I4210126304,1,Institute of Metal Research,facility,China,Shenyang,IMR,Institute of Metal Research,7294,334511,5.053860819828408,203,5494,,State Key Laboratory of Metal Corrosion and Protection,https://openalex.org/I4391767984,Chinese Academy of Sciences,https://openalex.org/I19820366
https://openalex.org/I4210103248,1,Child Mind Institute,nonprofit,United States,New York,,Child Mind Institute,1458,155321,3.8982558139534884,189,1095,,,,,
https://openalex.org/I66943878,1,De Montfort University,education,United Kingdom,Leicester,DMU,De Montfort University,23012,696648,2.5935923309788094,274,12385,http://en.wikipedia.org/wiki/De_Montfort_University,De Montfort University Kazakhstan,https://openalex.org/I4405254511,,
https://openalex.org/I5343935,1,Guilin University of Electronic Technology,education,China,Guilin,GUET,Guilin Dianzi Keji Daxue; Guilin University of Electronic Technology; 桂林电子科技大学,28057,790450,2.9561304382920333,202,19443,https://en.wikipedia.org/wiki/Guilin_University_of_Electronic_Technology,,,,
https://openalex.org/I4210162228,1,Lifeline Hospital,healthcare,India,Chennai,,Lifeline Hospital,524,10237,0.8772727272727273,52,227,,,,,
https://openalex.org/I48780066,1,Shenyang University of Chemical Technology,education,China,Shenyang,SUCT,Shenyang University of Chemical Technology; Shěnyáng Huàgōng Dàxué; 沈阳化工大学,9035,266390,4.0708097493357975,129,7358,http://en.wikipedia.org/wiki/Shenyang_University_of_Chemical_Technology,,,,
https://openalex.org/I4210143016,1,Changchun Institute of Technology,education,China,Changchun,CIT,Changchun Institute of Technology; 长春工程学院,6189,58669,2.04210004952947,78,1396,,,,,
https://openalex.org/I210716285,1,University of Applied Sciences Leiden,education,The Netherlands,Leiden,UAS Leiden,Hogeschool Leiden; University of Applied Sciences Leiden,5551,253459,2.049239681390297,203,3358,https://en.wikipedia.org/wiki/University_of_Applied_Sciences_Leiden,,,,
https://openalex.org/I4392021250,1,State Key Laboratory of Networking and Switching Technology,facility,China,Beijing,,State Key Lab of Networking and Switching Technology; State Key Laboratory of Networking and Switching Technology; 网络与交换技术国家重点实验室,1565,36687,1.2963407318536293,74,874,,,,Beijing University of Posts and Telecommunications,https://openalex.org/I139759216
https://openalex.org/I5023651,1,McGill University,education,Canada,Montreal,,McGill University; Université McGill,290247,26328067,3.507527076747681,1188,322656,http://en.wikipedia.org/wiki/McGill_University,"Canadian Institute for International Peace and Security; Group for Research in Decision Analysis; International Laboratory for Brain, Music and Sound Research; International Laboratory on Learning Systems; Institut du cancer Rosalind & Morris Goodman; Collège MacDonald",https://openalex.org/I4210088084; https://openalex.org/I4210133247; https://openalex.org/I4210166983; https://openalex.org/I4403928267; https://openalex.org/I4405260784; https://openalex.org/I4405261831,,
https://openalex.org/I14243506,1,Hong Kong Polytechnic University,education,Hong Kong,Hong Kong,HKPU,Hong Kong Polytechnic University; PolyU; 香港理工大學,148892,8987559,6.218170031208069,644,141948,http://en.wikipedia.org/wiki/Hong_Kong_Polytechnic_University,,,,
https://openalex.org/I1327163397,1,State University of New York,education,United States,Albany,SUNY,State University of New York; Universidad Estatal de Nueva York; Université d'État de New York,83861,7691022,3.2107334525939177,734,99032,http://en.wikipedia.org/wiki/State_University_of_New_York,"Purchase College; Niagara County Community College; Buffalo State University; Tompkins Cortland Community College; SUNY Oneonta; Binghamton University; Clinton Community College; SUNY Old Westbury; Alfred State College; SUNY College of Environmental Science and Forestry; SUNY New Paltz; SUNY Canton; SUNY Erie; Dutchess Community College; Mohawk Valley Community College; Jamestown Community College; North Country Community College; SUNY Corning Community College; Farmingdale State College; SUNY Downstate Health Sciences University; SUNY Delhi; Rockland Community College; Suffolk County Community College; SUNY Upstate Medical University; Hudson Valley Community College; SUNY Morrisville; Nassau Community College; SUNY Geneseo; SUNY Cobleskill; SUNY Sullivan; Cayuga Community College; SUNY Ulster; SUNY Orange; SUNY Schenectady County Community College; University at Albany, State University of New York; New York State College of Agriculture & Life Sciences; New York State School of Industrial and Labor Relations; Jefferson Community College; Finger Lakes Community College; Fulton–Montgomery Community College; SUNY Korea; New York State College of Ceramics; New York Sea Grant; New York State University College of Human Ecology; New York State College of Veterinary Medicine; State University of New York at Oswego; Adirondack Ecological Center; SUNY Brockport; SUNY Westchester Community College; Stony Brook University; SUNY Fredonia; University at Buffalo, State University of New York; SUNY Plattsburgh; Herkimer College; SUNY Maritime College; State University of New York at Potsdam; Monroe Community College; Genesee Community College; SUNY College of Optometry; SUNY Cortland; Empire State University; SUNY Adirondack; Fashion Institute of Technology; SUNY Broome Community College; SUNY Polytechnic Institute; Onondaga Community College; Columbia-Greene Community College",https://openalex.org/I103497121; https://openalex.org/I103585767; https://openalex.org/I115441956; https://openalex.org/I117030601; https://openalex.org/I122713931; https://openalex.org/I123946342; https://openalex.org/I1333636663; https://openalex.org/I138168422; https://openalex.org/I139842744; https://openalex.org/I157349981; https://openalex.org/I157455823; https://openalex.org/I159428640; https://openalex.org/I160228981; https://openalex.org/I16131714; https://openalex.org/I16413302; https://openalex.org/I166337317; https://openalex.org/I166836350; https://openalex.org/I176819041; https://openalex.org/I177340980; https://openalex.org/I181697535; https://openalex.org/I19635904; https://openalex.org/I201180521; https://openalex.org/I202161180; https://openalex.org/I20388574; https://openalex.org/I23472080; https://openalex.org/I246966146; https://openalex.org/I266997715; https://openalex.org/I27559774; https://openalex.org/I2800100626; https://openalex.org/I2800487101; https://openalex.org/I2801702165; https://openalex.org/I2802499468; https://openalex.org/I2802682181; https://openalex.org/I2802733791; https://openalex.org/I392282; https://openalex.org/I4210092791; https://openalex.org/I4210098983; https://openalex.org/I4210099476; https://openalex.org/I4210103413; https://openalex.org/I4210105560; https://openalex.org/I4210116376; https://openalex.org/I4210118108; https://openalex.org/I4210134430; https://openalex.org/I4210144145; https://openalex.org/I4210151139; https://openalex.org/I43742981; https://openalex.org/I4405262287; https://openalex.org/I4864440; https://openalex.org/I56605708; https://openalex.org/I59553526; https://openalex.org/I61032284; https://openalex.org/I63190737; https://openalex.org/I63475719; https://openalex.org/I79983796; https://openalex.org/I8030538; https://openalex.org/I83328411; https://openalex.org/I86500011; https://openalex.org/I86659429; https://openalex.org/I87377408; https://openalex.org/I880615350; https://openalex.org/I88081825; https://openalex.org/I881304691; https://openalex.org/I883357; https://openalex.org/I884065104; https://openalex.org/I90965887; https://openalex.org/I94848961; https://openalex.org/I95324928,,
https://openalex.org/I80281795,1,University of Otago,education,New Zealand,Dunedin,,University of Otago,90363,6259008,2.605918424231162,624,94178,http://en.wikipedia.org/wiki/University_of_Otago,The Dodd-Walls Centre for Photonic and Quantum Technologies; Riddet Institute,https://openalex.org/I4210148749; https://openalex.org/I4210159946,,
https://openalex.org/I4210151337,1,Wuhan General Hospital of Guangzhou,healthcare,China,Wuhan,,Wuhan General Hospital of Guangzhou; 中国人民解放军广州军区武汉总医院,3373,119227,1.5452342487883683,111,2179,,,,,
https://openalex.org/I4210104314,1,New York Institute of Technology,education,United States,New York,NYIT,New York Institute of Technology,6046,212806,2.62239004886717,170,3417,https://en.wikipedia.org/wiki/New_York_Institute_of_Technology,New York Institute of Technology,https://openalex.org/I135364568,,
https://openalex.org/I4210113195,1,Gannan Medical University,education,China,Ganzhou,GMU,Gannan Medical University; 赣南医学院,5261,132412,3.3355065849524057,108,3630,,,,,
https://openalex.org/I4210147322,1,Shanghai Institute of Microsystem and Information Technology,facility,China,Shanghai,SIMIT,Shanghai Institute of Metallurgy; Shanghai Institute of Microsystem and Information Technology; 中国科学院上海微系统与信息技术研究所,13494,857560,4.67481225414233,254,17460,,State Key Laboratory of Transducer Technology; State Key Laboratory of Functional Materials for Informatics,https://openalex.org/I4210107198; https://openalex.org/I4391768079,Chinese Academy of Sciences,https://openalex.org/I19820366
https://openalex.org/I28290843,1,University of Surrey,education,United Kingdom,Guildford,,Prifysgol Surrey; University of Surrey,79887,3995988,3.7816471364911703,521,65143,http://en.wikipedia.org/wiki/University_of_Surrey,,,,
https://openalex.org/I4210107987,1,174th hospital of the People's Liberation Army,healthcare,China,Amoy,,174th Hospital of PLA; 174th hospital of the People's Liberation Army; 解放军第174医院,1073,22095,1.0607594936708862,56,463,,,,,
https://openalex.org/I2802789608,1,Ames National Laboratory,facility,United States,Ames,,Ames Laboratory; Ames National Laboratory; United States Department of Energy Office of Science Ames National Laboratory,19210,1911899,3.628937728937729,415,30313,https://en.wikipedia.org/wiki/Ames_Laboratory,,,Iowa State University; Office of Science,https://openalex.org/I173911158; https://openalex.org/I39565521
https://openalex.org/I173911158,1,Iowa State University,education,United States,Ames,ISU,Iowa State; Iowa State University; Iowa State University of Science and Technology; Universidad Estatal de Iowa; Université d'État de l'Iowa,193376,12295771,2.9257056260655427,800,174728,http://en.wikipedia.org/wiki/Iowa_State_University,Ames National Laboratory; Iowa Space Grant Consortium; Iowa State University Digital Press,https://openalex.org/I2802789608; https://openalex.org/I4210093026; https://openalex.org/I4405258286,,
https://openalex.org/I83776822,1,Shandong Institute of Business and Technology,education,China,Yantai,SDIBT,China Coal Economic College; Shandong Institute of Business and Technology; 山东工商学院,7016,90269,3.364284259824883,112,2106,https://en.wikipedia.org/wiki/Shandong_Institute_of_Business_and_Technology,,,,
https://openalex.org/I4210143608,1,Henan Cancer Hospital,healthcare,China,Zhengzhou,,Henan Cancer Hospital; 河南省肿瘤医院,10100,404666,3.717991169977925,198,7791,,,,,
https://openalex.org/I163770644,1,Okayama University,education,Japan,Okayama,,Okayama Daigaku; Okayama University; 岡山大学,84827,5173305,2.0291065894084355,467,103887,http://en.wikipedia.org/wiki/Okayama_University,,,,
https://openalex.org/I106938459,1,University of New Brunswick,education,Canada,Fredericton,UNB,Academy of Liberal Arts and Sciences; College of New Brunswick; University of New Brunswick; Université du nouveau-brunswick,37582,1841278,2.7110517761783144,378,28612,http://en.wikipedia.org/wiki/University_of_New_Brunswick,"Muriel McQueen Fergusson Centre for Family Violence Research; Off-site Construction Research Centre; Urban and Community Studies Institute; Milton F. Gregg Centre for the Study of War and Society; Wood Science and Technology Centre; SPECTRAL Spatial Computing Research Centre; Canadian Institute for Cybersecurity; Dr. Jack McKenzie Limerick Pulp & Paper Research & Education Centre; Marine Additive Manufacturing Centre of Excellence; Centre for Nuclear Energy Research; Canadian Rivers Institute; Centre for Research in Integrated Care; Centre for Advanced Studies - Atlantic; Atlantic Institute for Policy Research; Centre for Criminal Justice Studies and Policing Research; Institute of Biomedical Engineering; Institute of Population Health; New Brunswick Institute for Research, Data and Training; Research Institute in Data Science and Artificial Intelligence; Emera & NB Power Research Centre for Smart Grid Technologies",https://openalex.org/I4405258089; https://openalex.org/I4405258168; https://openalex.org/I4405258330; https://openalex.org/I4405258502; https://openalex.org/I4405258531; https://openalex.org/I4405258540; https://openalex.org/I4405258595; https://openalex.org/I4405258782; https://openalex.org/I4405258843; https://openalex.org/I4405259509; https://openalex.org/I4405259990; https://openalex.org/I4405260373; https://openalex.org/I4405260679; https://openalex.org/I4405260922; https://openalex.org/I4405261036; https://openalex.org/I4405261218; https://openalex.org/I4405261307; https://openalex.org/I4405261439; https://openalex.org/I4405261604; https://openalex.org/I4405261826,,
https://openalex.org/I4210101987,1,MEI Research (United States),company,United States,Minneapolis,,MEI Research (United States),628,6625,0.30063291139240506,37,99,,,,,
https://openalex.org/I1327237609,1,Ministry of Education of the People's Republic of China,government,China,Beijing,MOE,Ministry of Education Central People's Government; Ministry of Education of the People's Republic of China; State Education Commission; 中华人民共和国教育部,65462,5267796,4.9139801763406386,464,109912,http://en.wikipedia.org/wiki/Ministry_of_Education_of_the_People's_Republic_of_China,China Scholarship Council; Beijing Forestry University; Academic Degrees & Graduate Education; National Institute of Education Sciences; Ningbo Polytechnic; China Academic Degrees and Graduate Education Development Center; Gansu Education Department; Central Academy of Fine Arts,https://openalex.org/I2800974379; https://openalex.org/I31683504; https://openalex.org/I4210086551; https://openalex.org/I4210105239; https://openalex.org/I4210143969; https://openalex.org/I4210151713; https://openalex.org/I4387154257; https://openalex.org/I584858474,State Council of the People's Republic of China,https://openalex.org/I4210127390
https://openalex.org/I4210145278,1,Institute of Applied Physics and Computational Mathematics,facility,China,Beijing,IAPCM,Institute of Applied Physics and Computational Mathematics; 北京应用物理与计算数学研究所,8923,250322,2.072237017310253,133,6375,https://en.wikipedia.org/wiki/Institute_of_Applied_Physics_and_Computational_Mathematics,,,,
https://openalex.org/I170172562,1,Guizhou University of Finance and Economics,education,China,Guiyang,GUFE,Guizhou University of Finance and Economics; 贵州财经大学,5354,76957,3.9309413580246915,100,1903,https://en.wikipedia.org/wiki/Guizhou_University_of_Finance_and_Economics,,,,
https://openalex.org/I39694355,1,Hunter College,education,United States,New York,,Hunter College,22235,956350,2.088421755088422,310,14930,https://en.wikipedia.org/wiki/Hunter_College,,,City University of New York,https://openalex.org/I174216632
https://openalex.org/I4210150362,1,Children's Cancer Center,nonprofit,United States,Tampa,CCC,Children's Cancer Center,4646,823958,5.761439588688946,360,7965,,,,,
https://openalex.org/I1320354487,1,Target (United States),company,United States,Minneapolis,,Target (United States),6061,479259,3.4965108164689465,262,6822,https://en.wikipedia.org/wiki/Target_Corporation,Target (Germany),https://openalex.org/I4210149356,,
https://openalex.org/I4210167045,1,Shanxi Transportation Research Institute,facility,China,Taiyuan,,Shanxi Transportation Research Institute; 山西省交通科学研究院,1255,12977,2.3183730715287516,50,336,,,,,
https://openalex.org/I4210120696,1,South China Botanical Garden,facility,China,Guangzhou,SCBG,Institute of Agriculture and Forestry; South China Botanical Garden; South China Institute of Botany; 中国科学院华南植物园,13819,767227,2.6778582400702216,254,13598,https://en.wikipedia.org/wiki/South_China_Botanical_Garden,Dinghushan National Nature Reserve,https://openalex.org/I4396570596,Chinese Academy of Sciences,https://openalex.org/I19820366
https://openalex.org/I4210135723,1,Shanghai Institute of Technical Physics,facility,China,Shanghai,SITP,Shanghai Institute of Technical Physics; 中国科学院上海技术物理研究所,8401,574932,5.035364936042137,265,10103,,State Key Laboratory of Infrared Physics,https://openalex.org/I4391767704,Chinese Academy of Sciences,https://openalex.org/I19820366
https://openalex.org/I4210131342,1,Yibin University,education,China,Yibin,,Yibin University,8111,147632,3.4838542342108676,109,4051,,,,,
https://openalex.org/I4210100055,1,International Craniofacial Institute,facility,United States,Dallas,ICI,International Craniofacial Institute,886,41091,1.3409961685823755,89,930,,,,,
https://openalex.org/I4210163048,1,Jiangxi College of Applied Technology,education,China,Ganzhou,,Jiangxi College of Applied Technology; 江西应用技术职业学院,2338,13351,2.8772486772486774,48,332,,,,,
https://openalex.org/I28304128,1,Alcoa (United States),company,United States,New York,,Alcoa (United States); Aluminum Company of America,3775,174603,0.9818181818181818,159,2503,https://en.wikipedia.org/wiki/Alcoa,Alcoa (Norway); Alcoa (Canada); Alcoa (Australia); Alcoa (United Kingdom); Alcoa (Germany),https://openalex.org/I4210107689; https://openalex.org/I4210119821; https://openalex.org/I4210126308; https://openalex.org/I4210158301; https://openalex.org/I4210161333,,
https://openalex.org/I13850615,1,Kunming Institute of Botany,facility,China,Kunming,KIB; KIBCAS,CAS Institute of Systematic Botany Kunming Station; Kunming Institute of Botany; Kūnmíng Zhíwù Yánjiūsuǒ; Yunnan Provincial Institute of Agricultural and Forestry Botany; 中国科学院昆明植物研究所,19799,1194580,2.37294158433004,284,25879,https://en.wikipedia.org/wiki/Kunming_Institute_of_Botany,State Key Laboratory of Phytochemistry and Sustainable Utilization of Western Plant Resources,https://openalex.org/I4391767946,Chinese Academy of Sciences,https://openalex.org/I19820366
https://openalex.org/I87216513,1,Michigan State University,education,United States,East Lansing,MSU,Michigan State University; Université d'État du michigan,241494,19272545,2.3684682961284342,1050,249611,http://en.wikipedia.org/wiki/Michigan_State_University,McLaren Regional Medical Center; National Superconducting Cyclotron Laboratory; Michigan Sea Grant; Facility for Rare Isotope Beams; Kellogg Biological Station Long Term Ecological Research; Henry Ford Health + Michigan State University Health Sciences,https://openalex.org/I1297883686; https://openalex.org/I4210094386; https://openalex.org/I4210104572; https://openalex.org/I4387153336; https://openalex.org/I4387153360; https://openalex.org/I4387156414,,
https://openalex.org/I4210150549,1,Nanjing Second Hospital,healthcare,China,Nanjing,,Nanjing Second Hospital,1035,26331,1.8577844311377245,65,510,,,,,
https://openalex.org/I2800372957,1,China Electronics Technology Group Corporation,company,China,Beijing,CETC,China Electric Division; China Electronics Technology Group Corporation; 中国电子科技集团公司,11914,112980,1.5140574589030573,96,2831,https://en.wikipedia.org/wiki/China_Electronics_Technology_Group,Zhejiang Haikang Zhilian Science and Technology Co.,https://openalex.org/I4387153841,,
https://openalex.org/I2250955327,1,Huawei Technologies (China),company,China,Shenzhen,,Huawei Technologies (China); 华为技术有限公司,14046,561959,17.64386291179596,213,8653,https://en.wikipedia.org/wiki/Huawei,Huawei Technologies (Canada); Huawei Technologies (France); Huawei Technologies (Germany); Huawei Technologies (United States); Huawei Technologies (Sweden); Huawei Technologies (United Kingdom); State Key Laboratory of Wireless Communication Access Technology; Huawei Technologies (Poland),https://openalex.org/I4210115038; https://openalex.org/I4210123571; https://openalex.org/I4210129353; https://openalex.org/I4210146936; https://openalex.org/I4210159102; https://openalex.org/I4210160618; https://openalex.org/I4391767925; https://openalex.org/I4405252550,,
https://openalex.org/I98251732,1,McMaster University,education,Canada,Hamilton,,McMaster University,179223,17561213,3.396927843036014,1166,195215,http://en.wikipedia.org/wiki/McMaster_University,National Collaborating Centre for Methods and Tools; CanChild Centre for Childhood-onset Disability Research,https://openalex.org/I4391767890; https://openalex.org/I4405262926,,
https://openalex.org/I15062923,1,Tianjin Normal University,education,China,Tianjin,TNU,Tianjin Normal University; 天津师范大学,14993,517039,3.3763062369376304,208,11863,http://en.wikipedia.org/wiki/Tianjin_Normal_University,,,,
https://openalex.org/I28407311,1,University of Manchester,education,United Kingdom,Manchester,,Manchester University; Prifysgol Manceinion; University of Manchester; University of Manchester Institute of Science and Technology; Victoria University of Manchester,307857,27723253,3.4009843270028477,1216,342763,http://en.wikipedia.org/wiki/University_of_Manchester,Wellcome Centre for Cell-Matrix Research; Manchester School of Architecture; Centre for Epidemiology Versus Arthritis; Cancer Imaging Centre; Cancer Research UK Manchester Centre,https://openalex.org/I2800776015; https://openalex.org/I3132256593; https://openalex.org/I4389425494; https://openalex.org/I4392738266; https://openalex.org/I4392738304,,
https://openalex.org/I4210164401,1,Sidney Kimmel Comprehensive Cancer Center,facility,United States,Baltimore,SKCCC,Sidney Kimmel Comprehensive Cancer Center,15188,4338727,7.525072963650835,786,26463,https://en.wikipedia.org/wiki/Sidney_Kimmel_Comprehensive_Cancer_Center,,,Johns Hopkins Medicine,https://openalex.org/I2799853436
https://openalex.org/I4210147332,1,Beijing YouAn Hospital,healthcare,China,Beijing,,Beijing YouAn Hospital; Youan Hospital of Beijing; 北京佑安医院,5834,315564,2.8140016570008286,181,6282,,,,,
https://openalex.org/I4391768123,1,State Key Laboratory of Supramolecular Structure and Materials,facility,China,Changchun,,State Key Lab of Supramolecular Structure and Materials; State Key Laboratory of Supramolecular Structure and Materials; 超分子结构与材料国家重点实验室,6432,1223671,8.723646088700692,368,18053,,,,Jilin University,https://openalex.org/I194450716
https://openalex.org/I4387152340,1,Institute of Fluid Physics,facility,China,Mianyang,CAEP IFP; IFP,"China Academy of Engineering Physics, Institute of Fluid Physics; Institute of Fluid Physics; 流体物理研究所",1883,52265,2.444976076555024,75,1580,,,,China Academy of Engineering Physics,https://openalex.org/I2801345734
https://openalex.org/I30809798,1,ShanghaiTech University,education,China,Shanghai,,ShanghaiTech University; 上海科技大学; 上海科技大學,22993,1701675,5.652514484356894,424,24983,https://en.wikipedia.org/wiki/ShanghaiTech_University,,,,
https://openalex.org/I4210094772,1,Henan University of Engineering,education,China,Zhengzhou,,Henan University of Engineering; 河南工程学院,6625,144210,3.1023703703703704,115,3725,,,,,
https://openalex.org/I219193219,1,Purdue University West Lafayette,education,United States,West Lafayette,,Purdue University West Lafayette; Université de Purdue,277735,19748264,2.7629000923157476,932,279077,http://en.wikipedia.org/wiki/Purdue_University,Indiana Space Grant Consortium; Illinois Indiana Sea Grant; Purdue University in Indianapolis,https://openalex.org/I2800392643; https://openalex.org/I2800461586; https://openalex.org/I4388446363,Purdue University System,https://openalex.org/I2801333002
https://openalex.org/I4210132741,1,Shanghai Tenth People's Hospital,healthcare,China,Shanghai,,Shanghai Tenth People's Hospital; 上海第十人民医院,13143,1187984,6.25662100456621,283,23798,,,,,
https://openalex.org/I191996457,1,Dalian Medical University,education,China,Dalian,,Dalian Medical University; 大连医科大学,44792,2492735,3.276519963702359,307,56313,https://en.wikipedia.org/wiki/Dalian_Medical_University,,,,
https://openalex.org/I4210147206,1,Rongcheng City People's Hospital,healthcare,China,Weihai,,Rongcheng City People's Hospital; 荣成人民医院,687,6569,2.6916890080428955,30,197,,,,,
https://openalex.org/I4210097707,1,People’s Hospital of Rizhao,healthcare,China,Rizhao,,People’s Hospital of Rizhao,3469,48398,1.9770514603616134,74,1458,,,,,
https://openalex.org/I4210131271,1,Institute of Modern Physics,facility,China,Lanzhou,IMP,Institute of Modern Physics; 中国科学院近代物理研究所,17992,1033657,2.825569052954358,271,24196,,,,Chinese Academy of Sciences,https://openalex.org/I19820366
https://openalex.org/I4210090567,1,National Institute of Diabetes and Digestive and Kidney Diseases,facility,United States,Bethesda,NIDDK,National Institute of Diabetes and Digestive and Kidney Diseases,24705,5475773,4.435772717223082,747,47350,https://en.wikipedia.org/wiki/National_Institute_of_Diabetes_and_Digestive_and_Kidney_Diseases,,,National Institutes of Health,https://openalex.org/I1299303238
https://openalex.org/I4210091098,1,Cancer Hospital of Shantou University Medical College,healthcare,China,Shantou,,Cancer Hospital of Shantou University Medical College; 汕头大学医学院附属肿瘤医院,2169,112514,2.155236329935125,102,1874,,,,,
https://openalex.org/I4210141776,1,China XD Group (China),company,China,Xi'an,,China XD Group (China); Xi'an Electric; Xi'an Electric Machinery Manufacturing Company; Xi'an XD; Xi'an Xidian; 中国西电集团,9552,735066,2.259624502180922,232,14412,https://en.wikipedia.org/wiki/XD_Group,,,,
https://openalex.org/I181679659,1,Shanghai University of Finance and Economics,education,China,Shanghai,SUFE,Shanghai University of Finance and Economics; 上海財經大學; 上海财经大学,15574,278011,2.288580576307364,202,5001,https://en.wikipedia.org/wiki/Shanghai_University_of_Finance_and_Economics,,,,
https://openalex.org/I183519381,1,Capital Medical University,education,China,Beijing,CCMU; CMU; CUMS,Capital Medical University; 首都医科大学,130815,7841263,2.959788627300676,613,165524,https://en.wikipedia.org/wiki/Capital_University_of_Medical_Sciences,,,,
https://openalex.org/I49185572,1,Yunnan University of Finance And Economics,education,China,Kunming,YUFE,Yunnan Financial Cadres Training School; Yunnan Institute of Finance and Trade; Yunnan University of Finance And Economics; 云南财经大学,5951,77649,3.10965283657917,105,1789,https://en.wikipedia.org/wiki/Yunnan_University_of_Finance_and_Economics,,,,
https://openalex.org/I4210120266,1,"Czech Academy of Sciences, Institute of Mathematics",facility,Czechia,Prague,MÚ AV ČR,"Czech Acad Sci, Inst Math; Czech Academy of Sciences, Institute of Mathematics; Institute of Mathematics CAS; Institute of Mathematics of the Czech Academy of Sciences; Matematický ústav AV ČR; Matematický ústav AV ČR, v. v. i.; Matematický ústav AV ČR, veřejná výzkumná instituce",11044,198283,1.0075329566854991,135,3453,,,,Czech Academy of Sciences,https://openalex.org/I202391551
https://openalex.org/I4210142504,1,Semiconductor Manufacturing International (China),company,China,Shanghai,SMIC,Semiconductor Manufacturing International (China); 中芯国际集成电路制造有限公司,1334,16072,2.5605263157894735,45,402,https://en.wikipedia.org/wiki/Semiconductor_Manufacturing_International_Corporation,Semiconductor Manufacturing International (Italy),https://openalex.org/I1311218312,,
https://openalex.org/I4210135349,1,Shanghai Institute of Optics and Fine Mechanics,facility,China,Shanghai,SIOM,Shanghai Institute of Optics and Fine Mechanics; 中国科学院上海光学精密机械研究所,15665,787849,2.3104989604989603,239,18997,,State Key Laboratory of High Field Laser Physics,https://openalex.org/I4391767874,Chinese Academy of Sciences,https://openalex.org/I19820366
https://openalex.org/I4210104252,1,Air Force Engineering University,education,China,Xi'an,AFEU,Air Force Engineering University; 中国人民解放军空军工程大学,23196,555736,2.7447213239490202,186,13185,https://en.wikipedia.org/wiki/Air_Force_Engineering_University,,,,
https://openalex.org/I82783531,1,Penn State Milton S. Hershey Medical Center,healthcare,United States,Hershey,,Penn State Milton S. Hershey Medical Center,40173,2662969,2.017804840450131,455,41217,https://en.wikipedia.org/wiki/Penn_State_Milton_S._Hershey_Medical_Center,,,,
https://openalex.org/I2802939634,1,Chinese PLA General Hospital,healthcare,China,Beijing,PLAGH,301 Military Hospital; Chinese PLA General Hospital; 中国人民解放军总医院,52167,2696557,2.863978421062919,384,55495,https://en.wikipedia.org/wiki/301_Military_Hospital,State Key Laboratory of Kidney Diseases,https://openalex.org/I4391767906,,
https://openalex.org/I3124059619,1,China University of Geosciences,education,China,Wuhan,CUG,Beijing Institute of Geology; China University of Geosciences; Hubei College of Geology; Wuhan College of Geology; 中国地质大学,65547,3732001,4.765898617511521,378,74821,https://en.wikipedia.org/wiki/China_University_of_Geosciences_(Wuhan),State Key Laboratory of Biogeology and Environmental Geology; State Key Laboratory of Geological Processes and Mineral Resources,https://openalex.org/I4391767645; https://openalex.org/I4391767817,,
https://openalex.org/I2800762105,1,Shatin Hospital,healthcare,China,Shatin,,Shatin Hospital; Shatin Infirmary and Convalescent Hospital; Sātìhn Yīyún; 沙田醫院,951,92635,7.883620689655173,139,1354,https://en.wikipedia.org/wiki/Shatin_Hospital,,,Hospital Authority,https://openalex.org/I1294586568
https://openalex.org/I96852419,1,Capital Normal University,education,China,Beijing,CNU,Capital Normal University; Shǒudū Shīfàn Dàxué; 首都师范大学,24760,897643,2.884625052366988,245,19451,http://en.wikipedia.org/wiki/Capital_Normal_University,,,,
https://openalex.org/I159385669,1,Chiba University,education,Japan,Chiba,,Chiba Daigaku; Chiba University; 千葉大学,84469,5612509,2.1352070371164986,493,106027,http://en.wikipedia.org/wiki/Chiba_University,"Center for Forensic Mental Health, Chiba University",https://openalex.org/I4210162351,,
https://openalex.org/I4210154593,1,Beijing Shijitan Hospital,healthcare,China,Beijing,,Baby Friendly Hospital; Beijing Railway General Hospital; Beijing Shijitan Hospital; 北京世纪坛医院,6020,230849,2.696111111111111,158,5530,,,,,
https://openalex.org/I112260969,1,Ontario Institute for Cancer Research,funder,Canada,Toronto,OICR,Ontario Institute for Cancer Research,13718,4822885,3.6274359954145967,899,25046,http://en.wikipedia.org/wiki/Ontario_Institute_for_Cancer_Research,,,,
https://openalex.org/I44461941,1,University of Houston,education,United States,Houston,UH,Universidad de Houston; University of Houston; Université de houston,101787,6321945,3.2080695879446237,650,92902,http://en.wikipedia.org/wiki/University_of_Houston,Center for Theoretical Biological Physics,https://openalex.org/I4210145836,University of Houston System,https://openalex.org/I2801525821
https://openalex.org/I4210139715,1,"Institut de Microélectronique, Electromagnétisme et Photonique",facility,France,Grenoble,IMEP-LAHC,"Institut de Microélectronique, Electromagnétisme et Photonique; Institut de Microélectronique, Électromagnétisme et Photonique et le LAboratoire d'Hyperfréquences et de Caractérisation",6156,101340,1.625,100,2645,,,,Institut polytechnique de Grenoble; CNRS Ingénierie; Université Savoie Mont Blanc,https://openalex.org/I106785703; https://openalex.org/I4210095849; https://openalex.org/I70900168
https://openalex.org/I4210103679,1,Beijing Emergency Medical Center,healthcare,China,Beijing,,Beijing EMC; Beijing Emergency Medical Center; 北京急救中心,644,28376,1.3828382838283828,55,248,,,,,
https://openalex.org/I148366613,1,National Yang Ming Chiao Tung University,education,Taiwan,Hsinchu,NYCU,National Yang Ming Chiao Tung University,128068,7838824,2.914015202026937,586,155070,http://en.wikipedia.org/wiki/National_Chiao_Tung_University,Disaster Prevention & Water Environment Research Center,https://openalex.org/I4394709121,University System of Taiwan,https://openalex.org/I2802348453
https://openalex.org/I2800374468,1,Tzu Chi Foundation,nonprofit,Taiwan,Hualien City,,Buddhist Compassion Relief Tzu Chi Foundation; Tzu Chi Foundation,3047,73287,2.6668354430379746,82,2211,https://en.wikipedia.org/wiki/Tzu_Chi,,,,
https://openalex.org/I137902535,1,North Carolina State University,education,United States,Raleigh,NCSU,North Carolina State University; Universidad Estatal de Carolina del Norte; Université d'État de caroline du nord,180473,11771179,3.0663058846472624,804,176066,http://en.wikipedia.org/wiki/North_Carolina_State_University,North Carolina Sea Grant; UNC/NCSU Joint Department of Biomedical Engineering; North Carolina Space Grant Consortium; Center for Dielectrics & Piezoelectrics; Triangle Center for Evolutionary Medicine; Southeast Climate Adaptation Science Center; The Nonwovens Institute; North Carolina State Climate Office; Center for Marine Sciences and Technology; North Carolina Institute for Climate Studies; Renaissance Computing Institute,https://openalex.org/I4210107920; https://openalex.org/I4210131205; https://openalex.org/I4210141522; https://openalex.org/I4210150080; https://openalex.org/I4387153507; https://openalex.org/I4387156256; https://openalex.org/I4392738312; https://openalex.org/I4402554079; https://openalex.org/I4403928203; https://openalex.org/I4405260993; https://openalex.org/I69048370,University of North Carolina System,https://openalex.org/I4210158053
https://openalex.org/I4210143271,1,Goodyear (United States),company,United States,Akron,,Goodyear (United States); Goodyear Tire and Rubber Company,2691,70192,5.0137931034482754,115,1330,https://en.wikipedia.org/wiki/Goodyear_Tire_and_Rubber_Company,Goodyear (United Kingdom); Goodyear (Luxembourg),https://openalex.org/I1290270558; https://openalex.org/I4210131493,,
https://openalex.org/I200769079,1,Hong Kong University of Science and Technology,education,Hong Kong,Hong Kong,HKUST,Hong Kong University of Science and Technology,92341,8314735,6.0356066411238825,729,107385,http://en.wikipedia.org/wiki/Hong_Kong_University_of_Science_and_Technology,Institute of Molecular Functional Materials; HKUST Shenzhen Research Institute; Guangdong-Hongkong-Macau Joint Laboratory of Collaborative Innovation for Environmental Quality; Chinese National Engineering Research Center for Control and Treatment of Heavy Metal Pollution; Guangzhou HKUST Fok Ying Tung Research Institute,https://openalex.org/I4210094881; https://openalex.org/I4210096887; https://openalex.org/I4210107815; https://openalex.org/I4210140646; https://openalex.org/I4210159029,,
https://openalex.org/I8692664,1,University of Oklahoma,education,United States,Norman,UO,Universidad de Oklahoma; University of Oklahoma,87860,6260604,3.3008145663632007,655,84968,http://en.wikipedia.org/wiki/University_of_Oklahoma,Oklahoma Space Grant Consortium; South Central Climate Adaptation Science Center; University of Oklahoma - Tulsa; Oklahoma Geological Survey,https://openalex.org/I4210112443; https://openalex.org/I4387156350; https://openalex.org/I4392738079; https://openalex.org/I4405262545,,
https://openalex.org/I79272384,1,"University of Maryland, Baltimore County",education,United States,Baltimore,UMBC,"University of Maryland, Baltimore County; Université du maryland, comté de baltimore",35802,2164974,2.5405190677966103,480,27961,"http://en.wikipedia.org/wiki/University_of_Maryland,_Baltimore_County",,,University System of Maryland,https://openalex.org/I1317227900
https://openalex.org/I4210146711,1,Sun Yat-sen University Cancer Center,healthcare,China,Guangzhou,SYSUCC,Sun Yat-sen University Cancer Center; 中山大学肿瘤防治中心,30076,3464977,5.197268680062567,474,56940,,,,,
https://openalex.org/I4210141657,1,Jiangsu Center for Collaborative Innovation in Geographical Information Resource Development and Application,facility,China,Nanjing,,Jiangsu Center for Collaborative Innovation in Geographical Information Resource Development and Application; 江苏省地理信息资源开发与利用协同创新,5106,292604,5.245326336503772,174,6503,,,,Nanjing Normal University,https://openalex.org/I152031979
https://openalex.org/I4210106325,1,Shandong Academy of Agricultural Sciences,education,China,Jinan,,Shandong Academy of Agricultural Sciences; 山东省花生研究所,8965,400525,3.344476395878265,165,9335,,,,,
https://openalex.org/I19880235,1,Lomonosov Moscow State University,education,Russia,Moscow,MSU,Lomonosov Moscow State University; Moscow State University; Московский государственный университет; Московский государственный университет имени М.В. Ломоносова,200484,8813288,1.4002167205406995,717,154903,http://en.wikipedia.org/wiki/Moscow_State_University,,,,
https://openalex.org/I4210152679,1,Plant Industry,facility,Australia,Canberra,,Plant Industry,7519,1432015,2.4705882352941178,428,12451,,,,Commonwealth Scientific and Industrial Research Organisation,https://openalex.org/I1292875679
https://openalex.org/I4210115570,1,National Space Science Center,facility,China,Beijing,NSSC,Center for Space Science and Applied Research; National Space Science Center; 国家空间科学中心,8229,271165,2.4514196033670994,167,6017,,International Space Science Institute - Beijing; State Key Laboratory of Space Weather,https://openalex.org/I4210151528; https://openalex.org/I4391768066,Chinese Academy of Sciences,https://openalex.org/I19820366
https://openalex.org/I36296616,1,Hoshi University,education,Japan,Tokyo,,Hoshi University; Hoshi yakka daigaku; 星薬科大学,6724,456069,1.9420289855072463,181,10839,http://en.wikipedia.org/wiki/Hoshi_University,,,,
https://openalex.org/I4210162753,1,First Affiliated Hospital of Jinan University,healthcare,China,Guangzhou,,First Affiliated Hospital of Jinan University; Guangzhou Overseas Chinese Hospital; 暨南大学附属第一医院,13505,553542,3.928397467121286,189,13048,,,,,
https://openalex.org/I76835614,1,University of Missouri,education,United States,Columbia,MU,Universidad de Misuri; University of Missouri; University of Missouri–Columbia; Université du Missouri,130400,8616733,2.4066264020707506,735,127062,http://en.wikipedia.org/wiki/University_of_Missouri,,,University of Missouri System,https://openalex.org/I4777552
https://openalex.org/I130828816,1,University of Leeds,education,United Kingdom,Leeds,,Prifysgol Leeds; University of Leeds,191401,13297618,2.921989464153428,922,175402,http://en.wikipedia.org/wiki/University_of_Leeds,"Centre for the Observation and Modelling of Earthquakes, Volcanoes and Tectonics; Centre for Climate Change Economics and Policy",https://openalex.org/I4210147017; https://openalex.org/I4392738207,,
https://openalex.org/I2801618472,1,PLA Rocket Force University of Engineering,education,China,Xi'an,,PLA Rocket Force University of Engineering; PLA Second Artillery Engineering University; Rocket Force University of Engineering; Zhōngguó Rénmín Jiěfàngjūn Dìèrpàobīng Gōngchéng Dàxué; 中国人民解放军火箭军工程大学,5489,49795,2.8315018315018317,77,1282,https://en.wikipedia.org/wiki/PLA_Rocket_Force_University_of_Engineering,,,,
https://openalex.org/I1343180700,1,Intel (United States),company,United States,Santa Clara,,Intel (United States); Intel Corporation,33592,2706472,4.9046877433421585,599,32315,https://en.wikipedia.org/wiki/Intel,Intel (Ireland); Intel (Germany); Intel (Israel); Intel (Taiwan); Intel (United Arab Emirates); Intel (Brazil); Intel (Malaysia); Intel (India); Intel (Poland); Intel (United Kingdom),https://openalex.org/I131781684; https://openalex.org/I4210094487; https://openalex.org/I4210104622; https://openalex.org/I4210133876; https://openalex.org/I4210135487; https://openalex.org/I4210140447; https://openalex.org/I4210142644; https://openalex.org/I4210146682; https://openalex.org/I4210155185; https://openalex.org/I4210158342,,
https://openalex.org/I170751988,1,Shanxi University of Finance and Economics,education,China,Taiyuan,SXUFE,Shanxi University of Finance and Economics; 山西财经大学,4205,45026,3.069812540400776,81,1081,https://en.wikipedia.org/wiki/Shanxi_University_of_Finance_and_Economics,,,,
https://openalex.org/I4210103894,1,Hefei National Center for Physical Sciences at Nanoscale,facility,China,Hefei,HFNL,Hefei National Center for Physical Sciences at Nanoscale; 合肥微尺度物质科学国家实验室,17457,3553013,12.497369911790887,596,42172,,,,University of Science and Technology of China,https://openalex.org/I126520041
https://openalex.org/I92446798,1,Colorado State University,education,United States,Fort Collins,CSU,Colorado Agricultural College; Colorado State College of Agriculture and Mechanic Arts; Colorado State University; Universidad Estatal de Colorado; Université d'État du colorado,121024,9324931,2.8841058486431823,802,125682,http://en.wikipedia.org/wiki/Colorado_State_University,CSU Ventures; Colorado Water Center; Colorado Agricultural Experiment Station; Colorado Clinical and Translational Sciences Institute; Center for Risk-Based Community Resilience Planning,https://openalex.org/I4210143234; https://openalex.org/I4387155666; https://openalex.org/I4388891762; https://openalex.org/I4389425372; https://openalex.org/I4400009060,Colorado State University System,https://openalex.org/I4210131357
https://openalex.org/I16733864,1,National Taiwan University,education,Taiwan,Taipei,NTU,National Taiwan University,167910,12341732,2.8016278237277916,704,213845,http://en.wikipedia.org/wiki/National_Taiwan_University,,,,
https://openalex.org/I91136226,1,University of Sheffield,education,United Kingdom,Sheffield,,Prifysgol Sheffield; Sheffield University; University of Sheffield,186677,15345266,3.3504093225294462,967,193953,http://en.wikipedia.org/wiki/University_of_Sheffield,Leverhulme Centre for Climate Change Mitigation; Grantham Centre for Sustainable Futures; NERC Environmental Omics Facility,https://openalex.org/I4210147853; https://openalex.org/I4387152826; https://openalex.org/I4388482733,,
https://openalex.org/I4210116866,1,Public Health Dayton & Montgomery County,healthcare,United States,Dayton,PHDMC,Public Health Dayton & Montgomery County,6247,89168,0.33433373349339734,131,983,,,,,
https://openalex.org/I4210145500,1,Guizhou Electric Power Design and Research Institute,facility,China,Guiyang,GZED,Guizhou Electric Power Design and Research Institute; Guizhou Institute; 贵州电力设计研究院,6684,53747,1.1227272727272728,79,1299,,,,,
https://openalex.org/I4210113968,1,Mars (United States),company,United States,McLean,,Mars (United States),307,38454,2.460526315789474,98,309,"https://en.wikipedia.org/wiki/Mars,_Incorporated",Mars (France); Wisdom Health (United States); Mars (United Kingdom); Waltham Centre for Pet Nutrition; Mars Wrigley Confectionery,https://openalex.org/I4210104174; https://openalex.org/I4210115558; https://openalex.org/I4210118393; https://openalex.org/I4392738287; https://openalex.org/I4405263185,,
https://openalex.org/I4210105374,1,Beibu Gulf University,education,China,Qinzhou,,Beibu Gulf University; Qinzhou College; Qinzhou University; 北部湾大学; 钦州学院,4495,29478,2.038732394366197,70,678,,,,,
https://openalex.org/I4210099903,1,Nokia (China),company,China,Beijing,,Nokia (China),1140,37715,1.7432432432432432,76,642,https://en.wikipedia.org/wiki/Nokia,,,Nokia (Finland),https://openalex.org/I2738502077
https://openalex.org/I4210093412,1,Changzhou Vocational Institute of Textile and Garment,education,China,Changzhou,CZTGI,Changzhou Vocational Institute of Textile and Garment; 常州纺织服装职业技术学院,929,6335,3.417827298050139,39,160,,,,,
https://openalex.org/I4210142228,1,MSCI (China),company,China,Shanghai,,MSCI (China); MSCI Barra; Morgan Stanley Capital International,229,3714,4.55,28,66,https://en.wikipedia.org/wiki/MSCI,,,,
https://openalex.org/I4210115771,1,Heilongjiang Academy of Forestry,facility,China,Harbin,,Heilongjiang Academy of Forestry; Heilongjiang Academy of Forestry Science and Technology; 黑龙江省林业科学院,1792,17973,3.564742589703588,64,459,,Heilongjiang Provincial Wildlife Research Institute,https://openalex.org/I4210106358,,
https://openalex.org/I4210092700,1,Shanghai Industrial Boiler Research Institute (China),company,China,Shanghai,,Shanghai Industrial Boiler Research Institute (China); 上海工业锅炉研究所,311,4991,7.2846715328467155,35,106,,,,,
https://openalex.org/I4400573293,1,National Marine Data and Information Service,government,China,Tianjin,NMDIS,"National Marine Data and Information Service; National Marine Data and Information Service, China; 国家海洋信息中心",752,19386,4.280597014925373,58,516,,,,,
https://openalex.org/I143593769,1,East China University of Science and Technology,education,China,Shanghai,ECUST,East China University of Science and Technology; Huádōng Lǐgōng Dàxué; 华东理工大学; 華東理工大學,69195,6065779,5.694202780713879,491,118529,http://en.wikipedia.org/wiki/East_China_University_of_Science_and_Technology,State Key Laboratory of Bioreactor Engineering,https://openalex.org/I4391768089,,
https://openalex.org/I115592961,1,Jiangsu University,education,China,Zhenjiang,,Jiangsu University; Jiāngsū Dàxué; 江苏大学,93962,6790640,6.271668792763539,444,139627,http://en.wikipedia.org/wiki/Jiangsu_University,,,,
https://openalex.org/I184843921,1,Hebei University of Technology,education,China,Tianjin,HEBUT,Hebei University of Technology; Héběi Gōngyè Dàxué; 河北工业大学,39466,1735323,4.728585440278989,255,43580,http://en.wikipedia.org/wiki/Hebei_University_of_Technology,,,,
https://openalex.org/I4210155232,1,Fiberhome Technology Group (China),company,China,Wuhan,,Fiberhome Technology Group (China); Wuhan Posts and Telecommunications Research Institute,2051,26260,1.6384803921568627,71,498,,State Key Laboratory of Optical Fiber Communication and Network Technology; State Key Laboratory of Advanced Optical Communication Systems and Networks,https://openalex.org/I4391768035; https://openalex.org/I4392021209,,
https://openalex.org/I4210115239,1,First Affiliated Hospital of Shantou University Medical College,healthcare,China,Shantou,,First Affiliated Hospital of Shantou University Medical College; 汕头大学医学院第一附属医院,4465,168176,3.772727272727273,128,3961,,,,,
https://openalex.org/I4210160531,1,Chinese People's Liberation Army,funder,China,Beijing,PLA,Chinese People's Liberation Army; 中国人民解放军,13972,609863,3.020602023192697,199,14776,https://en.wikipedia.org/wiki/People%27s_Liberation_Army,PLA Navy Submarine Academy; Army Infantry College of PLA; People's Liberation Army Air Force; Army Command College,https://openalex.org/I4387155616; https://openalex.org/I4402553999; https://openalex.org/I4402554004; https://openalex.org/I4402554050,,
https://openalex.org/I114017466,1,University of Technology Sydney,education,Australia,Sydney,UTS,University of Technology Sydney,95992,5143613,4.836574936202497,560,79756,"http://en.wikipedia.org/wiki/University_of_Technology,_Sydney",,,,
https://openalex.org/I4210141689,1,Yancheng Teachers University,education,China,Yancheng,YTU,Yancheng Teachers University,6670,155230,2.9661664392905864,131,3996,,,,,
https://openalex.org/I4210099466,1,General Hospital of Guangzhou Military Command,healthcare,China,Guangzhou,,General Hospital of Guangzhou Military Command; 广州军区广州总医院,5071,175031,2.7217015140591205,148,3764,,,,,
https://openalex.org/I4210161087,1,Hebei University of Architecture,education,China,Zhangjiakou,,Hebei Institute of Architecture and Civil Engineering; Hebei University of Architecture; 河北建筑工程学院,1796,17611,2.196185286103542,59,437,https://en.wikipedia.org/wiki/Hebei_University_of_Architecture,,,,
https://openalex.org/I139024713,1,Guangdong University of Technology,education,China,Guangzhou,GDUT,Guangdong University of Technology; Guǎngdōng Gōngyè Dàxué; 广东工业大学,56570,3027960,5.755150305784971,348,63882,http://en.wikipedia.org/wiki/Guangdong_University_of_Technology,,,,
https://openalex.org/I189210763,1,Yunnan University,education,China,Kunming,,University of the Eastern Land; Yunnan University; 云南大学,53219,1974619,3.6665884194053207,291,46804,https://en.wikipedia.org/wiki/Yunnan_University,Dianchi College,https://openalex.org/I4403386782,,
https://openalex.org/I308837,1,Suzhou University of Science and Technology,education,China,Suzhou,,Suzhou University of Science and Technology; Sūzhōu kējì xuéyuàn; 苏州科技学院,23247,764211,5.487807392895808,225,17743,https://en.wikipedia.org/wiki/Suzhou_University_of_Science_and_Technology,,,,
https://openalex.org/I161346416,1,Jimei University,education,China,Xiamen,,Jimei University; Jíměi Dàxué; 集美大学,17127,454111,4.032351451110951,151,12108,http://en.wikipedia.org/wiki/Jimei_University,,,,
https://openalex.org/I4210137389,1,Eastern Hepatobiliary Surgery Hospital,healthcare,China,Shanghai,,"Eastern Hepatobiliary Surgery Hospital; Third Affiliated Hospital, Second Military Medical University; 东方肝胆外科医院",7054,874892,5.042066629023151,329,12902,,,,,
https://openalex.org/I37574244,1,Sichuan Agricultural University,education,China,Ya'an,SAU,Sichuan Agricultural University; 四川农业大学,38489,3457620,3.2411296708268917,341,79859,http://en.wikipedia.org/wiki/Sichuan_Agricultural_University,,,,
https://openalex.org/I142108993,1,Southwest University,education,China,Chongqing,SWU,Southwest University; Xīnán Dàxué; 西南大学,79390,4523343,3.723382258494024,419,96770,https://en.wikipedia.org/wiki/Southwest_University,State Key Laboratory of Silkworm Genomic Biology,https://openalex.org/I4391767686,,
https://openalex.org/I4210146584,1,Henan Forestry Vocational College,education,China,Luoyang,,Forestry Vocational College of Henan University of Science and Technology; Henan Forestry Vocational College; 河南林业职业学院,3125,12543,1.655668358714044,43,326,,,,,
https://openalex.org/I189196454,1,The University of Texas at Arlington,education,United States,Arlington,UTA,The University of Texas at Arlington; UT Arlington; Université du Texas à Arlington,48998,3825433,2.945743944636678,488,58398,http://en.wikipedia.org/wiki/University_of_Texas_at_Arlington,,,The University of Texas System,https://openalex.org/I16452829
https://openalex.org/I4210132047,1,Beijing Radiation Center,facility,China,Beijing,BRC,Beijing Radiation Center; 北京市辐射中心,3585,327356,3.6424265259984927,178,6474,,,,,
https://openalex.org/I98834328,1,Wuyi University,education,China,Wuyishan,WYU,Wuyi University; 武夷学院,8554,216010,4.363867004940579,143,5100,https://en.wikipedia.org/wiki/Wuyi_University,,,,
https://openalex.org/I887064364,1,University of Amsterdam,education,The Netherlands,Amsterdam,UvA,Universiteit van Amsterdam; University of Amsterdam,231066,24660540,3.4604675743710276,1141,305155,http://en.wikipedia.org/wiki/University_of_Amsterdam,Amsterdam Institute for Addiction Research; Delta Institute for Theoretical Physics; Advanced Research Center for Nanolithography (Netherlands); Van Leeuwenhoek Centre for Advanced Microscopy; Institute of Physics; Digital Communication Methods Lab,https://openalex.org/I4210109446; https://openalex.org/I4210114434; https://openalex.org/I4210145651; https://openalex.org/I4387156196; https://openalex.org/I4405255903; https://openalex.org/I4405261174,,
https://openalex.org/I146071755,1,Kunming University,education,China,Kunming,KU,Kunming University; 昆明学院,10233,261939,2.966381100726895,135,6776,http://en.wikipedia.org/wiki/Kunming_University,,,,
https://openalex.org/I4210092099,1,Daping Hospital,healthcare,China,Chongqing,,"Daping Hospital; Third Affiliated Hospital, Third Military Medical University; 第三军医大学大坪医院",10748,851708,3.9328137914747905,248,17013,,,,,
https://openalex.org/I2799853436,1,Johns Hopkins Medicine,healthcare,United States,Baltimore,,Johns Hopkins Medicine,169085,26234400,4.0565161011454505,1380,253149,,Peninsula Regional Medical Center; Suburban Hospital; Saudi Aramco Medical Services Organization; Howard County General Hospital; Johns Hopkins Bayview Medical Center; Johns Hopkins All Children's Hospital; Sibley Memorial Hospital; Johns Hopkins Hospital; Sidney Kimmel Comprehensive Cancer Center; Neurofibromatosis Therapeutic Acceleration Program; Center for Innovative Medicine,https://openalex.org/I1326779652; https://openalex.org/I2799487757; https://openalex.org/I2800952698; https://openalex.org/I2800996824; https://openalex.org/I2802697821; https://openalex.org/I4210098865; https://openalex.org/I4210148073; https://openalex.org/I4210150714; https://openalex.org/I4210164401; https://openalex.org/I4391767829; https://openalex.org/I4392738222,,
https://openalex.org/I111277659,1,Chonnam National University,education,South Korea,Gwangju,CNU,Chonnam National University; 전남대학교,47262,3448343,3.6009709860131776,418,68998,http://en.wikipedia.org/wiki/Chonnam_National_University,Chonnam National University Hospital,https://openalex.org/I4210092150,,
https://openalex.org/I24456540,1,Korea Aerospace University,education,South Korea,Goyang-si,KAU,Hankuk Aviation University; Korea Aerospace University; 한국항공대학교,5105,134043,1.9856733524355301,114,3201,https://en.wikipedia.org/wiki/Korea_Aerospace_University,,,,
https://openalex.org/I141962983,1,Shanghai University of Engineering Science,education,China,Shanghai,SUES,Shanghai University of Engineering Science; Shànghǎi Gōngchéngjìshù Dàxué; 上海工程技术大学; 上海工程技術大學,25866,801940,4.251885591145068,196,19721,http://en.wikipedia.org/wiki/Shanghai_University_of_Engineering_Sciences,,,,
https://openalex.org/I2799886695,1,Veterans Health Administration,government,United States,Washington D.C.,VHA,Veterans Health Administration,30316,4565089,3.013520678685048,839,40131,http://en.wikipedia.org/wiki/Veterans_Health_Administration,"VA Office of Research and Development; Health Services Research & Development; Columbia VA Health Care System; New York/New Jersey VA Health Care Network; VA New England Healthcare System; VA Capitol Health Care Network; VA MidSouth Healthcare Network; VA Rocky Mountain Network; VA Great Lakes Health Care System; VA Eastern Kansas Health Care System; VA Midwest Health Care Network; VA Sunshine Healthcare Network; Mental Illness Research, Education and Clinical Centers; Quality Enhancement Research Initiative; VA Sierra Pacific Network; VA Healthcare System Serving Ohio, Indiana and Michigan; Office of Patient Care Services; VA Southeast Network; VA Northeast Ohio Healthcare System; VA Northwest Network; South Central VA Health Care Network; VA Desert Pacific Healthcare Network; VA Heart of Texas Health Care Network; VA Portland Health Care System; VA Healthcare-VISN 4; Center for the Study of Healthcare Provider Behavior; VA Mid-Atlantic Health Care Network; VA Heartland Network",https://openalex.org/I2801987317; https://openalex.org/I4210089489; https://openalex.org/I4210092080; https://openalex.org/I4210094901; https://openalex.org/I4210095851; https://openalex.org/I4210111569; https://openalex.org/I4210112672; https://openalex.org/I4210113540; https://openalex.org/I4210115976; https://openalex.org/I4210117703; https://openalex.org/I4210117924; https://openalex.org/I4210119004; https://openalex.org/I4210119030; https://openalex.org/I4210125302; https://openalex.org/I4210125474; https://openalex.org/I4210127612; https://openalex.org/I4210130077; https://openalex.org/I4210131075; https://openalex.org/I4210132862; https://openalex.org/I4210138024; https://openalex.org/I4210138636; https://openalex.org/I4210138663; https://openalex.org/I4210144023; https://openalex.org/I4210144745; https://openalex.org/I4210147340; https://openalex.org/I4210150166; https://openalex.org/I4210159720; https://openalex.org/I4210165236,United States Department of Veterans Affairs,https://openalex.org/I1322918889
https://openalex.org/I27837315,1,University of Michigan,education,United States,Ann Arbor,UM,UMich; University of Michigan; University of Michigan–Ann Arbor; Université du Michigan,969465,63912739,3.440462193391445,2063,656825,http://en.wikipedia.org/wiki/University_of_Michigan,Michigan Sea Grant; Michigan Space Grant Consortium; Inter-university Consortium for Political and Social Research; University of Michigan Press; University of Michigan Biological Station; Cooperative Institute for Great Lakes Research; Center for Complex Particle Systems; Zettawatt-Equivalent Ultrashort pulse laser System; Institute for Social Research,https://openalex.org/I4210104572; https://openalex.org/I4210163254; https://openalex.org/I4387153780; https://openalex.org/I4387153798; https://openalex.org/I4387930282; https://openalex.org/I4402554065; https://openalex.org/I4404532909; https://openalex.org/I4405258370; https://openalex.org/I4405258921,,
https://openalex.org/I4210158342,1,Intel (United Kingdom),company,United Kingdom,Swindon,,Intel (United Kingdom),5265,308358,2.3736263736263736,236,3310,https://en.wikipedia.org/wiki/Intel,,,Intel (United States),https://openalex.org/I1343180700
https://openalex.org/I4210131771,1,Jiangsu Provincial Institute of Geological Survey,facility,China,Nanjing,,Jiangsu Provincial Institute of Geological Survey; 江苏省地质调查研究院,1103,23396,1.964726631393298,65,428,,,,,
https://openalex.org/I4210154361,1,Shanghai Jian Qiao University,education,China,Pudong,SJQU,Shanghai Jian Qiao University; 上海建桥学院,4321,23159,3.0657065706570656,63,542,,,,,
https://openalex.org/I4210117164,1,Luoyang Normal University,education,China,Luoyang,LYNU,Luoyang Normal University; 洛阳师范学院,7625,252232,6.848188976377953,158,5521,,,,,
https://openalex.org/I177739611,1,Yangtze University,education,China,Jingzhou,YU,Yangtze University; 长江大学,29499,756514,3.840545189890168,193,19330,https://en.wikipedia.org/wiki/Yangtze_University,"Key Laboratory of Drilling and Production Engineering for Oil and Gas, Hubei Province",https://openalex.org/I4387154485,,
https://openalex.org/I4210134428,1,Chinese People's Armed Police Force Engineering University,education,China,Xi'an,,Armed Engineering University; Chinese People's Armed Police Force Engineering University; Xi'an Armed Police Engineering University; 中国人民武装警察部队工程大学,2319,25157,1.5599520383693046,62,605,,,,,
https://openalex.org/I4210089364,1,John D. Dingell VA Medical Center,healthcare,United States,Detroit,,Detroit VA Healthcare System; John D. Dingell VA Medical Center,2010,125591,1.5011709601873535,142,2187,,,,"VA Healthcare System Serving Ohio, Indiana and Michigan",https://openalex.org/I4210127612
https://openalex.org/I4210137217,1,"Women's Hospital, School of Medicine, Zhejiang University",healthcare,China,Hangzhou,,"Women's Hospital, School of Medicine, Zhejiang University; Zhejiang Women's Hospital; 浙江大学医学院附属妇产科医院",5908,360967,3.423384735506539,172,8227,"https://en.wikipedia.org/wiki/Women%27s_Hospital,_Zhejiang_University",,,,
https://openalex.org/I4210121678,1,Block Engineering (United States),company,United States,Southborough,,Block Engineering (United States),910,15150,1.0826210826210827,63,281,,,,,
https://openalex.org/I4210133467,1,Xi'an Aeronautical University,education,China,Xi'an,,Xi'an Aeronautical University; Xi'an Aviation Institute; 西安航空学院,5807,42733,1.7142214221422143,73,1055,,,,,
https://openalex.org/I4210109357,1,Radboud Institute for Molecular Life Sciences,facility,The Netherlands,Nijmegen,RIMLS,Radboud Institute for Molecular Life Sciences,13302,1345467,4.055031924597142,374,18411,,,,Radboud University Nijmegen,https://openalex.org/I145872427
https://openalex.org/I4210118317,1,81th Hospital of PLA,healthcare,China,Nanjing,,81th Hospital of PLA; Bayi Hospital; 中国人民解放军第八一医院,2875,108074,1.7334542157751587,121,1216,,,,,
https://openalex.org/I4210163417,1,Institute of Hydroecology,facility,China,Wuhan,,Institute of Hydroecology; Institute of Reservoir Fisheries; 水利部中国科学院水工程生态研究所,1958,38092,2.0795454545454546,75,979,,,,Ministry of Water Resources of the People's Republic of China,https://openalex.org/I4210155611
https://openalex.org/I1304196042,1,Loyola University Medical Center,healthcare,United States,Maywood,,Foster G. McGaw Hospital; Loyola University Medical Center,18393,1236763,1.432220536165908,347,18826,https://en.wikipedia.org/wiki/Loyola_University_Medical_Center,,,Trinity Health,https://openalex.org/I1304269903
https://openalex.org/I1290206253,1,Microsoft (United States),company,United States,Redmond,,Microsoft (United States); Microsoft Corporation,33775,4448712,12.651600182011224,751,33777,https://en.wikipedia.org/wiki/Microsoft,LinkedIn (United States); Microsoft (Brazil); Microsoft (Germany); Microsoft (Portugal); Microsoft (Denmark); Microsoft (Finland); Microsoft (United Kingdom); Microsoft (Ireland); Microsoft (Netherlands); Microsoft Research Asia (China); Microsoft Research (India); Microsoft (Israel); Microsoft (Norway); Microsoft (Switzerland); Microsoft (Belgium); Microsoft (Canada); Microsoft (France); Microsoft (India); Microsoft Research (United Kingdom); Ninja Theory (United Kingdom); Microsoft Research New England (United States); Microsoft Research New York City (United States); Microsoft Research Montréal (Canada); Microsoft (Singapore),https://openalex.org/I1316064682; https://openalex.org/I4210086099; https://openalex.org/I4210087053; https://openalex.org/I4210092974; https://openalex.org/I4210099966; https://openalex.org/I4210105678; https://openalex.org/I4210108625; https://openalex.org/I4210109507; https://openalex.org/I4210110431; https://openalex.org/I4210113369; https://openalex.org/I4210124949; https://openalex.org/I4210125051; https://openalex.org/I4210135422; https://openalex.org/I4210139986; https://openalex.org/I4210151458; https://openalex.org/I4210153468; https://openalex.org/I4210161634; https://openalex.org/I4210162141; https://openalex.org/I4210164937; https://openalex.org/I4392738289; https://openalex.org/I4400600948; https://openalex.org/I4401726785; https://openalex.org/I4402554038; https://openalex.org/I4405255490,,
https://openalex.org/I4210153856,1,Second Xiangya Hospital of Central South University,healthcare,China,Changsha,,Second Xiangya Hospital; Second Xiangya Hospital of Central South University,28934,1975856,4.214449450636313,343,41745,,,,,
https://openalex.org/I39422238,1,University of Illinois Chicago,education,United States,Chicago,UIC,University of Illinois Chicago; University of Illinois at Chicago; University of Illinois at Chicago Circle; Université de l'illinois à chicago,191738,16339694,3.2332718983412554,922,221658,http://en.wikipedia.org/wiki/University_of_Illinois_at_Chicago,"Illinois Indiana Sea Grant; University of Illinois Chicago, Rockford campus; Peoria campus of the University of Illinois System",https://openalex.org/I2800461586; https://openalex.org/I4210110323; https://openalex.org/I4210130227,University of Illinois System,https://openalex.org/I2801919071
https://openalex.org/I24571045,1,University of North Dakota,education,United States,Grand Forks,UND,University of North Dakota; Université du dakota du nord,24463,1166103,2.7546296296296298,298,20696,http://en.wikipedia.org/wiki/University_of_North_Dakota,North Dakota Space Grant Consortium; University of North Dakota Computational Research Center,https://openalex.org/I4210140870; https://openalex.org/I4405259126,,
https://openalex.org/I4210121984,1,Shengli Oilfield Central Hospital,healthcare,China,Dongying,,Shengli Oilfield Central Hospital,4255,49836,1.983493810178817,70,1446,,,,,
https://openalex.org/I4210120223,1,Fuzhou General Hospital of Nanjing Military Command,healthcare,China,Fuzhou,,Fuzhou General Hospital of Nanjing Military Command; 中国人民解放军南京军区福州总医院; 中国人民解放军联勤保障部队第九〇〇医院,3139,73086,1.960698689956332,106,1794,,,,,
https://openalex.org/I1325784139,1,Yahoo (United Kingdom),company,United Kingdom,London,,Yahoo (United Kingdom),23404,517521,0.6321428571428571,233,9058,https://en.wikipedia.org/wiki/Yahoo!,,,Yahoo (United States),https://openalex.org/I4210134091
https://openalex.org/I108160477,1,Hebei Agricultural University,education,China,Baoding,,Agricultural University of Hebei; Hebei Agricultural University; 河北农业大学,20152,736980,3.3514676113360324,204,18009,https://en.wikipedia.org/wiki/Agricultural_University_of_Hebei,,,,
https://openalex.org/I4210113848,1,Department of Land Resource Management,government,Australia,Darwin,,Department of Land Resource Management,1000,8911,1.4834437086092715,45,173,,,,Government of the Northern Territory,https://openalex.org/I4210099692
https://openalex.org/I922474255,1,Tokushima University,education,Japan,Tokushima,,Tokushima Daigaku; Tokushima University; University of Tokushima; 徳島大学,47157,3043548,1.4345582910934105,391,63783,https://en.wikipedia.org/wiki/University_of_Tokushima,,,,
https://openalex.org/I94357780,1,Zhongkai University of Agriculture and Engineering,education,China,Guangzhou,,Zhongkai University of Agriculture and Engineering; 仲恺农业工程学院,9375,290219,4.052814083755668,155,7134,https://en.wikipedia.org/wiki/Zhongkai_University_of_Agriculture_and_Engineering,,,,
https://openalex.org/I58610484,1,Seattle University,education,United States,Seattle,SU,Seattle U; Seattle University; Universidad de Seattle; Université de seattle,55081,7985630,3.01698942616134,999,47499,http://en.wikipedia.org/wiki/Seattle_University,,,,
https://openalex.org/I4210113039,1,Fifth Affiliated Hospital of Sun Yat-sen University,healthcare,China,Zhuhai,,Fifth Affiliated Hospital of Sun Yat-sen University,5747,419541,3.3088835942818244,219,6244,,,,,
https://openalex.org/I2801908541,1,Huygens Institute for History and Culture of the Netherlands,facility,Netherlands,Amsterdam,,Huygens ING; Huygens Institute; Huygens Institute for History and Culture of the Netherlands; Huygens Institute for the History of the Netherlands; Huygens Instituut; Huygens Instituut voor Nederlandse Geschiedenis; Huygens Instituut voor Nederlandse geschiedenis en cultuur,3132,148435,0.7736351531291611,147,2901,https://en.wikipedia.org/wiki/Huygens_Institute_for_the_History_of_the_Netherlands,,,Royal Netherlands Academy of Arts and Sciences,https://openalex.org/I1322597698
https://openalex.org/I32971472,1,Yale University,education,United States,New Haven,,Collegiate School; Universidad Yale; Yale College; Yale University,402553,49679491,2.208723772784631,1734,458324,http://en.wikipedia.org/wiki/Yale_University,Center for Light Energy Activated Redox Processes; Tropical Resources Institute; Yale Peabody Museum; Chan Zuckerberg Biohub New York; Paul Mellon Centre,https://openalex.org/I4210087539; https://openalex.org/I4387152637; https://openalex.org/I4387153325; https://openalex.org/I4396570641; https://openalex.org/I4405262601,,
https://openalex.org/I141301092,1,China Meteorological Administration,government,China,Beijing,CMA,Central Military Commission Meteorological Bureau; China Meteorological Administration; 中国气象局,20788,999843,2.3160950949583277,310,17550,https://en.wikipedia.org/wiki/China_Meteorological_Administration,Jilin Meteorological Bureau; Shandong Province Meteorological Bureau; Hainan Meteorology Administration; Tianjin Meteorological Bureau; Qinghai Meteorological Bureau; Hainan Meteorological Service; Ningxia Meteorological Bureau,https://openalex.org/I4210107912; https://openalex.org/I4210114497; https://openalex.org/I4210128673; https://openalex.org/I4210137793; https://openalex.org/I4210147197; https://openalex.org/I4210149059; https://openalex.org/I4210153394,,
https://openalex.org/I4210151662,1,Zhanjiang Experimental Station,facility,China,Zhanjiang,ZES,Zhanjiang Experimental Station; 湛江实验站,3465,254596,3.7903030303030305,174,4782,,,,Chinese Academy of Tropical Agricultural Sciences,https://openalex.org/I107851509
https://openalex.org/I91807558,1,National Cheng Kung University,education,Taiwan,Tainan City,NCKU,National Cheng Kung University,97230,5250758,2.708459600569572,457,106514,http://en.wikipedia.org/wiki/National_Cheng_Kung_University,,,,
https://openalex.org/I83019370,1,Eindhoven University of Technology,education,The Netherlands,Eindhoven,TU/e,Eindhoven University of Technology; Technische Hogeschool Eindhoven; Technische Universiteit Eindhoven,94657,6483267,3.2486998005709147,645,101484,http://en.wikipedia.org/wiki/Eindhoven_University_of_Technology,,,,
https://openalex.org/I4210090744,1,Guangzhou Marine Geological Survey,government,China,Guangzhou,GMGS,Guangzhou Marine Geological Survey; 广州海洋地质调查局,3211,116709,3.0348352896630066,141,2446,,,,China Geological Survey,https://openalex.org/I2799486974
https://openalex.org/I186143895,1,Lehigh University,education,United States,Bethlehem,,Lehigh University; Universidad de Lehigh,42130,2200789,3.546609543507165,443,32616,http://en.wikipedia.org/wiki/Lehigh_University,,,,
https://openalex.org/I16285277,1,William & Mary,education,United States,Williamsburg,W&M,College of William & Mary; The College of William and Mary in Virginia; William & Mary,36065,2027965,2.7833244822092404,448,24998,http://en.wikipedia.org/wiki/College_of_William_%26_Mary,,,,
https://openalex.org/I4210127624,1,Shougang Institute of Technology,education,China,Beijing,,Shougang Institute of Technology; 首钢工学院成立于,1127,15460,1.6557377049180328,49,495,,,,,
https://openalex.org/I4210105806,1,Zhongda Hospital Southeast University,healthcare,China,Nanjing,,Zhongda Hospital Southeast University,13411,718323,4.514262354651163,230,16006,,,,,
https://openalex.org/I4843557,1,Budker Institute of Nuclear Physics,facility,Russia,Novosibirsk,BINP,"Budker Institute of Nuclear Physics; Federal State Institution of Science Institute of Nuclear Physics. GI Budker, Siberian Branch of the Russian Academy of Sciences; Институт ядерной физики",12771,3517994,2.9111031774366296,603,41088,https://en.wikipedia.org/wiki/Budker_Institute_of_Nuclear_Physics,,,Physical Sciences Division; Siberian Branch of the Russian Academy of Sciences,https://openalex.org/I4210096333; https://openalex.org/I4210127387
https://openalex.org/I4210152159,1,CAO Group (United States),company,United States,West Jordan,CAO,CAO Group (United States),3051,15880,0.3723849372384937,54,231,,,,,
https://openalex.org/I4210110458,1,Institute of Electronics,facility,China,Beijing,IECAS,Institute of Electronics; 中国科学院电子学研究所,11085,331333,1.607899022801303,182,6984,,State Key Laboratory of Transducer Technology,https://openalex.org/I4210107198,Chinese Academy of Sciences,https://openalex.org/I19820366
https://openalex.org/I133868755,1,Shanghai Medical College of Fudan University,education,China,Shanghai,,Medical Center of Fudan University; Shanghai Medical College of Fudan University; 复旦大学上海医学院; 復旦大學上海醫學院,24374,2660160,5.812652634027213,397,45746,https://en.wikipedia.org/wiki/Fudan_University_Shanghai_Medical_College,,,Fudan University,https://openalex.org/I24943067
https://openalex.org/I4210101301,1,Northeast Institute of Geography and Agroecology,facility,China,Changchun,IGA,Northeast Institute of Geography and Agroecology; 中国科学院东北地理与农业生态研究所,9874,654604,5.275709450663889,235,13384,,Center for Agricultural Research,https://openalex.org/I4210165225,Chinese Academy of Sciences,https://openalex.org/I19820366
https://openalex.org/I126744593,1,"University of Maryland, Baltimore",education,United States,Baltimore,UMAB; UMB,"University of Maryland, Baltimore",126064,15302068,2.7890670594447378,1073,163140,"http://en.wikipedia.org/wiki/University_of_Maryland,_Baltimore",Institute for Bioscience and Biotechnology Research,https://openalex.org/I4389425230,University System of Maryland,https://openalex.org/I1317227900
https://openalex.org/I4210124538,1,Geological Institute,facility,Russia,Moscow,GIN,Federal State Institution of Science Geological Institute of the Russian Academy of Sciences; Geological Institute; ГЕОЛОГИЧЕСКИЙ ИНСТИТУТ,10496,255207,0.9487889273356401,165,5308,,,,Department of Earth Sciences,https://openalex.org/I4210163714
https://openalex.org/I4210148235,1,"Department of Environment, Land, Water and Planning",government,Australia,Melbourne,DELWP,"Department of Environment and Primary Industries; Department of Environment, Land, Water and Planning",759,40310,2.0255220417633413,87,572,"https://en.wikipedia.org/wiki/Department_of_Environment,_Land,_Water_and_Planning",,,Government of Victoria,https://openalex.org/I2801037857
https://openalex.org/I8636806,1,University of Sousse,education,Tunisia,Sousse,,University of Sousse; Université de Sousse; جامعة سوسة,17376,312796,1.5372836916622967,155,7681,http://en.wikipedia.org/wiki/University_of_Sousse,Institut Supérieur d'Informatique et des Technologies de Communication de Hammam Sousse,https://openalex.org/I4405257713,,
https://openalex.org/I11957088,1,Michigan Technological University,education,United States,Houghton,MTU,Michigan Tech; Michigan Technological University,29515,1579687,2.752678702480552,367,25492,http://en.wikipedia.org/wiki/Michigan_Technological_University,,,,
https://openalex.org/I60134161,1,Nagoya University,education,Japan,Nagoya,,Nagoya Daigaku; Nagoya University; 名古屋大学,264714,14487583,1.1553932053668157,735,252409,http://en.wikipedia.org/wiki/Nagoya_University,,,Tokai National Higher Education and Research System,https://openalex.org/I4390039267
https://openalex.org/I16295237,1,Gansu Agricultural University,education,China,Lanzhou,GAU,Gansu Agricultural University; Gānsù Nóngyè Dàxué; 甘肃农业大学,16857,627853,3.3578350065473592,166,16677,http://en.wikipedia.org/wiki/Gansu_Agricultural_University,,,,
https://openalex.org/I4210105365,1,Qujing Normal University,education,China,Qujing,QJNU ,Qujing Normal University; 曲靖师范学院,6654,93354,1.7767097384179011,99,2282,,,,,
https://openalex.org/I4210126939,1,ZheJiang Academy of Agricultural Sciences,nonprofit,China,Hangzhou,ZAAS,ZheJiang Academy of Agricultural Sciences; 浙江省农业科学院,11534,759798,3.8963713894923164,222,15826,,,,,
https://openalex.org/I47519274,1,Taipei Medical University,education,Taiwan,Taipei,TMU,Taipei Medical College; Taipei Medical University; Táiběi Yīxué Dàxué,38638,2245495,2.683779618570603,313,49043,https://en.wikipedia.org/wiki/Taipei_Medical_University,,,,
https://openalex.org/I4210140986,1,National Institute for Viral Disease Control and Prevention,government,China,Beijing,NIVDC,National Institute for Viral Disease Control and Prevention,5215,860599,2.3998682476943345,304,8851,,,,Chinese Center For Disease Control and Prevention,https://openalex.org/I184490438
https://openalex.org/I159948400,1,Jinan University,education,China,Guangzhou,JNU,Jinan University; 暨南大学,69545,4559658,5.736003954353012,426,95385,http://en.wikipedia.org/wiki/Jinan_University,Guangdong-Hongkong-Macau Joint Laboratory of Collaborative Innovation for Environmental Quality; The Affiliated Shunde Hospital of Jinan University,https://openalex.org/I4210107815; https://openalex.org/I4392738306,,
https://openalex.org/I4210135457,1,Harbin Science and Technology Bureau,government,China,Harbin,,Harbin Science and Technology Bureau; Harbin Science and Technology Information Network,456,3127,2.8447204968944098,24,105,,,,,
https://openalex.org/I4210136254,1,Children’s Health Research Institute,healthcare,Canada,London,CHRI,Children’s Health Research Institute,2479,132361,1.7927461139896372,146,2389,,,,London Health Sciences Centre Research Institute,https://openalex.org/I4405256865
https://openalex.org/I4210138704,1,Centre de Recherche en Acquisition et Traitement de l'Image pour la Santé,facility,France,Villeurbanne,CREATIS,Centre de Recherche en Acquisition et Traitement de l'Image pour la Santé; UMR 5220; UMR5220,5573,228514,1.5838323353293413,171,3562,,,,Université Claude Bernard Lyon 1; Centre National de la Recherche Scientifique; Inserm; CNRS Ingénierie; Hospices Civils de Lyon; Centre Léon Bérard; Institut des Sciences de l'Information et de leurs Interactions; Université Jean Monnet; Institut National des Sciences Appliquées de Lyon,https://openalex.org/I100532134; https://openalex.org/I1294671590; https://openalex.org/I154526488; https://openalex.org/I4210095849; https://openalex.org/I4210100596; https://openalex.org/I4210105738; https://openalex.org/I4210159245; https://openalex.org/I4405259976; https://openalex.org/I48430043
https://openalex.org/I154833797,1,Lingnan Normal University,education,China,Zhanjiang,LNU; ZNU,Lingnan Normal University; Zhanjiang Normal University; Zhànjiāng Shīfàn Xuéyuàn; 湛江师范学院,7495,131214,4.294924154025671,117,3329,https://en.wikipedia.org/wiki/Zhanjiang_Normal_University,,,,
https://openalex.org/I143302722,1,University of Kentucky,education,United States,Lexington,,Universidad de Kentucky; University of Kentucky; Université du kentucky,159084,10450382,1.4509892170651664,769,152640,http://en.wikipedia.org/wiki/University_of_Kentucky,Kentucky Space Grant Consortium; Kentucky Geological Survey,https://openalex.org/I2801820245; https://openalex.org/I4405262179,,
https://openalex.org/I4387930291,1,Mukhametzhan Tynyshbayev ALT University,education,Kazakhstan,Almaty,ALT,ALT University; ALT Университет имени Мухамеджана Тынышпаева; Academy of Logistics and Transport; Mukhametzhan Tynyshbayev ALT University; Академия логистики и транспорта; Логистика және көлік академиясы; Мұхаметжан Тынышбаев атындағы ALT университеті,502,1110,1.087719298245614,13,22,https://ru.wikipedia.org/wiki/%D0%90%D0%BA%D0%B0%D0%B4%D0%B5%D0%BC%D0%B8%D1%8F_%D0%BB%D0%BE%D0%B3%D0%B8%D1%81%D1%82%D0%B8%D0%BA%D0%B8_%D0%B8_%D1%82%D1%80%D0%B0%D0%BD%D1%81%D0%BF%D0%BE%D1%80%D1%82%D0%B0,,,,
https://openalex.org/I4391767693,1,State Key Laboratory of Nuclear Physics and Technology,facility,China,Beijing,,State Key Lab of Nuclear Physics and Technology; State Key Laboratory of Nuclear Physics and Technology; 核物理与核技术国家重点实验室,4169,666295,3.9269195189639223,338,9056,,,,Peking University,https://openalex.org/I20231570
https://openalex.org/I139787848,1,Capital University,education,United States,Bexley,CU; Cap; Capital,Capital University,26623,253568,0.14652422286519773,179,4104,http://en.wikipedia.org/wiki/Capital_University,,,,
https://openalex.org/I880766802,1,Graduate School USA,education,United States,Washington,,"Graduate School USA; Graduate School, USDA",23680,839070,1.3787409700722395,266,15814,https://en.wikipedia.org/wiki/Graduate_School_USA,,,,
https://openalex.org/I204824540,1,University of Wollongong,education,Australia,Wollongong,UOW,University of Wollongong; Wollongong University,81141,4946199,3.8806191491333766,566,74812,http://en.wikipedia.org/wiki/University_of_Wollongong,ARC Centre of Excellence for Electromaterials Science; University of Wollongong in Dubai,https://openalex.org/I4210115521; https://openalex.org/I55990551,,
https://openalex.org/I4210159575,1,Huashan Hospital,healthcare,China,Shanghai,,Huashan Hospital,26756,1913313,4.535268467852257,352,41591,,,,,
https://openalex.org/I2801168720,1,Yunnan Observatories,facility,China,Kunming,YAO; YNAO,Yunnan Astronomical Observatory; Yunnan Observatories; 云南天文台,5403,185285,3.6715709539629806,137,4215,https://en.wikipedia.org/wiki/Yunnan_Astronomical_Observatory,,,National Astronomical Observatories,https://openalex.org/I4210164580
https://openalex.org/I4210136826,1,Jining First People's Hospital,healthcare,China,Jining,,Jining First People's Hospital; Third Branch of Shandong Provincial Hospital; United Church of Christ Barco Gate Hospital; 济宁市第一人民医院,3301,103442,2.6847557967439566,98,2665,,,,,
https://openalex.org/I4210144289,1,Research Center for Eco-Environmental Sciences,facility,China,Beijing,RCEES,Institute of Environmental Chemistry; Research Center for Eco-Environmental Sciences; 中国科学院生态环境研究中心,25285,3296228,6.662030688867124,463,50888,,State Key Laboratory of Urban and Regional Ecology; State Key Laboratory of Environmental Chemistry and Ecotoxicology,https://openalex.org/I4387153223; https://openalex.org/I4391767931,Chinese Academy of Sciences,https://openalex.org/I19820366
https://openalex.org/I122411786,1,California Institute of Technology,education,United States,Pasadena,CIT,California Institute of Technology; Caltech; Instituto de Tecnología de California,240146,35224135,7.465449880459502,1828,247254,http://en.wikipedia.org/wiki/California_Institute_of_Technology,Jet Propulsion Laboratory; Caltech Submillimeter Observatory; Joint Center for Artificial Photosynthesis; Keck Institute for Space Studies; Infrared Processing and Analysis Center; Institute for Collaborative Biotechnologies; Resnick Sustainability Institute; Caltech Alumni Association,https://openalex.org/I1334627681; https://openalex.org/I2800228904; https://openalex.org/I4210156299; https://openalex.org/I4210163724; https://openalex.org/I4210167273; https://openalex.org/I4388482662; https://openalex.org/I4391012571; https://openalex.org/I4405256852,,
https://openalex.org/I4210147961,1,Tianjin Municipal Research Institute for Family Planning,facility,China,Tianjin,,Tianjin Municipal Research Institute for Family Planning; 天津市计划生育研究所,741,44930,2.561307901907357,88,1179,,,,,
https://openalex.org/I4210143875,1,Guangdong Province Women and Children Hospital,healthcare,China,Guangzhou,,Guangdong Province MCH; Guangdong Province Women and Children Hospital,3676,95445,1.1773565307712281,126,2247,,,,,
https://openalex.org/I86987016,1,KTH Royal Institute of Technology,education,Sweden,Stockholm,KTH,KTH Royal Institute of Technology; Kungliga Tekniska högskolan; Kuninkaallinen teknillinen korkeakoulu; Royal Institute of Technology,114719,8023467,3.4382331005491897,713,115044,https://en.m.wikipedia.org/wiki/KTH_Royal_Institute_of_Technology,Wallenberg Wood Science Center; Bolin Centre for Climate Research; Digital Futures,https://openalex.org/I4210124641; https://openalex.org/I4210161097; https://openalex.org/I4405259960,,
https://openalex.org/I4210146872,1,Yankton Rural Area Health Education Center,nonprofit,United States,Yankton,YRAHEC,Yankton Rural Area Health Education Center,420,6269,0.7352941176470589,45,151,,,,,
https://openalex.org/I165779595,1,The University of Melbourne,education,Australia,Melbourne,,Melbourne University; The University of Melbourne; University of Melbourne,338232,29675055,3.612584512596032,1247,376603,http://en.wikipedia.org/wiki/University_of_Melbourne,Florey Institute of Neuroscience and Mental Health; ARC Centre of Excellence for Dark Matter Particle Physics; ARC Centre of Excellence for Particle Physics at the Terascale; Peter Doherty Institute; ARC Centre of Excellence for Mathematical and Statistical Frontiers; ARC Centre of Excellence for Coherent X-ray Science; Botany Foundation; Centre of Excellence for Biosecurity Risk Analysis,https://openalex.org/I242743682; https://openalex.org/I4210091234; https://openalex.org/I4210103108; https://openalex.org/I4210105123; https://openalex.org/I4210123005; https://openalex.org/I4210125376; https://openalex.org/I4389425400; https://openalex.org/I4405253752,,
https://openalex.org/I4210166499,1,Henan Polytechnic University,education,China,Jiaozuo,HPU,Henan Polytechnic University; 河南理工大学,31681,1040165,4.808650604391087,226,24760,https://en.wikipedia.org/wiki/Henan_Polytechnic_University,,,,
https://openalex.org/I40347166,1,University of Chicago,education,United States,Chicago,UC,UChicago; Universidad de Chicago; University of Chicago; Université de chicago,287570,33304726,4.0406981356604526,1615,311026,http://en.wikipedia.org/wiki/University_of_Chicago,Argonne National Laboratory; Evanston Hospital; Chan Zuckerberg Biohub Chicago,https://openalex.org/I1282105669; https://openalex.org/I4210119687; https://openalex.org/I4396570630,,
https://openalex.org/I168673124,1,Tianjin Chengjian University,education,China,Tianjin,TCU,Tianjin Chengjian University; Tianjin Urban Construction Institute; 天津城建大学,7472,259795,3.3421811011679052,152,5879,https://en.wikipedia.org/wiki/Tianjin_Chengjian_University,,,,
https://openalex.org/I4210096899,1,Jiangsu University of Science and Technology,education,China,Zhenjiang,JUST,Jiangsu University of Science and Technology; 江苏科技大学,28720,1064743,5.014444191418068,232,25608,,,,,
https://openalex.org/I4210116219,1,Engineering Systems (United States),company,United States,Omaha,ESI,Engineering Systems (United States),10958,449615,2.5056947608200457,241,6667,,,,,
https://openalex.org/I4210132981,1,Ningxia Water Conservancy,government,China,Yinchuan,,Ningxia Water Conservancy; 宁夏回族自治区水利厅; 宁夏水利厅,4112,22443,1.7612631578947369,56,542,,,,,
https://openalex.org/I4210142993,1,China Shenhua Energy (China),company,China,Beijing,,China Shenhua; China Shenhua Energy (China); Shenhua; Shenhua Energy; 神华能源,2542,30046,1.7854050711193568,70,702,https://en.wikipedia.org/wiki/China_Shenhua_Energy,,,,
https://openalex.org/I4210099069,1,Institute of Acoustics,facility,China,Beijing,IOA,Institute of Acoustics; 中国科学院声学研究所,10493,337054,2.716616173386157,183,7330,,State Key Laboratory of Acoustics,https://openalex.org/I4391768202,Chinese Academy of Sciences,https://openalex.org/I19820366
https://openalex.org/I4210149704,1,Tianjin Academy of Environmental Sciences,facility,China,Tianjin,TAES,Tianjin Academy of Environmental Sciences; 天津市环境保护科学研究院,970,36734,4.325892857142857,84,807,,,,,
https://openalex.org/I4210106541,1,Chengdu Organic Chemicals (China),company,China,Chengdu,COCC,Chengdu Institute of Organic Chemistry; Chengdu Organic Chemicals (China); 中国科学院成都有机化学有限公司,3283,287572,3.9711538461538463,177,5913,,,,,
https://openalex.org/I32062511,1,Heriot-Watt University,education,United Kingdom,Edinburgh,,Heriot-Watt University,34059,1769336,3.7367571059431524,361,31450,http://en.wikipedia.org/wiki/Heriot-Watt_University,Maxwell Institute for Mathematical Sciences; International Centre for Mathematical Sciences,https://openalex.org/I4210117017; https://openalex.org/I4210130014,,
https://openalex.org/I4210162215,1,Naval Aeronautical and Astronautical University,education,China,Yantai,,Naval Aeronautical and Astronautical University; 中国人民解放军海军航空工程学院,6983,55025,1.5663082437275986,89,1188,,,,,
https://openalex.org/I4210143632,1,Tyndall Centre,other,United Kingdom,Norwich,,Tyndall Centre,3438,524486,3.3669923995656896,321,2997,https://en.wikipedia.org/wiki/Tyndall_Centre,,,,
https://openalex.org/I84653119,1,Academia Sinica,facility,Taiwan,Taipei,,Academia Sinica; Central Research Academy; Chinese Academy; 中央研究院,35917,1891947,2.117045744952722,371,28740,https://en.wikipedia.org/wiki/Academia_Sinica,"Institute of Astronomy and Astrophysics, Academia Sinica; Institute of Political Science, Academia Sinica; Research Center for Information Technology Innovation, Academia Sinica; Genomics Research Center, Academia Sinica; Institute of Biological Chemistry, Academia Sinica; Institute of Plant and Microbial Biology, Academia Sinica; Institute of Biomedical Sciences, Academia Sinica; Institute of Information Science, Academia Sinica; Research Center for Applied Science, Academia Sinica; Institute of Mathematics, Academia Sinica; Institute of Sociology, Academia Sinica; Institute of History and Philology, Academia Sinica; Institute of European and American Studies, Academia Sinica; Institute of Ethnology, Academia Sinica; Institute of Chinese Literature and Philosophy, Academia Sinica; Institute of Physics, Academia Sinica; Biomedical Translation Research Center; Institute of Earth Sciences, Academia Sinica; Institute of Taiwan History, Academia Sinica; Institute of Cellular and Organismic Biology, Academia Sinica; Institute of Atomic and Molecular Sciences, Academia Sinica; Institute of Molecular Biology, Academia Sinica; Biodiversity Research Center, Academia Sinica; Institute of Statistical Science, Academia Sinica; Institute of Modern History, Academia Sinica; Research Center for Environmental Changes, Academia Sinica; Agricultural Biotechnology Research Center, Academia Sinica; Institutum Iurisprudentiae, Academia Sinica; Institute of Linguistics, Academia Sinica; Research Center for Humanities and Social Sciences, Academia Sinica; Institute of Chemistry, Academia Sinica; Institute of Economics, Academia Sinica",https://openalex.org/I1311099166; https://openalex.org/I4210086453; https://openalex.org/I4210086894; https://openalex.org/I4210087491; https://openalex.org/I4210092384; https://openalex.org/I4210093852; https://openalex.org/I4210096666; https://openalex.org/I4210098366; https://openalex.org/I4210098509; https://openalex.org/I4210099334; https://openalex.org/I4210101352; https://openalex.org/I4210103246; https://openalex.org/I4210104011; https://openalex.org/I4210107432; https://openalex.org/I4210108996; https://openalex.org/I4210111779; https://openalex.org/I4210120610; https://openalex.org/I4210128530; https://openalex.org/I4210130467; https://openalex.org/I4210132902; https://openalex.org/I4210135784; https://openalex.org/I4210136969; https://openalex.org/I4210138331; https://openalex.org/I4210141710; https://openalex.org/I4210141771; https://openalex.org/I4210145996; https://openalex.org/I4210146572; https://openalex.org/I4210149173; https://openalex.org/I4210150104; https://openalex.org/I4210150355; https://openalex.org/I4210157360; https://openalex.org/I51434173,,
https://openalex.org/I159129438,1,Université du Québec à Montréal,education,Canada,Montreal,UQAM,University of Quebec at Montreal; University of Quebec in Montreal; Université du Québec à Montréal,69006,2608344,2.1447650846649178,440,40571,http://en.wikipedia.org/wiki/Universit%C3%A9_du_Qu%C3%A9bec_%C3%A0_Montr%C3%A9al,Group for Research in Decision Analysis,https://openalex.org/I4210133247,Université du Québec,https://openalex.org/I49663120
https://openalex.org/I4210166763,1,Arconic (United States),company,United States,Kingston,,Alcoa Inc; Arconic (United States),433,11050,8.909090909090908,47,224,https://en.wikipedia.org/wiki/Arconic,,,,
https://openalex.org/I4210165564,1,Animal Technology Institute Taiwan,facility,Taiwan,Miaoli,,Animal Technology Institute Taiwan,394,24274,0.23076923076923078,71,569,,,,,
https://openalex.org/I2801337628,1,Beth Israel Deaconess Hospital,healthcare,United States,Plymouth,BIDMC,BID-Plymouth; Beth Israel Deaconess Hospital; Jordan Hospital,9965,1547523,1.833570412517781,474,13894,https://en.wikipedia.org/wiki/Beth_Israel_Deaconess_Hospital-_Plymouth,,,,
https://openalex.org/I4210131782,1,Sichuan Institute of Building Research,facility,China,Chengdu,,Sichuan Academy of Building Sciences; Sichuan Institute of Building Research; 四川省建筑科学研究院,1813,17550,3.5179584120982987,61,417,,,,,
https://openalex.org/I4210166238,1,Hunan Provincial Maternal and Child Health Hospital,healthcare,China,Changsha,,Hunan Provincial Maternal and Child Health Hospital; 湖南省妇幼保健院,1473,39430,2.8914780292942743,76,982,,,,,
https://openalex.org/I181547552,1,Baylor College of Medicine,education,United States,Houston,BCM,Baylor College of Medicine; Escuela de Medicina de Baylor,161854,26514074,3.6691422746468616,1432,229160,https://en.wikipedia.org/wiki/Baylor_College_of_Medicine,Center for Theoretical Biological Physics; Dan L Duncan Comprehensive Cancer Center,https://openalex.org/I4210145836; https://openalex.org/I4390039366,Harris Health System,https://openalex.org/I2801539370
https://openalex.org/I4210140680,1,Affiliated Hospital of Hebei University,healthcare,China,Baoding,,Affiliated Hospital of Hebei University,4148,96577,2.106438896189225,102,2464,,,,,
https://openalex.org/I4210145583,1,Bioengineering Center,facility,Russia,Moscow,,Bioengineering Center; Биоинженерия,8043,512196,2.0390752197981112,266,7576,,,,Russian Academy of Sciences,https://openalex.org/I1313323035
https://openalex.org/I4210163738,1,China Astronaut Research and Training Center,facility,China,Beijing,,China Astronaut Research and Training Center; 中国航天员科研训练中心,4281,140444,2.2655086848635237,137,2846,,State Key Laboratory of Space Medicine Fundamentals and Application,https://openalex.org/I4391768260,,
https://openalex.org/I4210157729,1,First Affiliated Hospital of Hebei Medical University,healthcare,China,Shijiazhuang,,First Affiliated Hospital of Hebei Medical University,3834,85647,1.9247332317073171,94,2265,,,,,
https://openalex.org/I4210149647,1,Yunnan Metallurgical Group (China),company,China,Kunming,,Yunnan Metallurgical Group (China); 云南冶金集团股份有限公司,1274,44561,3.7483994878361075,68,1368,,State Key Laboratory of Pressurized Hydrometallurgy Technology for Co-Associated Nonferrous Metal Resources,https://openalex.org/I4391767786,,
https://openalex.org/I126924076,1,Chongqing Normal University,education,China,Chongqing,CNU,Chongqing Normal University; 重庆师范大学,15475,331612,3.824066465808454,166,7919,http://en.wikipedia.org/wiki/Chongqing_Normal_University,,,,
https://openalex.org/I4210087691,1,Beijing Tian Tan Hospital,healthcare,China,Beijing,,Beijing Tian Tan Hospital; 北京市神经外科研究所,15602,974694,3.0399228903675146,254,22593,,,,,
https://openalex.org/I4210099558,1,Shanghai Changzheng Hospital,healthcare,China,Shanghai,,"Second Affiliated Hospital, Second Military Medical University; Shanghai Changzheng Hospital",6869,351268,4.351285930408472,179,7330,,,,,
https://openalex.org/I4210117825,1,Beijing Research Institute of Mechanical and Electrical Technology,facility,China,Beijing,BRIMET,Beijing Research Institute of Mechanical and Electrical Technology; 北京机电研究所,2447,47662,3.110338835794961,87,1079,,,,,
https://openalex.org/I4210163239,1,Helix (United States),company,United States,San Mateo,,Helix (United States),1316,515599,4.495925494761351,315,1917,https://en.wikipedia.org/wiki/Helix_(genomics_company),,,,
https://openalex.org/I4210161256,1,Impact,nonprofit,Canada,Ottawa,,Impact; Partnership Africa Canada,15515,1105976,5.047902453186239,381,11932,,,,,
https://openalex.org/I4210153872,1,Jiangsu Maritime Institute,education,China,Nanjing,JMI,Jiangsu Maritime Institute; 国际教育交流与服务中心,1906,8956,1.3475336322869955,39,216,,,,,
https://openalex.org/I102345215,1,Xihua University,education,China,Chengdu,XHU,Xihua University; 西华大学,16634,383107,4.028469965089683,160,10102,http://en.wikipedia.org/wiki/Xihua_University,,,,
https://openalex.org/I28813325,1,Civil Aviation University of China,education,China,Tianjin,CAUC,Civil Aviation University of China; Zhōngguó Mínháng Dàxué; 中国民航大学,12722,239110,2.4447492592999014,149,5948,http://en.wikipedia.org/wiki/Civil_Aviation_University_of_China,,,,
https://openalex.org/I4210111829,1,Institute of Chemical Industry of Forest Products,facility,China,Nanjing,ICIFP,Institute of Chemical Industry of Forest Products; Institute of Forestry Chemical Industry; 中国林业科学研究院林产化学工业研究所,3888,344160,8.663597298956415,167,7425,,,,Chinese Academy of Forestry,https://openalex.org/I4210128615
https://openalex.org/I3125743391,1,China University of Geosciences (Beijing),education,China,Beijing,CUGB,China University of Geosciences (Beijing); Zhōngguó Dìzhì Dàxué; 中国地质大学 (北京),46839,2481256,4.076282892464949,364,49527,https://en.wikipedia.org/wiki/China_University_of_Geosciences_(Beijing),,,,
https://openalex.org/I4210103346,1,Nanfang Hospital,healthcare,China,Guangzhou,,Nanfang Hospital,29781,2144901,4.693774399013766,334,42116,,,,,
https://openalex.org/I4210145393,1,Hainan Agricultural School,education,China,Haikou,,Hainan Agricultural School; Hainan Science and Technology School; 海南省农业学校,2942,29040,2.1520856404577335,68,728,,,,,
https://openalex.org/I4210135985,1,Shanghai University of Medicine and Health Sciences,education,China,Shanghai,SUMHS,Shanghai University of Medicine and Health Sciences; 上海健康医学院; 上海健康醫學院,6961,183391,3.029455323350337,122,4812,,,,,
https://openalex.org/I4210128902,1,Structural Integrity Associates (United States),company,United States,San Jose,,Structural Integrity Associates (United States),1003,8273,2.3249027237354087,35,150,,,,,
https://openalex.org/I4210100868,1,Second Affiliated Hospital of Dalian Medical University,healthcare,China,Dalian,,Second Affiliated Hospital of Dalian Medical University,8900,329820,2.6856447688564478,174,7222,,,,,
https://openalex.org/I4210155511,1,First Affiliated Hospital of Henan University,healthcare,China,Kaifeng,,First Affiliated Hospital of Henan University,6762,234778,2.821864247732249,117,6821,,,,,
https://openalex.org/I2801051648,1,China-Japan Friendship Hospital,healthcare,China,Beijing,CJFH,China-Japan Friendship Hospital; 中日友好医院,17130,1168367,3.138394907802349,264,13986,https://en.wikipedia.org/wiki/China-Japan_Friendship_Hospital,,,,
https://openalex.org/I4210164150,1,Shanghai Center for Brain Science and Brain-Inspired Technology,facility,China,Shanghai,,Shanghai Center for Brain Science and Brain-Inspired Technology; 上海脑科学与类脑研究中心,5082,258887,6.247448552785678,170,5121,,,,,
https://openalex.org/I4210104895,1,Anyang Academy of Agricultural Sciences,education,China,Anyang,AYNKY,Anyang Academy of Agricultural Sciences; 安阳市农业科学院,778,14692,1.2235494880546076,55,320,,,,,
https://openalex.org/I4210166261,1,Ningbo First Hospital,healthcare,China,Ningbo,,Ningbo First Hospital; 宁波市第一医院,4382,113670,2.4220747295968534,99,3166,,,,,
https://openalex.org/I4210133939,1,181st Hospital of Chinese People's Liberation Army,healthcare,China,Guilin,,181st Hospital of Chinese People's Liberation Army,879,21135,1.5019157088122606,61,579,,,,,
https://openalex.org/I4210153035,1,Shanghai Construction Group (China),company,China,Shanghai,SCG,Shanghai Construction Group (China); 上海建工集团,1582,13758,2.5736526946107783,47,362,https://en.wikipedia.org/wiki/Shanghai_Construction_Group,,,,
https://openalex.org/I93477617,1,Huizhou University,education,China,Huizhou,,Huizhou College; Huizhou University; 惠州学院,6883,87768,2.917176350662589,90,2309,http://en.wikipedia.org/wiki/Huizhou_University,,,,
https://openalex.org/I4210134617,1,Second Affiliated Hospital of Fujian Medical University,healthcare,China,Quanzhou,,Second Affiliated Hospital of Fujian Medical University; 福建医科大学附属第二医院,4992,129444,2.262080262080262,106,3515,,,,,
https://openalex.org/I4210091332,1,Institute of High Pressure Physics,facility,Poland,Warsaw,IHPP; IWC,Institute of High Pressure Physics; Instytut Wysokich Ciśnień; Unipress,3758,196050,1.6870748299319729,142,4777,https://en.wikipedia.org/wiki/Institute_of_High_Pressure_Physics,,,Polish Academy of Sciences,https://openalex.org/I99542240
https://openalex.org/I81844223,1,Fairchild Semiconductor (United States),company,United States,Sunnyvale,,Fairchild Semiconductor (United States),2653,239086,8.620833333333334,209,1667,https://en.wikipedia.org/wiki/Fairchild_Semiconductor,,,,
https://openalex.org/I95946905,1,Hebei GEO University,education,China,Shijiazhuang,,Hebei GEO University; Shijiazhuang University of Economics; 石家庄经济学院,5387,79803,3.17794028031688,100,1952,https://en.wikipedia.org/wiki/Hebei_GEO_University,,,,
https://openalex.org/I48076826,1,Chiang Mai University,education,Thailand,Chiang Mai,CMU,Chiang Mai University; มหาวิทยาลัยเชียงใหม่,47712,1812222,2.365087025061931,290,41669,http://en.wikipedia.org/wiki/Chiang_Mai_University,Postharvest Technology Innovation Center,https://openalex.org/I4387155510,,
https://openalex.org/I142974352,1,National Sun Yat-sen University,education,Taiwan,Kaohsiung City,NSYSU,National Sun Yat-sen University,41045,1725241,2.871874762519948,299,38061,http://en.wikipedia.org/wiki/National_Sun_Yat-sen_University,,,,
https://openalex.org/I2799637951,1,Abraham Baldwin Agricultural College,education,United States,Tifton,ABAC,Abraham Baldwin Agricultural College; Georgia State College for Men; Second District A&M School; South Georgia A&M College,296,3739,1.4454545454545455,27,75,https://en.wikipedia.org/wiki/Abraham_Baldwin_Agricultural_College,,,University System of Georgia,https://openalex.org/I1289702989
https://openalex.org/I4210161892,1,First People's Hospital of Chongqing,healthcare,China,Chongqing,,Chongqing First People's Hospital; Chongqing Integrated Chinese and Western Medicine Hospital; First People's Hospital of Chongqing; 重庆市第一人民医院,7128,170110,2.621193990160883,133,3617,,,,,
https://openalex.org/I4210161462,1,Heilongjiang Institute of Technology,education,China,Harbin,,Heilongjiang Institute of Technology,13061,394590,3.9545306917830465,192,8077,,,,,
https://openalex.org/I47508984,1,Imperial College London,education,United Kingdom,London,,"Coleg Imperial Llundain; Imperial College London; Imperial College of Science, Technology and Medicine",377370,40358634,5.95030390908861,1533,444518,http://en.wikipedia.org/wiki/Imperial_College_London,MRC London Institute of Medical Sciences; MRC Centre for Environment and Health; John Adams Institute for Accelerator Science; KIOS Research and Innovation Center of Excellence; MRC Centre of Research Excellence in Restorative Neural Dynamics,https://openalex.org/I4210161592; https://openalex.org/I4392738229; https://openalex.org/I4400008925; https://openalex.org/I4405255610; https://openalex.org/I4405263025,,
https://openalex.org/I253932293,1,Anhui University of Traditional Chinese Medicine,education,China,Hefei,AHUTCM,Anhui University of Traditional Chinese Medicine; Ānhuī Zhōngyī xuéyuàn; 安徽中医学院,9880,355297,3.2397812713602185,139,9526,http://en.wikipedia.org/wiki/Anhui_University_of_Chinese_Medicine,,,,
https://openalex.org/I951315,1,Graduate Institute of International and Development Studies,education,Switzerland,Geneva,IHEID,Graduate Institute Geneva; Graduate Institute of International and Development Studies; Hochschulinstitut für internationale Studien und Entwicklung; Institut de Hautes études Internationales et du Développement,8177,142245,1.5681313803817132,154,2195,https://en.wikipedia.org/wiki/Graduate_Institute_of_International_and_Development_Studies,,,,
https://openalex.org/I4210151929,1,Nanning Normal University,education,China,Nanning,,Guangxi Teacher Education University; Guangxi Teachers Training College; Nanning Normal University; 南宁师范大学,8936,169983,2.5850035038542396,123,4301,,,,,
https://openalex.org/I163151501,1,Hangzhou Normal University,education,China,Hangzhou,,Hangzhou Normal University; Hángzhōu Shīfàn Dàxué; 杭州师范大学,26960,1338176,4.661297019015196,297,27265,http://en.wikipedia.org/wiki/Hangzhou_Normal_University,,,,
https://openalex.org/I151893264,1,Jiamusi University,education,China,Jiamusi,JMSU,Jiamusi University; Jiāmùsī Dàxué; 佳木斯大学,8090,156772,2.8745519713261647,116,3855,http://en.wikipedia.org/wiki/Jiamusi_University,,,,
https://openalex.org/I4210132733,1,Hunan Children's Hospital,healthcare,China,Changsha,,Hunan Children's Hospital; 湖南省儿童医院,3150,58326,2.0347107438016527,80,1636,,,,,
https://openalex.org/I4210146741,1,Jiangmen Central Hospital,healthcare,China,Jiangmen,,Jiangmen Central Hospital; Renji Hospital,3930,63449,3.521531100478469,97,1517,,,,,
https://openalex.org/I4210102587,1,Pharmaron (United Kingdom),company,United Kingdom,Hoddesdon,,Pharmaron (United Kingdom),212,3227,1.4404761904761905,25,100,,,,,
https://openalex.org/I4210107780,1,Xi'an Medical University,education,China,Xi'an,,Xi'an Medical University; 西安医学院,7321,179889,2.4765003615328993,122,4665,https://en.wikipedia.org/wiki/Xi%27an_Medical_University,,,,
https://openalex.org/I32078218,1,National Penghu University of Science and Technology,education,Taiwan,Magong,NPU,National Penghu Institute of Technology; National Penghu University of Science and Technology; 國立澎湖科技大學,1759,41322,1.2813504823151125,96,778,https://en.wikipedia.org/wiki/National_Penghu_University_of_Science_and_Technology,,,,
https://openalex.org/I99041443,1,Mississippi State University,education,United States,Starkville,MSU,Mississippi State University; Mississippi State University of Agriculture and Applied Science; Université d'État du Mississippi,51520,2432905,2.591485507246377,447,43947,http://en.wikipedia.org/wiki/Mississippi_State_University,,,Mississippi Institutions of Higher Learning,https://openalex.org/I4210141039
https://openalex.org/I4210095439,1,Guizhou Minzu University,education,China,Guiyang,GZMU,Guizhou Minzu University; 贵州民族大学,6045,124979,3.9607121836374337,99,3685,https://en.wikipedia.org/wiki/Guizhou_Minzu_University,,,,
https://openalex.org/I169689159,1,PLA Information Engineering University,education,China,Zhengzhou,,PLA Information Engineering University; 中国人民解放军信息工程大学,12226,137959,1.904368506696708,103,3322,https://en.wikipedia.org/wiki/PLA_Information_Engineering_University,,,,
https://openalex.org/I94658018,1,University of Memphis,education,United States,Memphis,,University of Memphis; Université de memphis,36816,1777615,1.9242510699001427,386,27298,http://en.wikipedia.org/wiki/University_of_Memphis,,,,
https://openalex.org/I4210108480,1,Second Affiliated Hospital of Nanchang University,healthcare,China,Nanchang,,No.2 Affiliated Hospital of Nanchang University; Second Affiliated Hospital of Nanchang University; 南昌大学第二附属医院,12362,545053,3.5211904588226712,186,13920,,,,,
https://openalex.org/I146620803,1,Wenzhou University,education,China,Wenzhou,WZU,Wenzhou University; 温州大学,26086,1281542,7.0133772962788505,279,26025,http://en.wikipedia.org/wiki/Wenzhou_University,,,,
https://openalex.org/I4392738231,1,State Key Laboratory of Automotive Simulation and Control,facility,China,Changchun,,State Key Lab of Automobile Simulation and Control; State Key Lab of Automotive Simulation and Control; State Key Laboratory of Automobile Simulation and Control; State Key Laboratory of Automotive Simulation and Control; 汽车仿真与控制国家重点实验室; 汽车动态模拟国家重点实验室,3530,272469,11.597232897770946,176,5634,,,,Jilin University,https://openalex.org/I194450716
https://openalex.org/I4387154005,1,State Key Laboratory of Digital Medical Engineering,facility,China,Nanjing,,Bioelectronics State Key Laboratory; State Key Lab for Bioelectronics; State Key Lab of Bio-Electronics; State Key Lab of Bioelectronics; State Key Laboratory for Bioelectronics; State Key Laboratory of Bio-Electronics; State Key Laboratory of Bioelectronics; State Key Laboratory of Digital Medical Engineering,5057,714208,7.693802521008403,276,11834,,,,Southeast University,https://openalex.org/I76569877
https://openalex.org/I161350542,1,China Three Gorges University,education,China,Yichang,CTGU,China Three Gorges University; 三峡大学,25726,863312,4.141710030504217,221,20303,http://en.wikipedia.org/wiki/China_Three_Gorges_University,,,,
https://openalex.org/I180726961,1,Shenzhen University,education,China,Shenzhen,SZU,Shenzhen University; 深圳大学,91384,5562926,5.396396622776159,496,103227,http://en.wikipedia.org/wiki/Shenzhen_University,"Chinese University of Hong Kong, Shenzhen; Shenzhen Institute of Neuroscience",https://openalex.org/I4210116924; https://openalex.org/I4210117947,,
https://openalex.org/I4210119942,1,Wuhan Textile University,education,China,Wuhan,WTU,Wuhan Textile University,12859,690773,6.389438291139241,194,15971,,,,,
https://openalex.org/I51601045,1,University of Bath,education,United Kingdom,Bath,,University of Bath,74023,4332458,3.0626998629511193,583,62824,http://en.wikipedia.org/wiki/University_of_Bath,,,,
https://openalex.org/I4210163399,1,Shandong First Medical University,education,China,Jinan,,Shandong Academy of Medical Science; Shandong First Medical University; Shandong First Medical University & Shandong Academy of Medical Sciences; Shandong Medical Sciences; 山东省医学科学院; 山东第一医科大学; 山东第一医科大学（山东省医学科学院),40323,1998393,3.090105745766472,270,35783,,,,,
https://openalex.org/I4210131712,1,Oklahoma State University Oklahoma City,education,United States,Oklahoma City,OSU-OKC,Oklahoma State University Oklahoma City; Oklahoma State University–Oklahoma City,17142,418635,2.013485901103392,231,6567,https://en.wikipedia.org/wiki/Oklahoma_State_University%E2%80%93Oklahoma_City,,,Oklahoma State University System,https://openalex.org/I2800216316
https://openalex.org/I75689368,1,Communication University of China,education,China,Beijing,BBI; CUC,Beijing Broadcasting Institute; Communication University of China; 中国传媒大学,11636,142406,1.949970454993106,120,2923,https://en.wikipedia.org/wiki/Communication_University_of_China,State Key Laboratory of Media Convergence and Communication,https://openalex.org/I4391768176,,
https://openalex.org/I24943067,1,Fudan University,education,China,Shanghai,,Fudan University; 复旦大学; 復旦大學,235975,19337391,4.6294131982432765,840,333803,http://en.wikipedia.org/wiki/Fudan_University,Shanghai Medical College of Fudan University; Zhuhai Fudan Innovation Research Institute; Collaborative Innovation Center of Advanced Microstructures; State Key Laboratory of ASIC and System; State Key Laboratory of Macromolecular Engineering; State Key Laboratory of Medical Neurobiology; State Key Laboratory of Surface Physics; State Key Laboratory of Genetic Engineering,https://openalex.org/I133868755; https://openalex.org/I4210110560; https://openalex.org/I4210140493; https://openalex.org/I4391767673; https://openalex.org/I4391767792; https://openalex.org/I4391768195; https://openalex.org/I4391768224; https://openalex.org/I4391768242,,
https://openalex.org/I4210157719,1,Yancheng Institute of Technology,education,China,Yancheng,YIT,Yancheng Institute of Technology; 盐城工学院,12524,408640,5.336836886465047,172,9713,,,,,
https://openalex.org/I55654194,1,Inner Mongolia University of Technology,education,China,Hohhot,IMUT,Inner Mongolia University of Technology; 内蒙古工业大学,10477,280609,3.8311083787106974,124,8198,http://en.wikipedia.org/wiki/Inner_Mongolia_University_of_Technology,,,,
https://openalex.org/I129604602,1,The University of Sydney,education,Australia,Sydney,USYD,Sydney University; The University of Sydney; University of Sydney,328045,25751954,4.235092315369261,1235,347623,http://en.wikipedia.org/wiki/University_of_Sydney,ARC Centre of Excellence for All-sky Astrophysics; Sydney Microscopy & Microanalysis; Charles Perkins Centre Histology Facility,https://openalex.org/I4210155937; https://openalex.org/I4387154357; https://openalex.org/I4405258618,,
https://openalex.org/I2800091995,1,West China Medical Center of Sichuan University,healthcare,China,Chengdu,WCUMS,West China Medical Center of Sichuan University; West China University of Medical Sciences; 四川大学华西医学中心,11061,460829,5.0465087281795515,193,10513,https://en.wikipedia.org/wiki/West_China_Medical_Center_of_Sichuan_University,,,Sichuan University,https://openalex.org/I24185976
https://openalex.org/I4210159426,1,Hunan Institute of Mental Health,healthcare,China,Changsha,,Hunan Brain Hospital; Hunan Institute of Mental Health; 湖南省心理卫生研究所,769,45187,6.265648854961832,82,1171,,,,,
https://openalex.org/I27781120,1,Wenzhou Medical University,education,China,Wenzhou,WMC,Wenzhou Medical University; Wenzhou Yike Daxue; 温州医科大学,68884,4623275,4.328742844825522,393,102165,https://en.wikipedia.org/wiki/Wenzhou_Medical_University,,,,
https://openalex.org/I4210143029,1,Guangxi Research Institute of Chemical Industry,facility,China,Nanning,,"Guangxi Research Institute of Chemical Industry; Guangxi Research Institute of Chemical Industry Co., Ltd.; 广西化工研究院; 广西化工研究院有限公司",1147,10360,4.524822695035461,47,240,,,,,
https://openalex.org/I165745306,1,Southwest Petroleum University,education,China,Chengdu,SWPU,Southwest Petroleum University; 西南石油大学,31637,1384317,3.6435679611650484,220,35175,http://en.wikipedia.org/wiki/Southwest_Petroleum_University,,,,
https://openalex.org/I4210146866,1,Brunei Polytechnic,education,Brunei,Bandar Seri Begawan,PB,Brunei Polytechnic; Politeknik Brunei,396,7085,1.1578947368421053,36,103,https://en.wikipedia.org/wiki/Brunei_Polytechnic,,,,
https://openalex.org/I4210115928,1,Changhai Hospital,healthcare,China,Shanghai,,Changhai Hospital; Second Military Medical University First Hospital,18579,1239244,3.637758890997607,298,25142,,,,,
https://openalex.org/I4210145292,1,Shenzhen University Health Science Center,education,China,Shenzhen,,Shenzhen University Health Science Center,8118,602289,4.372571759930414,249,10805,,,,,
https://openalex.org/I206451062,1,"University of Architecture, Civil Engineering and Geodesy",education,Bulgaria,Sofia,UACEG,"University of Architecture, Civil Engineering and Geodesy; Университет по архитектура, строителство и геодезия",3174,27649,1.112271540469974,69,486,"http://en.wikipedia.org/wiki/University_of_Architecture,_Civil_Engineering_and_Geodesy",,,,
https://openalex.org/I4210153755,1,University Hospital Cologne,healthcare,Germany,Cologne,,Uniklinik Köln; University Hospital Cologne; Universitätsklinikum Köln,31276,2527650,3.6170642037302727,469,38494,,"Klinik und Poliklinik für Hals-, Nasen-, Ohrenheilkunde; Klinik und Poliklinik für Psychosomatik und Psychotherapie; Klinik und Poliklinik für Kinder- und Jugendmedizin; Poliklinik für Endokrinologie, Diabetologie und Präventivmedizin; Klinik und Poliklinik für Nuklearmedizin; Klinik und Poliklinik für Neurologie; Centrum für Integrierte Onkologie; Klinik und Poliklinik für Psychiatrie und Psychotherapie des Kindes- und Jugendalters",https://openalex.org/I4210089410; https://openalex.org/I4210097768; https://openalex.org/I4210098471; https://openalex.org/I4210099674; https://openalex.org/I4210103170; https://openalex.org/I4210148113; https://openalex.org/I4210149099; https://openalex.org/I4210149638,,
https://openalex.org/I4392738069,1,"SINOPEC Research Institute of Safety Engineering Co., Ltd.",nonprofit,China,Qingdao,,"SINOPEC Research Institute of Safety Engineering Co.; SINOPEC Research Institute of Safety Engineering Co., Ltd.; 中石化安全工程研究院有限公司",522,14558,3.509375,48,452,,,,,
https://openalex.org/I4391768066,1,State Key Laboratory of Space Weather,facility,China,Beijing,,State Key Lab of Space Weather; State Key Laboratory of Space Weather; 空间天气学国家重点实验室,141,3717,5.142857142857143,27,107,,,,National Space Science Center,https://openalex.org/I4210115570
https://openalex.org/I90727586,1,Zhejiang University of Finance and Economics,education,China,Hangzhou,ZUFE,Zhejiang University of Finance and Economics; 浙江财经大学,8542,195205,3.260565521435087,150,4038,https://en.wikipedia.org/wiki/Zhejiang_University_of_Finance_and_Economics,,,,
https://openalex.org/I4401726859,1,Kuaishou (China),company,China,Beijing,,Beijing Kuaishou Technology Ltd; Kuaishou; Kuaishou (China); Kuaishou Technology; Kwai Inc; 北京快手科技有限公司; 快手,719,40446,3.679539852095316,94,678,,,,,
https://openalex.org/I4210108633,1,Aba Teachers University,education,China,Chengdu,,Aba Teachers University; 阿坝师范学院,1137,5372,1.9133333333333333,30,140,,,,,
https://openalex.org/I4210131125,1,Huanghuai University,education,China,Zhumadian,,Huanghuai University; 黄淮学院,3520,49286,3.8525210084033614,77,1412,,,,,
https://openalex.org/I2722730,1,Inner Mongolia University,education,China,Hohhot,,Inner Mongolia University; 内蒙古大学,23335,780027,3.7916083916083916,203,18982,http://en.wikipedia.org/wiki/Inner_Mongolia_University,,,,
https://openalex.org/I4210100255,1,Beijing Academy of Artificial Intelligence,other,China,Beijing,BAAI,Beijing Academy of Artificial Intelligence; 北京智源人工智能研究院,11154,418644,4.791403756217059,234,7826,,,,,
https://openalex.org/I67031392,1,Carleton University,education,Canada,Ottawa,,Carleton University,76337,4386017,2.84771911840082,528,65449,http://en.wikipedia.org/wiki/Carleton_University,Dominican University College,https://openalex.org/I2799481479,,
https://openalex.org/I4210160507,1,Center for Life Sciences,education,China,Beijing,CLS,Center for Life Sciences; 生命科学联合中心,14779,2295717,8.075206945285686,496,22468,,,,Peking University; Tsinghua University,https://openalex.org/I20231570; https://openalex.org/I99065089
https://openalex.org/I4210155731,1,Jiangxi Academy of Sciences,funder,China,Nanchang,,Jiangxi Academy of Sciences; 江西省科学院,2900,95525,4.872707659115426,110,2421,,,,,
https://openalex.org/I36788626,1,California University of Pennsylvania,education,United States,California,,California University of Pennsylvania,66477,2560757,1.3507252149092237,570,26485,http://en.wikipedia.org/wiki/California_University_of_Pennsylvania,,,Pennsylvania State System of Higher Education,https://openalex.org/I29957033
https://openalex.org/I34949971,1,University of Jinan,education,China,Jinan,,Jǐnán Dàxué; University of Jinan; 济南大学,35504,2214927,4.544724550515068,310,45682,https://en.wikipedia.org/wiki/University_of_Jinan,,,,
https://openalex.org/I4210147887,1,Institute of Hematology & Blood Diseases Hospital,healthcare,China,Tianjin,,Institute of Hematology & Blood Diseases Hospital; Institute of Hematology and Blood Diseases Hospital; 中国医学科学院血液病医院,6893,456504,2.8860978338248753,197,9402,,,,,
https://openalex.org/I4210126060,1,First Affiliated Hospital of GuangXi Medical University,healthcare,China,Nanning,,First Affiliated Hospital of GuangXi Medical University,18665,777240,2.053201443657265,190,20282,,,,,
https://openalex.org/I53411278,1,Chengdu University of Traditional Chinese Medicine,education,China,Chengdu,CDUTCM,Chengdu University of Traditional Chinese Medicine; Chéngdū zhōng yīyào Dàxué; 成都中医药大学,21134,1067863,3.9347357234395024,248,24796,http://en.wikipedia.org/wiki/Chengdu_University_of_Traditional_Chinese_Medicine,,,,
https://openalex.org/I148099405,1,Xi'an University of Architecture and Technology,education,China,Xi'an,XAUAT,Xi'an University of Architecture and Technology; 西安建筑科技大学,28027,1290966,4.911022436907137,222,31380,https://en.wikipedia.org/wiki/Xi%27an_University_of_Architecture_and_Technology,,,,
https://openalex.org/I4210127460,1,Ningxia Medical University,education,China,Yinchuan,NXMU,Ningxia Medical College; Ningxia Medical University; 宁夏医科大学,15870,596102,2.549647972808934,188,14410,https://en.wikipedia.org/wiki/Ningxia_Medical_University,,,,
https://openalex.org/I87710204,1,Beijing Sport University,education,China,Beijing,BSU,Beijing Sport University; Beijing University of Physical Education; 北京体育大学,7079,94592,3.033255269320843,85,2768,http://en.wikipedia.org/wiki/Beijing_Sport_University,,,,
https://openalex.org/I111381250,1,Hebei Medical University,education,China,Shijiazhuang,HMU,Hebei Medical University; 河北医科大学,42139,1635867,2.384523886762257,234,43746,https://en.wikipedia.org/wiki/Hebei_Medical_University,,,,
https://openalex.org/I46305995,1,Taiyuan University of Science and Technology,education,China,Taiyuan,TYUST,Taiyuan University of Science and Technology; 太原科技大学,15384,376686,3.338469310431927,177,8985,https://en.wikipedia.org/wiki/Taiyuan_University_of_Science_and_Technology,,,,
https://openalex.org/I102208913,1,Shihezi University,education,China,Shihezi,,Shihezi University; 石河子大学,26008,1005838,3.4226517463546964,203,26755,http://en.wikipedia.org/wiki/Shihezi_University,,,,
https://openalex.org/I4210090615,1,Hospital of Hebei Province,healthcare,China,Shijiazhuang,,Hospital of Hebei Province; 河北省中医院,4746,109744,2.1107509454349,96,2896,,,,,
https://openalex.org/I4210130203,1,Intelligent Automation (United States),company,United States,Rockville,IAI,Intelligent Automation (United States),1111,41542,1.6103896103896105,93,791,,,,,
https://openalex.org/I20942203,1,Hainan University,education,China,Haikou,,Hainan University; Hǎinán Dàxué; 海南大学,41932,1581490,4.528395881766855,272,37935,https://en.wikipedia.org/wiki/Hainan_University,,,,
https://openalex.org/I4210112150,1,Institute of Automation,facility,China,Beijing,CASIA,Institute of Automation; 自动化研究所,13907,1089648,4.457150333638624,366,14897,"https://en.wikipedia.org/wiki/Institute_of_Automation,_Chinese_Academy_of_Sciences",State Key Laboratory of Complex System Management and Control; State Key Laboratory of Pattern Recognition,https://openalex.org/I4391767837; https://openalex.org/I4391768261,Chinese Academy of Sciences,https://openalex.org/I19820366
https://openalex.org/I166846921,1,Liaoning Shihua University,education,China,Fushun,LSHU,Liaoning Shihua University; Liáoníng Shíyóu Huàgōng Dàxué; 辽宁石油化工大学,10605,263841,2.77808905927455,147,6391,http://en.wikipedia.org/wiki/Liaoning_University_of_Petroleum_and_Chemical_Technology,,,,
https://openalex.org/I4210166576,1,First Affiliated Hospital Zhejiang University,healthcare,China,Hangzhou,,First Affiliated Hospital Zhejiang University; Zheda Hospital; Zhejiang Provincial First Hospital,23547,1502774,3.893028801371139,354,28278,,,,,
https://openalex.org/I98381234,1,University of Oulu,education,Finland,Oulu,,Oulun yliopisto; University of Oulu,73651,5707793,3.0389366692728697,630,84298,http://en.wikipedia.org/wiki/University_of_Oulu,,,,
https://openalex.org/I151934421,1,University of Northern British Columbia,education,Canada,Prince George,UNBC,University of Northern British Columbia,11858,341752,2.3198684828558007,211,6057,http://en.wikipedia.org/wiki/University_of_Northern_British_Columbia,Pacific Institute for Climate Solutions,https://openalex.org/I4210094865,,
https://openalex.org/I4210132906,1,Xuzhou Central Hospital,healthcare,China,Xuzhou,,Xuzhou Central Hospital,4490,139074,2.7276025676807145,136,3027,,,,,
https://openalex.org/I4210135988,1,Shanghai Traditional Chinese Medicine Hospital,healthcare,China,Shanghai,,Shanghai Traditional Chinese Medicine Hospital,3292,58667,2.0061884669479606,83,1454,,,,,
https://openalex.org/I4210167079,1,Nano Carbon (Poland),company,Poland,Warsaw,,Nano Carbon (Poland),3444,87192,3.7682545880515423,118,1629,,,,,
https://openalex.org/I27577105,1,University College Cork,education,Ireland,Cork,UCC,Coláiste na hOllscoile; Coláiste na hOllscoile Corcaigh; University College Cork,61475,4425378,3.3018183576748235,632,58499,http://en.wikipedia.org/wiki/University_College_Cork,Daithi O’Murchu Marine Research Station; Advanced Materials and BioEngineering Research; Tyndall National Institute,https://openalex.org/I4210095649; https://openalex.org/I4210112033; https://openalex.org/I55513165,National University of Ireland,https://openalex.org/I181231927
https://openalex.org/I4210134393,1,China National Chemical Engineering (China),company,China,Beijing,CNCEC,China National Chemical Engineering (China); 中国化学工程股份有限公司,884,12875,2.2254901960784315,44,235,https://en.wikipedia.org/wiki/China_National_Chemical_Engineering,,,,
https://openalex.org/I862669128,1,Xiaomi (China),company,China,Beijing,,Xiaomi (China),1824,43535,2.6807790008467403,97,792,https://en.wikipedia.org/wiki/Xiaomi,,,,
https://openalex.org/I118987531,1,Anhui Jianzhu University,education,China,Hefei,AHJZU,Anhui Jianzhu University; 安徽建筑工业学院,6837,192661,4.0102607436021245,129,4971,https://en.wikipedia.org/wiki/Anhui_Jianzhu_University,,,,
https://openalex.org/I4210122600,1,Hunan Academy of Traditional Chinese Medicine,education,China,Changsha,,Hunan Academy of Traditional Chinese Medicine; Hunan Institute of Traditional Chinese Medicine; 湖南省中医药研究院,1935,35612,2.6658464566929134,73,862,,,,,
https://openalex.org/I111483173,1,King University,education,United States,Bristol,,King College; King University,8748,203479,2.647463625639009,153,4003,http://en.wikipedia.org/wiki/King_University,,,,
https://openalex.org/I10660446,1,Kunming University of Science and Technology,education,China,Kunming,KMUST; KUST,Kunming University of Science and Technology; 昆明理工大学,58292,2572355,4.525204414820411,289,64730,https://en.wikipedia.org/wiki/Kunming_University_of_Science_and_Technology,,,,
https://openalex.org/I6059380,1,University of Baltimore,education,United States,Baltimore,UB,University of Baltimore; Université de Baltimore,27802,1833659,1.489216799091941,403,18103,http://en.wikipedia.org/wiki/University_of_Baltimore,,,University System of Maryland,https://openalex.org/I1317227900
https://openalex.org/I4210165339,1,Ningbo Institute of Industrial Technology,facility,China,Ningbo,CNITECH; NIMTE,Ningbo Institute of Industrial Technology; Ningbo Institute of Materials Technology & Engineering; 中国科学院宁波材料技术与工程研究所,17393,2277932,8.009864637706803,391,39425,,,,Chinese Academy of Sciences,https://openalex.org/I19820366
https://openalex.org/I4210092224,1,Heilongjiang Academy of Sciences,nonprofit,China,Harbin,,Heilongjiang Academy of Sciences; 黑龙江省科学院,3637,158667,3.4709282556953416,135,3384,,,,,
https://openalex.org/I4210139237,1,First Hospital of Jiaxing,healthcare,China,Jiaxing,,First Hospital of Jiaxing; 嘉兴市第一医院,4965,83642,2.0018718801996673,80,2418,,,,,
https://openalex.org/I4210163926,1,Zhejiang Medicine (China),company,China,Shaoxing,,Zhejiang Medicine (China),3937,142582,2.7966833257610175,170,2156,,,,,
https://openalex.org/I70908550,1,Anhui Polytechnic University,education,China,Wuhu,AUTS,Anhui Mechanical University; Anhui Polytechnic University; Anhui University of Technology and Science; Wuhu Mechanical School; 安徽工程大学,10573,277966,3.979428044280443,139,7366,https://en.wikipedia.org/wiki/Anhui_Polytechnic_University,,,,
https://openalex.org/I44673925,1,Inner Mongolia Medical University,funder,China,Hohhot,IMMU,Inner Mongolia Medical College; Inner Mongolia Medical University; 内蒙古医科大学,8164,182871,2.1794202500343456,119,4921,https://en.wikipedia.org/wiki/Inner_Mongolia_Medical_University,,,,
https://openalex.org/I4210161528,1,Qilu Hospital of Shandong University,healthcare,China,Jinan,,Qilu Hospital of Shandong University,28451,1725590,3.1965735541328373,286,37842,,,,,
https://openalex.org/I903994226,1,Xuchang University,education,China,Xuchang,,Xuchang University; Xǔchāng Xuéyuàn,6581,131518,3.3852382435378385,123,3244,http://en.wikipedia.org/wiki/Xuchang_University,,,,
https://openalex.org/I4210147433,1,Beijing Friendship Hospital,healthcare,China,Beijing,,Beijing Friendship Hospital; Beijing Soviet Red Cross Hospital; 北京友谊医院,14568,507446,2.529722364162834,169,13122,,,,,
https://openalex.org/I4210118977,1,Shanghai Tunnel Engineering Rail Transit Design & Research Institute,facility,China,Shanghai,,Shanghai Tunnel Engineering Rail Transit Design & Research Institute; 上海市隧道工程轨道交通设计研究院,1757,23360,2.353223593964335,62,563,,,,,
https://openalex.org/I74837319,1,Jiangxi Agricultural University,education,China,Nanchang,JXAU,Jiangxi Agricultural University; Jiāngxī Nóngyè Dàxué; 江西农业大学,15982,685430,2.5900243968555166,191,16729,http://en.wikipedia.org/wiki/Jiangxi_Agricultural_University,,,,
https://openalex.org/I97009856,1,Bohai University,education,China,Jinzhou,BU,Bohai University; 渤海大学,12174,543176,6.492929995363931,211,11416,https://en.wikipedia.org/wiki/Bohai_University,,,,
https://openalex.org/I63371133,1,Chongqing Jiaotong University,education,China,Chongqing,,Chongqing Jiaotong University; 重庆交通大学,18094,360089,3.784207883504896,157,9196,https://en.wikipedia.org/wiki/Chongqing_Jiaotong_University,,,,
https://openalex.org/I4210106122,1,Southern Marine Science and Engineering Guangdong Laboratory (Guangzhou),facility,China,Guangzhou,,Southern Marine Science and Engineering Guangdong Laboratory (Guangzhou); 南方海洋科学与工程广东省实验室 (广州),20188,779601,4.072403718459495,199,20854,,,,,
https://openalex.org/I47834966,1,Framingham State University,education,United States,Framingham,FSU,Framingham State University; Université d'État de framingham,2498,177923,2.8030888030888033,193,1620,http://en.wikipedia.org/wiki/Framingham_State_University,Danforth at Framingham State University,https://openalex.org/I4210164454,,
https://openalex.org/I43337087,1,Hebei University,education,China,Baoding,,Hebei University; Tianjin Business Institute; Tianjin Normal College; Tianjin Normal University; Tsin Ku University; 河北大学,37931,1231527,3.3833080163939124,242,29987,https://en.wikipedia.org/wiki/Hebei_University,,,,
https://openalex.org/I4210126705,1,Guangzhou Urban Planning Survey & Design Institute,other,China,Guangzhou,GZPI,Guangzhou Urban Planning Survey & Design Institute; 广州市城市规划勘测设计研究院,1033,18434,4.524193548387097,59,481,,,,,
https://openalex.org/I4210145660,1,Bio-Medical Science (South Korea),company,South Korea,Seoul,BMS,Bio-Medical Science (South Korea),13563,181491,1.3069515498043935,142,3921,,,,,
https://openalex.org/I39333907,1,Yanshan University,education,China,Qinhuangdao,YSU,Yanshan University; Yānshān dàxué; 燕山大学,39778,1910919,4.464018594117823,285,44934,http://en.wikipedia.org/wiki/Yanshan_University,State Key Laboratory of Metastable Materials Science and Technology,https://openalex.org/I4391767811,,
https://openalex.org/I168879160,1,Zhejiang University of Science and Technology,education,China,Hangzhou,ZUST,Zhejiang University of Science and Technology; Zhèjiāng Kējì Xuéyuàn; 浙江科技学院,21617,745948,4.894492842223241,223,15281,https://en.wikipedia.org/wiki/Zhejiang_University_of_Science_and_Technology,,,,
https://openalex.org/I867306930,1,Power Grid Corporation (India),company,India,Gurgaon,,POWERGRID; Power Grid Corporation (India),4611,22386,0.49083480565371024,46,472,https://en.wikipedia.org/wiki/Power_Grid_Corporation_of_India,,,,
https://openalex.org/I4210145164,1,Scientific Methods (United States),company,United States,Granger,,Scientific Methods (United States),798,10821,1.1885714285714286,44,151,,,,,
https://openalex.org/I118803816,1,Liaoning University,education,China,Shenyang,,Liaoning University; Liáoníng Dàxué; 辽宁大学,17839,661745,3.7747019323009456,198,15697,http://en.wikipedia.org/wiki/Liaoning_University,,,,
https://openalex.org/I4210093674,1,Zhoukou Normal University,education,China,Zhoukou,ZNU,Zhoukou Normal University,5598,126385,3.48318952692651,125,3068,,,,,
https://openalex.org/I4210167213,1,Lu'an First People's Hospital,healthcare,China,Lu'an,,Lu'an First People's Hospital,1137,19284,2.451776649746193,57,400,,,,,
https://openalex.org/I4387156398,1,RIKEN Center for Quantum Computing,facility,Japan,Saitama,RQC,RIKEN Center for Quantum Computing; 国立研究開発法人理化学研究所 量子コンピュータ研究センター,495,14221,11.257425742574258,61,317,,,,RIKEN,https://openalex.org/I4210110652
https://openalex.org/I59553526,1,Stony Brook University,education,United States,Stony Brook,SBU,SUNY Stony Brook; State University of New York Stony Brook; Stony Brook University; Universidad de Stony Brook; Université d'État de new york à stony brook,126576,13165490,3.4100853320223337,898,155933,http://en.wikipedia.org/wiki/Stony_Brook_University,New York Sea Grant,https://openalex.org/I4210134430,State University of New York,https://openalex.org/I1327163397
https://openalex.org/I4210142178,1,Hangzhou DAC Biotech (China),company,China,Hangzhou,,Hangzhou DAC Biotech (China); 杭州多禧生物科技有限公司,933,17803,2.7213930348258706,52,386,,,,,
https://openalex.org/I71920554,1,King Abdullah University of Science and Technology,education,Saudi Arabia,Jeddah,KAUST,King Abdullah University of Science and Technology; جامعة الملك عبد الله للعلوم والتقنية,47601,4719160,6.657525555163906,651,58870,http://en.wikipedia.org/wiki/King_Abdullah_University_of_Science_and_Technology,,,,
https://openalex.org/I4210120546,1,Gansu Coalfield Geology Bureau,other,China,Lanzhou,,Gansu Coalfield Geology Bureau; Northwest Coalfield Geology Bureau; 甘肃煤田地质局,1685,12347,2.6935096153846154,47,346,,,,,
https://openalex.org/I4210144384,1,Third Affiliated Hospital of Zhengzhou University,healthcare,China,Zhengzhou,,Third Affiliated Hospital of Zhengzhou University; 郑州大学第三附属医院,4383,135729,2.357511737089202,114,3256,,,,,
https://openalex.org/I4210158318,1,Second Affiliated Hospital of Zhejiang University,healthcare,China,Hangzhou,SAHZU,Second Affiliated Hospital of Zhejiang University,29957,2085072,4.625728304201165,336,42387,,,,,
https://openalex.org/I4210103786,1,"National University Cancer Institute, Singapore",education,Singapore,Singapore,NCIS,"National University Cancer Institute; National University Cancer Institute, Singapore",6326,768924,5.177300416800256,321,8568,"https://en.wikipedia.org/wiki/National_University_Cancer_Institute,_Singapore",,,National University Health System,https://openalex.org/I4210150261
https://openalex.org/I4210163340,1,National Livestock Breeding Center,government,Japan,Fukushima,NLBC,National Livestock Breeding Center; 独立行政法人 家畜改良センター,957,44984,1.0052910052910053,93,930,,,,,
https://openalex.org/I4210131649,1,China Automotive Engineering Research Institute,facility,China,Chongqing,CAERI,China Automotive Engineering Research Institute; 中国汽车工程研究院有限公司,2606,36275,2.74896694214876,76,788,,,,,
https://openalex.org/I4210156847,1,Institute of Grassland Research,facility,China,Hohhot,IGR,Institute of Grassland Research; 草原研究所,4515,210347,3.028657616892911,140,4357,,,,Chinese Academy of Agricultural Sciences,https://openalex.org/I4210138501
https://openalex.org/I4210154159,1,Xihu Institute of Electronic Research,facility,China,Hangzhou,,Hangzhou West Lake Electronic Research Institute; Xihu Institute of Electronic Research; 杭州西湖电子研究所,127,680,1.7198443579766538,11,11,,,,,
https://openalex.org/I2801345734,1,China Academy of Engineering Physics,facility,China,Mianyang,CAEP,China Academy of Engineering Physics; Ninth Institute of Ministry of Nuclear Industry; Ninth Institute of Second Ministry of Mechanical Industry; 中国工程物理研究院,24705,1102549,3.0836570836570836,226,27774,https://en.wikipedia.org/wiki/China_Academy_of_Engineering_Physics,Joint Laboratory for Extreme Conditions Matter Properties; Institute of Fluid Physics; Laser Fusion Research Center; CAEP Software Center for High Performance Numerical Simulation,https://openalex.org/I4210090923; https://openalex.org/I4387152340; https://openalex.org/I4387155340; https://openalex.org/I4405255966,,
https://openalex.org/I4210128615,1,Chinese Academy of Forestry,government,China,Beijing,CAF,Chinese Academy of Forestry; 中国林业科学研究院,19583,966413,3.9563531945441492,219,22952,,"Research Center of Saline and Akali Land of State Foresty Administration; Research Institute of Tropical Forestry; Experimental Center of Tropical Forestry; Institute of Chemical Industry of Forest Products; China National Bamboo Research Center; Institute of Forest Resource Information Techniques; Harbin Foresty Machinery Institute; Research Institute of Resource Insects; Institute of Wetland Research; Paulownia Research Center; Research Institute of Forestry; Research Institute of Forestry Policy and Information; Eucalyptus Research Center; Research Institute of Wood Industry; Experimental Center of Subtropical Forestry; Beijing Foresty Machinery Institute; Desert Forestry Experimental Center; Institute of Forest Ecology, Environment and Protection; Institute of Desertification Studies; Institute of New Technology of Forestry; Experimental Center of Forestry in North China; Research Institute of Subtropical Foresty; State Key Laboratory of Tree Genetics and Breeding",https://openalex.org/I4210089157; https://openalex.org/I4210094647; https://openalex.org/I4210095626; https://openalex.org/I4210111829; https://openalex.org/I4210113111; https://openalex.org/I4210114891; https://openalex.org/I4210122117; https://openalex.org/I4210124162; https://openalex.org/I4210126078; https://openalex.org/I4210131166; https://openalex.org/I4210132245; https://openalex.org/I4210135514; https://openalex.org/I4210138930; https://openalex.org/I4210139510; https://openalex.org/I4210139850; https://openalex.org/I4210144771; https://openalex.org/I4210152895; https://openalex.org/I4210153580; https://openalex.org/I4210154093; https://openalex.org/I4210154543; https://openalex.org/I4210155679; https://openalex.org/I4210161772; https://openalex.org/I4392021092,State Forestry and Grassland Administration,https://openalex.org/I4210134523
https://openalex.org/I60837268,1,King Mongkut's University of Technology Thonburi,education,Thailand,Bangkok,KMUTT,King Mongkut's University of Technology Thonburi; มหาวิทยาลัยเทคโนโลยีพระจอมเกล้าธนบุรี,18494,688990,2.768783401446086,222,14281,http://en.wikipedia.org/wiki/King_Mongkut's_University_of_Technology_Thonburi,,,,
https://openalex.org/I199305430,1,Nantong University,education,China,Nantong,,Nantong University; Nantong University Affiliated Tumor Hospital; Nántōng Dàxué; 南通大学,54278,2128365,3.3654602297792353,255,55613,https://en.wikipedia.org/wiki/Nantong_University,,,,
https://openalex.org/I41198531,1,Nanjing University of Posts and Telecommunications,education,China,Nanjing,NJUPT; NUPT,Nanjing Institute of Posts and Telecommunications; Nanjing University of Posts and Telecommunications; 南京邮电大学,43354,1956600,4.605971539155487,350,38827,https://en.wikipedia.org/wiki/Nanjing_University_of_Posts_and_Telecommunications,The Synergetic Innovation Center for Advanced Materials,https://openalex.org/I4210159340,,
https://openalex.org/I1315852903,1,Japan Agency for Marine-Earth Science and Technology,facility,Japan,Yokosuka,JAMSTEC,Dokuritsu-gyōsei-hōjin Kaiyō Kenkyū Kaihatsu Kikō; Japan Agency for Marine-Earth Science and Technology; 海洋研究開発機構,27357,1320711,1.6337058358731233,368,20305,https://en.wikipedia.org/wiki/Japan_Agency_for_Marine-Earth_Science_and_Technology,Yokohama Institute for Earth Sciences,https://openalex.org/I4405261342,,
https://openalex.org/I110440473,1,Xi'an University of Science and Technology,education,China,Xi'an,XUST,Xi'an University of Science and Technology; 西安科技大学,24036,783586,4.735598652313255,203,18743,https://en.wikipedia.org/wiki/Xi%27an_University_of_Science_and_Technology,,,,
https://openalex.org/I23171815,1,Zhengzhou University of Light Industry,education,China,Zhengzhou,,Zhengzhou University of Light Industry; Zhèngzhōu Qīnggōngyè Dàxué; 郑州轻工业学院,16192,716269,3.6869172753726467,211,15695,http://en.wikipedia.org/wiki/Zhengzhou_University_of_Light_Industry,,,,
https://openalex.org/I176134282,1,Guilin Medical University,education,China,Guilin,GLMU,Guilin Medical University; 桂林医学院,7587,277386,2.534392138939671,128,7457,https://en.wikipedia.org/wiki/Guilin_Medical_University,,,,
https://openalex.org/I4210090489,1,State Key Laboratory of Pollution Control and Resource Reuse,facility,China,Nanjing,,State Key Laboratory of Pollution Control and Resource Reuse; 污染控制与资源化研究国家重点实验室,20177,3028437,8.231186106663381,432,46499,,,,Tongji University; Nanjing University,https://openalex.org/I116953780; https://openalex.org/I881766915
https://openalex.org/I4210115513,1,Xi’an University,education,China,Xi'an,XUAS,Xi'an University of Art and Science; Xi’an University; 西安文理学院,11826,360748,4.689955357142857,169,8788,,,,,
https://openalex.org/I4210095624,1,Alibaba Group (United States),company,United States,San Mateo,,Alibaba Group (United States),3328,210303,5.35203013813311,183,3423,https://en.wikipedia.org/wiki/Alibaba_Group,,,Alibaba Group (China),https://openalex.org/I45928872
https://openalex.org/I39774598,1,Hefei University,education,China,Hefei,HU,Hefei University; Héféi Xuéyuàn; 合肥学院,15087,969818,3.962213806162851,269,19133,http://en.wikipedia.org/wiki/Hefei_University,,,,
https://openalex.org/I43439940,1,University of Southampton,education,United Kingdom,Southampton,,Prifysgol Southampton; University of Southampton,181342,12571749,2.8084826982444824,897,170535,http://en.wikipedia.org/wiki/University_of_Southampton,NIHR Southampton Biomedical Research Centre; University of Southampton Malaysia; MRC Lifecourse Epidemiology Unit; NIHR CRUK Experimental Cancer Medicine Centre,https://openalex.org/I4210118229; https://openalex.org/I4210139412; https://openalex.org/I4210148293; https://openalex.org/I4210163415,,
https://openalex.org/I39555362,1,University of Warwick,education,United Kingdom,Coventry,,Prifysgol Warwick; University of Warwick; Warwick University,137115,8760046,3.415975388672197,763,118890,http://en.wikipedia.org/wiki/University_of_Warwick,,,,
https://openalex.org/I4210134523,1,State Forestry and Grassland Administration,government,China,Beijing,SFA,State Forestry and Grassland Administration; 国家林业和草原局,11517,367571,3.8165700193294674,136,10128,https://en.wikipedia.org/wiki/State_Forestry_Administration_of_the_People%27s_Republic_of_China,Chinese Academy of Forestry,https://openalex.org/I4210128615,,
https://openalex.org/I205783295,1,Cornell University,education,United States,Ithaca,CU,Cornell University; Universidad Cornell,460219,52914645,4.547061227826371,1781,534815,http://en.wikipedia.org/wiki/Cornell_University,New York State College of Agriculture & Life Sciences; New York State School of Industrial and Labor Relations; New York Sea Grant; New York Space Grant Consortium; New York State University College of Human Ecology; New York State College of Veterinary Medicine; PARADIM; Cornell Lab of Ornithology; Weill Cornell Medicine; Cornell Atkinson Center for Sustainability; Cornell University Agricultural Experiment Station; arXiv; Cornell Tech,https://openalex.org/I4210092791; https://openalex.org/I4210098983; https://openalex.org/I4210134430; https://openalex.org/I4210141610; https://openalex.org/I4210144145; https://openalex.org/I4210151139; https://openalex.org/I4387152773; https://openalex.org/I4387153357; https://openalex.org/I4387153466; https://openalex.org/I4387155861; https://openalex.org/I4392738320; https://openalex.org/I4402554005; https://openalex.org/I4405261073,,
https://openalex.org/I4210153623,1,Shanghai First Maternity and Infant Hospital,healthcare,China,Pudong,,First Maternity and Infant Hospital affiliated to Tongji University; Shanghai First Maternity and Infant Hospital,3416,249824,3.598107431116059,165,5151,,,,,
https://openalex.org/I4210144404,1,Beijing Children’s Hospital,healthcare,China,Beijing,,Beijing Children’s Hospital; 北京儿童医院,11149,392368,1.8089171974522293,162,9674,,,,,
https://openalex.org/I152031979,1,Nanjing Normal University,education,China,Nanjing,NNU,"Nanjing Normal University; Nánjīng Shīfàn Dàxu; Teacher's College, Nanjing University; 南京师范大学",52375,2682215,4.104558913905805,390,53403,https://en.wikipedia.org/wiki/Nanjing_Normal_University,Jiangsu Center for Collaborative Innovation in Geographical Information Resource Development and Application; Nanjing Normal University Taizhou College,https://openalex.org/I4210141657; https://openalex.org/I4403386495,,
https://openalex.org/I146773158,1,Qingdao Agricultural University,education,China,Qingdao,QAU,Qingdao Agricultural University; 青岛农业大学,19961,914615,3.502345563182065,220,20945,http://en.wikipedia.org/wiki/Qingdao_Agricultural_University,,,,
https://openalex.org/I4210110558,1,Xi'an Technological University,education,China,Xi'an,,Xi'an Technological University; 西安工业大学,13361,359025,4.086048604860486,175,8453,,,,,
https://openalex.org/I2821654624,1,East Asia School of Theology,education,Singapore,Singapore,EAST,East Asia School of Theology; 东亞神学院,1017,23992,1.0555555555555556,53,568,https://en.wikipedia.org/wiki/East_Asia_School_of_Theology,,,,
https://openalex.org/I4210122302,1,ShangHai JiAi Genetics & IVF Institute,healthcare,China,Shanghai,,ShangHai JiAi Genetics & IVF Institute; Shanghai Aizethe Genetic and Infertility Treatment Center; 上海吉爱遗传与体外受精研究所,1507,90595,9.520100502512562,125,1507,,,,,
https://openalex.org/I4210166194,1,Zhejiang Academy of Forestry,nonprofit,China,Hangzhou,ZFA,Zhejiang Academy of Forestry; 浙江省林业科学研究院,2357,52349,2.8125,89,1222,,,,,
https://openalex.org/I142263535,1,University of Nottingham,education,United Kingdom,Nottingham,,Prifysgol Nottingham; University of Nottingham,184089,13175335,3.337289619612803,849,187235,http://en.wikipedia.org/wiki/University_of_Nottingham,University of Nottingham Ningbo China; University of Nottingham Malaysia Campus; MRC Institute of Hearing Research; Eminate (United Kingdom),https://openalex.org/I13591777; https://openalex.org/I155043079; https://openalex.org/I4210140445; https://openalex.org/I4210166422,,
https://openalex.org/I4210087107,1,Jiangsu Academy of Agricultural Sciences,government,China,Nanjing,JAAS,Jiangsu Academy of Agricultural Sciences; 江苏省农业科学院,12623,643454,3.820144587729582,181,15800,,Jiangsu Agricultural Science and Technology Innovation Fund,https://openalex.org/I4210129743,,
https://openalex.org/I4210139604,1,305 Hospital of People Liberation Army,healthcare,China,Xicheng,,305 Hospital of People Liberation Army; Three Hundred and Five Hospital; 中国人民解放军第三0五医院,138,3302,3.3114754098360657,32,75,,,,,
https://openalex.org/I4210099373,1,Second Hospital of Hebei Medical University,healthcare,China,Shijiazhuang,,Dwarkanath India Friendship Hospital; Second Hospital of Hebei Medical University,10809,402483,2.144849348534202,154,10155,,,,,
https://openalex.org/I4390039265,1,PRG S&Tech (South Korea),company,South Korea,Busan,PRGST,PRG S & Tech Inc.; PRG S&Tech; PRG S&Tech (South Korea); PRG S&Tech Inc.; PRG Science & Technology Inc.; PRG Science and Technology; PRG Science and Technology Inc.; Pioneer of Rare Genopathies via Science and Technology; 피알지에스앤텍,3566,91624,1.649616368286445,110,1727,,,,,
https://openalex.org/I4210089486,1,Fred Hutch Cancer Center,nonprofit,United States,Seattle,FHCRC,Fred Hutch; Fred Hutch Cancer Center; Fred Hutchinson Cancer Center; The Hutch,55580,10484016,4.051097735244446,1003,84193,https://en.wikipedia.org/wiki/Fred_Hutchinson_Cancer_Research_Center,Cape Town HVTN Immunology Laboratory / Hutchinson Centre Research Institute of South Africa,https://openalex.org/I1326427960,,
https://openalex.org/I4210144142,1,Hangzhou Institute of Applied Acoustics,facility,China,Hangzhou,HAARI; HARIUTC,Hangzhou Applied Acoustics Research Institute; Hangzhou Institute of Applied Acoustics; 中国船舶重工集团公司第七一五研究所,1183,8387,1.0815217391304348,33,213,,,,,
https://openalex.org/I4210146387,1,Guang’anmen Hospital,healthcare,China,Beijing,GAM,Guang’anmen Hospital; 中国中医科学院广安门医院,6045,308273,5.44975450081833,197,6553,,,,,
https://openalex.org/I4210156545,1,Dongyang People's Hospital,healthcare,China,Dongyang,,Dongyang People's Hospital,3267,54103,2.025855513307985,68,1626,,,,,
https://openalex.org/I4210126525,1,Southwest Florida Research,facility,United States,Naples,SWFR,Southwest Florida Research,3236,112130,3.564922480620155,119,2554,,,,,
https://openalex.org/I4210134794,1,Shandong Institute of Quantum Science and Technology,facility,China,Jinan,SIQST,Shandong Institute of Quantum Science and Technology; Shandong Quantum Science and Technology Research Institute; 山东量子科学技术研究院,116,2225,1.0921052631578947,19,50,,,,,
https://openalex.org/I4210123254,1,Thermal Power Research Institute,facility,China,Xi'an,TPRI,Thermal Power Research Institute; Xi’an Thermal Power Research Institute; 西安热工研究院,3084,46389,2.6827380952380953,80,1268,,,,,
https://openalex.org/I4210118728,1,State Key Laboratory of Information Engineering in Surveying Mapping and Remote Sensing,facility,China,Wuhan,LIESMARS,State Key Laboratory of Information Engineering in Surveying Mapping and Remote Sensing,12136,890268,5.366435903556935,294,14838,,,,,
https://openalex.org/I4210166347,1,S.P.E.C.I.E.S.,nonprofit,United States,Ventura,,S.P.E.C.I.E.S.,10293,600904,3.5528355054596688,224,9438,,,,,
https://openalex.org/I150229711,1,University of Electronic Science and Technology of China,education,China,Chengdu,UESTC,University of Electronic Science and Technology of China; 电子科技大学,140166,7265105,4.169758648055646,507,141633,http://en.wikipedia.org/wiki/University_of_Electronic_Science_and_Technology_of_China,State Key Laboratory of Electronic Thin Films and Integrated Devices,https://openalex.org/I4391767659,,
https://openalex.org/I4387154354,1,Innovation Academy for Microsatellites of Chinese Academy of Sciences,facility,China,Shanghai,IAMCAS,"Chinese Academy of Sciences Innovation Academy for Microsatellites; Innovation Academy for Microsatellites CAS; Innovation Academy for Microsatellites of Chinese Academy of Sciences; Innovation Academy for Microsatellites, Chinese Academy of Sciences; 中国科学院微小卫星创新研究院备案; 微小卫星创新研究院备案",693,20973,2.9326047358834244,74,504,https://zh.wikipedia.org/wiki/%E4%B8%AD%E5%9B%BD%E7%A7%91%E5%AD%A6%E9%99%A2%E5%BE%AE%E5%B0%8F%E5%8D%AB%E6%98%9F%E5%88%9B%E6%96%B0%E7%A0%94%E7%A9%B6%E9%99%A2,,,Chinese Academy of Sciences,https://openalex.org/I19820366
https://openalex.org/I4210132950,1,Stomatology Hospital,healthcare,China,Xi'an,,Stomatology Hospital; Stomatology Institute of the PLA Fourth Military Medical University,19701,948388,4.093077450308431,237,22590,,,,,
https://openalex.org/I4391768190,1,State Key Laboratory of Electroanalytical Chemistry,facility,China,Changchun,,State Key Lab of Electroanalytical Chemistry; State Key Laboratory of Electroanalytical Chemistry; 电分析化学国家重点实验室,608,113405,5.857142857142857,147,1835,,,,Changchun Institute of Applied Chemistry,https://openalex.org/I4210092888
https://openalex.org/I4210166112,1,State Key Laboratory of Remote Sensing Science,facility,China,Beijing,,State Key Laboratory of Remote Sensing Science; 遥感科学国家重点实验室,13840,901150,4.210699588477366,310,15022,,,,,
https://openalex.org/I23632641,1,Shanghai University of Electric Power,education,China,Yangpu,SUEP,Shanghai University of Electric Power; 上海电力学院,14545,620423,4.146979719415571,201,13179,https://en.wikipedia.org/wiki/Shanghai_University_of_Electric_Power,,,,
https://openalex.org/I4210124297,1,Renal Research Institute,facility,United States,New York,RRI,Renal Research Institute,2018,181183,1.782871972318339,164,2550,,,,,
https://openalex.org/I4210126248,1,Jiyang College of Zhejiang A&F University,education,China,Zhuji,,Jiyang College of Zhejiang A&F University; Tianmu College of Zhejiang Forestry College; Zhejiang Forestry College,3432,50022,1.8094799815922689,79,1269,,,,,
https://openalex.org/I184983240,1,Northeast Normal University,education,China,Changchun,NENU,Dōngběi Shīfàn Dàxué; Northeast Normal University; 东北师范大学,37304,2797905,5.913388214904679,362,55623,http://en.wikipedia.org/wiki/Northeast_Normal_University,,,,
https://openalex.org/I8991828,1,Pukyong National University,education,South Korea,Busan,PKNU,Pukyong National University; 부경대학교,26594,1132693,3.755819712729074,267,24445,http://en.wikipedia.org/wiki/Pukyong_National_University,,,,
https://openalex.org/I111753288,1,Fujian Normal University,education,China,Fuzhou,FNU,Fujian Normal University; 福建师范大学,35325,1266402,5.170485673290143,261,28455,http://en.wikipedia.org/wiki/Fujian_Normal_University,Concord University College Fujian Normal University,https://openalex.org/I4403928262,,
https://openalex.org/I141568987,1,Hong Kong Baptist University,education,Hong Kong,Hong Kong,HKBU,Hong Kong Baptist College; Hong Kong Baptist University,37452,2258167,4.028226707380651,400,34965,http://en.wikipedia.org/wiki/Hong_Kong_Baptist_University,Institute of Molecular Functional Materials,https://openalex.org/I4210094881,,
https://openalex.org/I4210160019,1,Chongqing Municipal Health Commission,government,China,Chongqing,,Chongqing Municipal Health Commission; Chongqing Municipal Health and Family Planning Commission; 重庆市卫生和计划生育委员会,921,8220,2.5656742556917687,38,198,,,,Chongqing Municipal Government,https://openalex.org/I4210157972
https://openalex.org/I4210160618,1,Huawei Technologies (United Kingdom),company,United Kingdom,Basingstoke,,Huawei Technologies (United Kingdom),2043,61781,1.9168627450980391,101,1179,https://en.wikipedia.org/wiki/Huawei,,,Huawei Technologies (China),https://openalex.org/I2250955327
https://openalex.org/I4210113530,1,Hubei Provincial Water Resources and Hydropower Planning Survey and Design Institute,other,China,Wuhan,,Hubei Provincial Water Resources and Hydropower Planning Survey and Design Institute; Hubei Water Institute; 湖北省水利水电规划勘测设计院,1867,73073,3.109834888729361,108,1496,,,,,
https://openalex.org/I4210143568,1,Central Hospital of Wuhan,healthcare,China,Wuhan,,Central Hospital of Wuhan; 武汉市中心医院,4539,459808,2.7505639703512728,209,4258,,,,,
https://openalex.org/I83791580,1,Fujian University of Technology,education,China,Fuzhou,FJUT,Fujian University of Technology; 福建工程学院,10041,244296,3.943233880880545,140,6089,https://en.wikipedia.org/wiki/Fujian_University_of_Technology,,,,
https://openalex.org/I4210149251,1,Hangzhou Red Cross Hospital,healthcare,China,Hangzhou,,Hangzhou Charity Hospital; Hangzhou Red Cross Hospital; Zhejiang Province Traditional Chinese Medicine Hospital; 杭州市红十字会医院,1484,28727,1.5216417910447761,74,732,,,,,
https://openalex.org/I4210124907,1,Zhongshan Hospital of Xiamen University,healthcare,China,Amoy,,Zhongshan Hospital of Xiamen University; 厦门大学附属中山医院,6651,235249,2.5319087076609974,148,5755,,,,,
https://openalex.org/I4210118629,1,NARI Group (China),facility,China,Nanjing,NARI,NARI Group (China); Nanjing Automation Research Institute; 南京自动化研究所,7065,47368,0.8382213812677389,60,1015,,,,,
https://openalex.org/I204553293,1,"China University of Petroleum, Beijing",education,China,Beijing,CUP,"China University of Petroleum, Beijing; Zhōngguó Shíyóu Dàxué; 中国石油大学",54412,2774188,4.169682061048511,306,61503,http://en.wikipedia.org/wiki/China_University_of_Petroleum,State Key Laboratory of Oil and Gas Resources and Exploration; State Key Laboratory of Heavy Oil,https://openalex.org/I4391768160; https://openalex.org/I4391768235,,
https://openalex.org/I4210139958,1,Beijing Computational Science Research Center,facility,China,Beijing,CSRC,Beijing Computational Science Research Center; 北京计算科学研究中心,4900,274869,4.288912579957356,204,4509,,,,,
https://openalex.org/I80849659,1,Instituto Nacional de Pesquisas Espaciais,facility,Brazil,São José dos Campos,INPE,Instituto Nacional de Pesquisas Espaciais; National Institute for Space Research,20853,1315904,2.4622813411078717,392,16010,https://en.wikipedia.org/wiki/National_Institute_for_Space_Research,,,"Ministry of Science, Technology and Innovation",https://openalex.org/I4210151455
https://openalex.org/I62853816,1,Beijing University of Civil Engineering and Architecture,education,China,Beijing,,Beijing University of Civil Engineering and Architecture; 北京建筑工程学院,13872,419000,4.037636211232188,203,9262,http://en.wikipedia.org/wiki/Beijing_University_of_Civil_Engineering_and_Architecture,,,,
https://openalex.org/I57093077,1,Swinburne University of Technology,education,Australia,Melbourne,,Swinburne; Swinburne University of Technology,67356,2800639,3.5774105780078305,492,39599,http://en.wikipedia.org/wiki/Swinburne_University_of_Technology,Swinburne University of Technology Sarawak Campus,https://openalex.org/I96413208,,
https://openalex.org/I141945490,1,University of British Columbia,education,Canada,Vancouver,UBC,University of British Columbia; Université de la colombie-britannique,347477,31188581,3.316069891111674,1311,380577,https://en.wikipedia.org/wiki/University_of_British_Columbia,"University of British Columbia Hospital; Bamfield Marine Sciences Centre; Pacific Institute for Climate Solutions; International Collaboration On Repair Discoveries; UBC Properties Trust; Pacific Centre for Isotopic and Geochemical Research; Canadian-Pacific Robotic Ocean Observing Facility; University of British Columbia, Okanagan Campus",https://openalex.org/I1287378978; https://openalex.org/I2802902549; https://openalex.org/I4210094865; https://openalex.org/I4210128534; https://openalex.org/I4210135497; https://openalex.org/I4387154919; https://openalex.org/I4405255738; https://openalex.org/I4405260628,,
https://openalex.org/I4210127494,1,Collaborative Innovation Center of Quantum Matter,facility,China,Beijing,,Collaborative Innovation Center of Quantum Matter; 量子物质科学协同创新中心,6551,777731,11.810770750988143,329,9468,,,,Peking University; Tsinghua University,https://openalex.org/I20231570; https://openalex.org/I99065089
https://openalex.org/I4210120373,1,Geospatial Research (United Kingdom),company,United Kingdom,Durham,,Geospatial Research (United Kingdom),1938,28970,1.263768115942029,86,485,,,,,
https://openalex.org/I4210145761,1,Shenzhen Institutes of Advanced Technology,facility,China,Shenzhen,SIAT,Shenzhen Institutes of Advanced Technology; 中国科学院深圳先进技术研究院,28386,2277274,6.275088131609871,418,35105,,Zhuhai Institute of Advanced Technology,https://openalex.org/I4210165204,Chinese Academy of Sciences,https://openalex.org/I19820366
https://openalex.org/I4210143904,1,Rongsheng Petrochemical (China),company,China,Hangzhou,,Rongsheng Petrochemical (China); 荣盛石化股份有限公司,853,4954,1.2591687041564792,33,108,,,,,
https://openalex.org/I4210144678,1,China Leather and Footwear Industry Research Institute,facility,China,Beijing,CLF,China Leather Industry Research Institute; China Leather and Footwear Industry Research Institute; 中国皮革和制鞋工业研究院,689,19583,5.71875,65,391,,,,,
https://openalex.org/I4210163247,1,Henan Institute of Science and Technology,education,China,Xinxiang,HIST,Henan Institute of Science and Technology,11469,285390,3.024193548387097,141,6938,,,,,
https://openalex.org/I8204097,1,Ludwig-Maximilians-Universität München,education,Germany,Munich,LMU,LMU München; Ludwig Maximilian University of Munich; Ludwig-Maximilians-Universität München; Ludwig-Maximilians-Universität in Munich; University of Munich; Universität München,269536,27548991,3.318448122510538,1102,340175,http://en.wikipedia.org/wiki/Ludwig_Maximilian_University_of_Munich,"Center for Integrated Protein Science Munich; Center for NanoScience; LMU Klinikum; Nanosystems Initiative Munich; Excellence Cluster Origins; Rachel Carson Center for Environment and Society; Munich Cluster for Systems Neurology; Centre for Advanced Laser Applications; Munich Center for Quantum Science and Technology; Zentrum für Klinische Tiermedizin; Munich Center for Machine Learning; LMU Open Science Center; Walther-Straub-Institut für Pharmakologie und Toxikologie; Physiologisches Institut; Institut für Medizinische Psychologie; Institut für Rechtsmedizin; Institut für Immunologie; Pathologisches Institut; Anatomische Anstalt; Institut für Ethik, Geschichte und Theorie der Medizin; Institut für Kardiovaskuläre Physiologie und Pathophysiologie; Adolf-Butenandt-Institut für Physiologische Chemie, Physikalische Biochemie und Zellbiologie; Institut für Medizinische Informationsverarbeitung, Biometrie und Epidemiologie; Institut für Neuropathologie; Max-von-Pettenkofer-Institut für Hygiene und Medizinische Mikrobiologie; Institut für deutsche Kultur und Geschichte Südosteuropas; Cluster of Excellence Cross-Cultural Philology",https://openalex.org/I189554337; https://openalex.org/I2801304276; https://openalex.org/I3018771216; https://openalex.org/I414166113; https://openalex.org/I4210099156; https://openalex.org/I4210107006; https://openalex.org/I4210113080; https://openalex.org/I4210137376; https://openalex.org/I4210142743; https://openalex.org/I4392738062; https://openalex.org/I4403386549; https://openalex.org/I4405254827; https://openalex.org/I4405255325; https://openalex.org/I4405258533; https://openalex.org/I4405258781; https://openalex.org/I4405259119; https://openalex.org/I4405259207; https://openalex.org/I4405259543; https://openalex.org/I4405260209; https://openalex.org/I4405260264; https://openalex.org/I4405260491; https://openalex.org/I4405260761; https://openalex.org/I4405260893; https://openalex.org/I4405260960; https://openalex.org/I4405261663; https://openalex.org/I4405261922; https://openalex.org/I4405263804,,
https://openalex.org/I4210091044,1,First People's Hospital of Yunnan Province,healthcare,China,Kunming,,First People's Hospital of Yunnan Province; 云南省第一人民医院,5249,132735,1.9132702967068798,107,3645,,,,,
https://openalex.org/I181877577,1,Shanxi University,education,China,Taiyuan,SXU,Shanxi University; Shānxī Dàxué; 山西大学,38057,1704117,4.373947348456111,282,38205,https://en.wikipedia.org/wiki/Shanxi_University,State Key Laboratory of Quantum Optics and Quantum Optics Devices,https://openalex.org/I4392738299,,
https://openalex.org/I4210136793,1,Peng Cheng Laboratory,facility,China,Shenzhen,,Peng Cheng Laboratory; Shenzhen Cyberspace Science and Technology Laboratory; 鹏城实验室,15540,519262,4.244148329972823,241,9590,,,,,
https://openalex.org/I71270174,1,Victoria University,education,Australia,Melbourne,VU,Victoria University,24227,1234196,4.469352393329001,334,19806,"http://en.wikipedia.org/wiki/Victoria_University,_Australia",,,,
https://openalex.org/I194716290,1,China Academy of Space Technology,government,China,Beijing,CAST,China Academy of Space Technology; 中国空间技术研究院,18132,286997,2.118973703433163,144,7207,https://en.wikipedia.org/wiki/China_Academy_of_Space_Technology,Beijing Institute of Control Engineering,https://openalex.org/I4405263048,China Aerospace Science and Technology Corporation,https://openalex.org/I2802615301
https://openalex.org/I198091727,1,Tiangong University,education,China,Tianjin,TJPU,Tiangong University; Tianjin Polytechnic University; 天津工业大学,27910,1392952,5.089855197379762,259,32164,https://en.wikipedia.org/wiki/Tianjin_Polytechnic_University,,,,
https://openalex.org/I4210130572,1,175th Hospital of People's Liberation Army,healthcare,China,Zhangzhou,,175th Hospital of People's Liberation Army; PLA 175th Hospital; 解放军第175医院,850,13426,1.250909090909091,43,304,,,,,
https://openalex.org/I4210096250,1,Beijing Institute of Big Data Research,facility,China,Beijing,BIBDR,Beijing Institute of Big Data Research; 北京大数据研究院,5131,173349,4.287413058110837,156,3163,,,,Peking University; Beijing University of Technology,https://openalex.org/I20231570; https://openalex.org/I37796252
https://openalex.org/I55022517,1,Heilongjiang University,education,China,Harbin,,Heilongjiang University; Hēilóngjiāng Dàxué; 黑龙江大学,20945,1253762,4.551622772811807,309,23450,http://en.wikipedia.org/wiki/Heilongjiang_University,,,,
https://openalex.org/I4210136596,1,First Affiliated Hospital of Anhui Medical University,healthcare,China,Hefei,,First Affiliated Hospital of Anhui Medical University,22552,927795,3.113493626667658,227,22445,,,,,
https://openalex.org/I31847773,1,Zhejiang Ocean University,education,China,Zhoushan,ZJOU,Zhejiang Fishery University; Zhejiang Ocean University; Zhoushan Junior Teachers College; 浙江海洋学院,19743,811958,4.628456913827655,249,18076,https://en.wikipedia.org/wiki/Zhejiang_Ocean_University,,,,
https://openalex.org/I4210127658,1,Ministry of Natural Resources,government,Rwanda,Kigali,,Ministry of Natural Resources,2879,35935,2.0876320696084525,68,998,,,,,
https://openalex.org/I4390039234,1,Indiana University Melvin and Bren Simon Comprehensive Cancer Center,healthcare,United States,Indianapolis,,IU Cancer Center; IU Melvin and Bren Simon Comprehensive Cancer Center; IU Simon Cancer Center; IU Simon Comprehensive Cancer Center; Indiana University Cancer Center; Indiana University Melvin and Bren Simon Comprehensive Cancer Center; Melvin and Bren Simon Comprehensive Cancer Center; Simon Comprehensive Cancer Center,1290,91964,6.598698481561822,138,1060,,,,Indiana University,https://openalex.org/I592451
https://openalex.org/I4210125143,1,Chengdu University,education,China,Chengdu,CDU,Chengdu University,30772,1743287,4.770160072485654,281,37658,,,,,
https://openalex.org/I4210136868,1,New Technology (Israel),company,Israel,Petah Tikva,,New Technology (Israel),2559,83430,2.4171779141104293,124,1261,,,,,
https://openalex.org/I101479585,1,South China Agricultural University,education,China,Guangzhou,SCAU,South China Agricultural College; South China Agricultural University; 华南农业大学,55389,3894014,4.0144690144690145,390,79798,http://en.wikipedia.org/wiki/South_China_Agricultural_University,State Key Laboratory For Conservation and Utilization of Subtropical Agro-Bioresources,https://openalex.org/I4391768241,,
https://openalex.org/I4210124949,1,Microsoft Research (India),company,India,Bengaluru,,Microsoft Research (India),2881,217137,4.192920353982301,192,2361,https://en.wikipedia.org/wiki/Microsoft_Research,,,Microsoft (United States),https://openalex.org/I1290206253
https://openalex.org/I4210138055,1,Agriculture and Food,facility,Australia,Canberra,,Agriculture and Food,18412,1359758,4.681114040870138,341,22044,,,,Commonwealth Scientific and Industrial Research Organisation,https://openalex.org/I1292875679
https://openalex.org/I4210154851,1,Hubei University of Education,education,China,Wuhan,HUE,Hubei University of Education; 湖北教育学院,3074,42806,2.151642796967144,79,885,,,,,
https://openalex.org/I4210156165,1,Lenovo (China),company,China,Beijing,,Lenovo (China); 联想中国,1254,36694,2.6658767772511847,80,613,https://en.wikipedia.org/wiki/Lenovo,Lenovo (Singapore); Lenovo (Japan),https://openalex.org/I4210096274; https://openalex.org/I4210113523,,
https://openalex.org/I4210138151,1,Jilin Electric Power Research Institute (China),company,China,Baishan,,Jilin Electric Power Research Institute (China); 吉林省电力科学研究院有限公司,2120,15959,1.101195440644982,48,332,,,,,
https://openalex.org/I4401726965,1,Boston Consulting Group (United States),company,United States,Boston,BCG,Boston Consulting Group; Boston Consulting Group (United States); Boston Consulting Group Inc; The Boston Consulting Group,557,31856,6.803418803418803,81,315,,,,,
https://openalex.org/I4210121771,1,First Affiliated Hospital of Xi'an Jiaotong University,healthcare,China,Xi'an,,First Affiliated Hospital of Xi'an Jiaotong University,26600,1518747,3.327665328197984,285,34508,,,,,
https://openalex.org/I93860229,1,Politecnico di Milano,education,Italy,Milan,,Politecnico di Milano; Polytechnic University of Milan; École Polytechnique de Milan,252829,5547797,0.4126772559702997,511,105448,http://en.wikipedia.org/wiki/Polytechnic_University_of_Milan,,,,
https://openalex.org/I97750245,1,Software (Spain),company,Spain,Tres Cantos,,Software (Spain),6652,165415,2.692710430930326,151,2878,https://en.wikipedia.org/wiki/Software_AG,,,Software (Germany),https://openalex.org/I4210087817
https://openalex.org/I74485261,1,Shandong Agricultural University,education,China,Tai’an,SDAU,Shandong Agricultural University; Shāndōng Nóngyè Dàxué; 山东农业大学,28747,2162744,3.9714146103102856,298,45051,https://en.wikipedia.org/wiki/Shandong_Agricultural_University,State Key Laboratory of Crop Biology,https://openalex.org/I4391767932,,
https://openalex.org/I4210105946,1,Suan Sunandha Rajabhat University,education,Thailand,Dusit,SSRU,Suan Sunandha Rajabhat University; มหาวิทยาลัยราชภัฏสวนสุนันทา,3631,26344,0.8183876811594203,60,706,,,,,
https://openalex.org/I890469752,1,Ministry of Industry and Information Technology,government,China,Beijing,MIIT,Ministry of Industry and Information Technology; 中华人民共和国工业和信息化部,19713,1139136,5.603410363855121,271,26828,https://en.wikipedia.org/wiki/Ministry_of_Industry_and_Information_Technology,Beijing Institute of Technology; China Internet Network Information Center; China Electronic Information Industry Development; China Academy of Information and Communications Technology; State Radio Regulation Of China; China Electronics Standardization Institute,https://openalex.org/I125839683; https://openalex.org/I4210100200; https://openalex.org/I4210108204; https://openalex.org/I4210130112; https://openalex.org/I4210143635; https://openalex.org/I4210162213,,
https://openalex.org/I4210135742,1,Shanghai First People's Hospital,healthcare,China,Shanghai,,Shanghai First People's Hospital; Shanghai General Hospital,16101,1102965,4.131740751940328,274,21927,,,,,
https://openalex.org/I40246663,1,Chinese Academy of Engineering,other,China,Beijing,CAE,Chinese Academy of Engineering; 中国工程院,4889,100489,2.323809523809524,108,2459,https://en.wikipedia.org/wiki/Chinese_Academy_of_Engineering,,,,
https://openalex.org/I204823248,1,Huazhong Agricultural University,education,China,Wuhan,HZAU,Huazhong Agricultural University; 华中农业大学,59881,6291904,4.34349680567714,524,111671,http://en.wikipedia.org/wiki/Huazhong_Agricultural_University,State Key Laboratory of Crop Genetic Improvement; State Key Laboratory of Agricultural Microbiology,https://openalex.org/I4391767768; https://openalex.org/I4391768000,,
https://openalex.org/I4210147389,1,Hunan Provincial People's Hospital,healthcare,China,Changsha,,Hunan Provincial People's Hospital; 湖南省人民医院,5336,152474,2.9972575417601597,116,4209,,,,,
https://openalex.org/I2802505932,1,China Aerodynamics Research and Development Center,facility,China,Mianyang,CARDC,China Aerodynamics Research and Development Center; Zhōngguó Kōngqì Dònglì Yánjiū yǔ Fāzhǎn Zhōngxīn; 中国空气动力研究与发展中心,7793,142259,2.0762711864406778,108,3946,https://en.wikipedia.org/wiki/China_Aerodynamics_Research_and_Development_Center,State Key Laboratory of Aerodynamics,https://openalex.org/I4392738141,,
https://openalex.org/I4210151987,1,Ministry of Agriculture and Rural Affairs,government,China,Beijing,MOA,Ministry of Agriculture and Rural Affairs; 中华人民共和国农业农村部,45753,3739020,5.670217567933556,298,95366,https://en.wikipedia.org/wiki/Ministry_of_Agriculture_and_Rural_Affairs,Chinese Academy of Tropical Agricultural Sciences; Chinese Center For Disease Control and Prevention; National Animal Husbandry Service; Research Center for Rural Economy; Chinese Academy of Agricultural Engineering; Chinese Academy of Agricultural Sciences; China Association of Rural Energy Industry; Nanjing Institute of Agricultural Mechanization; China Agriculture Research System; Chinese Academy of Fishery Sciences,https://openalex.org/I107851509; https://openalex.org/I184490438; https://openalex.org/I4210117733; https://openalex.org/I4210119894; https://openalex.org/I4210120962; https://openalex.org/I4210138501; https://openalex.org/I4210157904; https://openalex.org/I4210166367; https://openalex.org/I4405256025; https://openalex.org/I46529539,State Council of the People's Republic of China,https://openalex.org/I4210127390
https://openalex.org/I4210146205,1,Obstetrics and Gynecology Hospital of Fudan University,healthcare,China,Shanghai,,Obstetrics and Gynecology Hospital of Fudan University; Shanghai Red House Obstetrics and Gynecology Hospital; 复旦大学附属妇产科医院,8337,411622,3.703383623846492,187,8854,,,,,
https://openalex.org/I4210092495,1,Suzhou Institute of Nano-tech and Nano-bionics,facility,China,Suzhou,SINANO,Suzhou Institute of Nano-tech and Nano-bionics; 中国科学院苏州纳米技术与纳米仿生研究所,8265,1242135,7.715996050357936,354,19087,,,,Chinese Academy of Sciences,https://openalex.org/I19820366
https://openalex.org/I4210107668,1,Guangzhou Regenerative Medicine and Health Guangdong Laboratory,facility,China,Guangzhou,GRMH-GDL,Bioland Laboratory; Guangzhou Regenerative Medicine and Health Guangdong Laboratory; 广州再生医学与健康广东省实验室,2479,231778,5.4568901989683125,185,3568,,,,,
https://openalex.org/I86501945,1,University of Delaware,education,United States,Newark,UD,Universidad de Delaware; University of Delaware; Université du Delaware,94637,6801309,2.9340072202166065,700,90404,http://en.wikipedia.org/wiki/University_of_Delaware,Delaware Space Grant Consortium; Delaware Sea Grant; Protein Information Resource; Delaware Asteroseismic Research Center; Delaware Geological Survey; Delaware Biotechnology Institute,https://openalex.org/I4210099101; https://openalex.org/I4210143445; https://openalex.org/I4400009018; https://openalex.org/I4405252718; https://openalex.org/I4405253224; https://openalex.org/I4405261003,,
https://openalex.org/I4210164282,1,Entrepreneurial Ecosystems,other,United States,Lincoln,e2,Center for Rural Entrepreneurship; Entrepreneurial Ecosystems,3286,75959,0.6805019305019305,136,733,,,,,
https://openalex.org/I18452120,1,Yantai University,education,China,Yantai,,Yantai University; 烟台大学,23603,868633,4.499852823682772,213,21199,https://en.wikipedia.org/wiki/Yantai_University,,,,
https://openalex.org/I4210142748,1,Shandong Academy of Sciences,education,China,Jinan,SDAS,Shandong Academy of Sciences; 山东省科学院,20422,1063981,4.64544235924933,213,27064,,Biology Institute of Shandong Academy of Sciences; Shandong Institute of Automation; Energy Research Institute; Laser Research Institute; Institute of New Materials,https://openalex.org/I4210086510; https://openalex.org/I4210094879; https://openalex.org/I4210094970; https://openalex.org/I4210150613; https://openalex.org/I4210160779,,
https://openalex.org/I42852656,1,Shenyang University,education,China,Shenyang,,Shenyang University; Shěnyáng Dàxué,7983,149578,2.618938127090301,121,3481,http://en.wikipedia.org/wiki/Shenyang_University,,,,
https://openalex.org/I4210125036,1,Tianjin Central Hospital of Gynecology Obstetrics,healthcare,China,Tianjin,,Tianjin Central Hospital of Gynecology Obstetrics; 天津市中心妇产科医院,1438,36071,2.024468085106383,69,944,,,,,
https://openalex.org/I49232843,1,Changchun University,education,China,Changchun,,Changchun Institute of Industrial Accounting Statistics; Changchun University; Northern Spring City; 长春大学,12225,189784,2.7650706516214294,134,4633,https://en.wikipedia.org/wiki/Changchun_University,,,,
https://openalex.org/I46482218,1,Anqing Normal University,education,China,Anking,,Anqing Normal University; Anqing Teachers College; 安庆师范学院,6680,111960,2.6384512683578105,115,2773,http://en.wikipedia.org/wiki/Anqing_Teachers_College,,,,
https://openalex.org/I4391767820,1,State Key Laboratory of Computer Science,facility,China,Beijing,,State Key Lab of Computer Science; State Key Laboratory of Computer Science; 计算机科学国家重点实验室,418,10458,8.217054263565892,42,256,,,,Institute of Software,https://openalex.org/I4210128818
https://openalex.org/I4210163319,1,Anyang Tumor Hospital,healthcare,China,Anyang,,Anyang Tumor Hospital; 安阳市肿瘤医院,1297,28690,2.4027149321266967,72,662,,,,,
https://openalex.org/I4210098205,1,State Key Laboratory of Oil and Gas Reservoir Geology and Exploitation,facility,China,Chengdu,SKL,State Key Laboratory of Oil and Gas Reservoir Geology and Exploitation; 油气藏地质及开发工程国家重点实验室,15038,738836,3.8238111766747656,192,18881,,,,,
https://openalex.org/I202126657,1,Qufu Normal University,education,China,Qufu,,Qufu Normal University; Qūfù Shīfàn Dàxué; 曲阜师范大学,22931,833694,3.526755294274835,226,19653,http://en.wikipedia.org/wiki/Qufu_Normal_University,,,,
https://openalex.org/I154864474,1,National Taiwan University of Science and Technology,education,Taiwan,Taipei,NTUST,National Taiwan University of Science and Technology; Taiwan Tech,37121,1834027,4.064652715576908,335,36198,http://en.wikipedia.org/wiki/National_Taiwan_University_of_Science_and_Technology,,,,
https://openalex.org/I32574673,1,Shantou University,education,China,Shantou,STU,Shantou University; Shàntóu Dàxué; 汕头大学,34101,1723814,3.3279850198267,312,35591,http://en.wikipedia.org/wiki/Shantou_University,,,,
https://openalex.org/I64449678,1,Putian University,education,China,Putian,,Putian University; 莆田学院,6591,69549,2.3234967827823385,78,1909,https://en.wikipedia.org/wiki/Putian_University,,,,
https://openalex.org/I4210137574,1,Cells Therapy (Poland),company,Poland,Wrocław,,Cells Therapy (Poland),510,32858,3.811946902654867,83,562,,,,,
https://openalex.org/I193427800,1,Applied Materials (United States),company,United States,Santa Clara,,Applied Materials (United States),3407,137815,2.720885466794995,125,3340,https://en.wikipedia.org/wiki/Applied_Materials,Applied Materials (United Kingdom); Applied Materials (Israel); Applied Materials (Singapore); Applied Materials (Germany),https://openalex.org/I4210087370; https://openalex.org/I4210100008; https://openalex.org/I4210102879; https://openalex.org/I4210165146,,
https://openalex.org/I4210156501,1,First Affiliated Hospital of Harbin Medical University,healthcare,China,Harbin,,First Affiliated Hospital of Harbin Medical University,13722,886074,2.839121756487026,226,18705,,,,,
https://openalex.org/I1291425158,1,Google (United States),company,United States,Mountain View,,Google (United States); Google Research; Googleplex,80995,11722588,16.913515462265664,1169,75058,http://en.wikipedia.org/wiki/Google,Google (Switzerland); Google (United Kingdom); Google (Israel); Google (Ireland); Google (Canada); Google (Singapore); Google (Australia),https://openalex.org/I4210100430; https://openalex.org/I4210113297; https://openalex.org/I4210117425; https://openalex.org/I4210131802; https://openalex.org/I4210148186; https://openalex.org/I4405256196; https://openalex.org/I4405261138,Alphabet (United States),https://openalex.org/I4210128969
https://openalex.org/I4210159340,1,The Synergetic Innovation Center for Advanced Materials,facility,China,Nanjing,SICAM,Jiangsu Advanced Biological and Chemical Manufacturing Collaborative Innovation Center; The Synergetic Innovation Center for Advanced Materials; 江苏先进生物与化学制造协同创新中心,7277,1416278,6.761260308733347,362,21307,,,,Nanjing Tech University; Nanjing University of Posts and Telecommunications; Zhejiang University; Tsinghua University,https://openalex.org/I134687103; https://openalex.org/I41198531; https://openalex.org/I76130692; https://openalex.org/I99065089
https://openalex.org/I4391768000,1,State Key Laboratory of Agricultural Microbiology,facility,China,Wuhan,,State Key Lab of Agricultural Microbiology; State Key Laboratory of Agricultural Microbiology; 农业微生物学国家重点实验室,397,56900,5.5476190476190474,99,978,,,,Huazhong Agricultural University,https://openalex.org/I204823248
https://openalex.org/I4210149693,1,Chinese Academy of Science and Technology for Development,facility,China,Beijing,CASTED; NRCSTD,Chinese Academy of Science and Technology for Development; National Research Center for Science and Technology for Development; 中国科学技术促进发展,593,8790,4.151898734177215,44,204,,,,Ministry of Science and Technology of the People's Republic of China,https://openalex.org/I4210120069
https://openalex.org/I4829542,1,RheinMain University of Applied Sciences,education,Germany,Wiesbaden,,Hochschule RheinMain; RheinMain University of Applied Sciences,2887,31422,0.7558620689655172,76,604,https://en.wikipedia.org/wiki/RheinMain_University_of_Applied_Sciences,,,,
https://openalex.org/I61372060,1,PA Consulting Group,company,United Kingdom,London,,PA Consulting Group,943,18500,2.8895705521472395,65,313,https://en.wikipedia.org/wiki/PA_Consulting_Group,,,,
https://openalex.org/I96673099,1,Technical University of Denmark,education,Denmark,Kongens Lyngby,DTU,Danmarks Tekniske Universitet; Dänemarks Technische Universität; Technical University of Denmark,146575,11579666,3.731432689276224,967,139504,http://en.wikipedia.org/wiki/Technical_University_of_Denmark,Nordic Laboratory for Luminescence Dating; DTU Space,https://openalex.org/I4210112235; https://openalex.org/I4396570579,,
https://openalex.org/I4210163591,1,Shanghai Zhabei District Shibei Hospital,healthcare,China,Shanghai,,Shanghai Zhabei District Shibei Hospital,696,12727,2.172872340425532,49,321,,,,,
https://openalex.org/I4210112820,1,Shanghai Institute of Materia Medica,facility,China,Pudong,SIMM,Shanghai Institute of Materia Medica; 中国科学院上海药物研究所,16069,2178754,5.763717289540327,404,39339,,State Key Laboratory of Drug Research,https://openalex.org/I4391767758,Chinese Academy of Sciences,https://openalex.org/I19820366
https://openalex.org/I4396570617,1,Chinese People's Armed Police Force,funder,China,Beijing,PAPF,Armed Police Force of China; Chinese People's Armed Police Force; People's Armed Police Force; 中国人民武装警察部队,6906,159511,3.757455268389662,139,3612,https://en.wikipedia.org/wiki/People%27s_Armed_Police,China People's Police University,https://openalex.org/I79995938,Ministry of National Defense of the People's Republic of China,https://openalex.org/I4210133972
https://openalex.org/I205349734,1,Hokkaido University,education,Japan,Sapporo,,Hokkaido University; Hokkaidō daigaku; 北海道大学,251965,11353023,0.8384753841840104,629,219374,http://en.wikipedia.org/wiki/Hokkaido_University,,,,
https://openalex.org/I875722105,1,Chubu Electric Power (Japan),company,Japan,Nagoya,,Chubu Electric Power (Japan); Chuden; Chūbu Denryoku Kabushiki Kaisha; 中部電力株式会社,3068,59909,0.6206896551724138,76,1145,https://en.wikipedia.org/wiki/Chubu_Electric_Power,,,,
https://openalex.org/I157725225,1,University of Illinois Urbana-Champaign,education,United States,Urbana,UIUC,Universidad de Illinois en Urbana-Champaign; University of Illinois; University of Illinois Urbana-Champaign; Université de l'Illinois à Urbana-Champaign,325069,31335779,3.3790548833947045,1363,370816,http://en.wikipedia.org/wiki/University_of_Illinois_at_Urbana%E2%80%93Champaign,Illinois Space Grant Consortium; National Center for Supercomputing Applications; Advanced Cyberinfrastructure Coordination Ecosystem: Services & Support; Chan Zuckerberg Biohub Chicago; Anthony J. Leggett Institute for Condensed Matter Theory; Lemann Center for Brazilian Studies; Illinois State Geological Survey,https://openalex.org/I4210090450; https://openalex.org/I4210135837; https://openalex.org/I4387152812; https://openalex.org/I4396570630; https://openalex.org/I4405252470; https://openalex.org/I4405261000; https://openalex.org/I4405262580,University of Illinois System,https://openalex.org/I2801919071
https://openalex.org/I1305126327,1,Zibo Vocational Institute,education,China,Zibo,,Zibo Vocational Institute,2403,9606,1.946768060836502,42,264,https://en.wikipedia.org/wiki/Zibo_Vocational_Institute,,,,
https://openalex.org/I4210089985,1,Amazon (Germany),company,Germany,Berlin,,Amazon (Germany),7328,99161,1.684923076923077,129,1333,https://en.wikipedia.org/wiki/Amazon_(company),,,Amazon (United States),https://openalex.org/I1311688040
https://openalex.org/I4210129545,1,Grinm Advanced Materials (China),company,China,Beijing,GRIAM,Grinm Advanced Materials (China); Grinm Semiconductor Materials; 有研新材料股份有限公司,1718,91463,4.5978260869565215,99,2565,,,,,
https://openalex.org/I98677209,1,University of Edinburgh,education,United Kingdom,Edinburgh,,Oilthigh Dhùn Èideann; University of Edinburgh,275668,25209737,3.5860439521001064,1316,274015,http://en.wikipedia.org/wiki/University_of_Edinburgh,Roslin Institute; Edinburgh Cancer Research; British Heart Foundation Centre for Cardiovascular Science; MRC Centre for Regenerative Medicine; MRC Centre for Reproductive Health; Maxwell Institute for Mathematical Sciences; International Centre for Mathematical Sciences; Wellcome Centre for Cell Biology; Centre for Inflammation Research; Zhejiang University-University of Edinburgh Institute; Institute of Genetics and Cancer; The Queen's Medical Research Institute; Scottish Collaboration for Public Health Research and Policy; MRC Human Genetics Unit; Asthma UK Centre for Applied Research; South-East Scotland School of Anaesthesia; Scottish Longitudinal Study Development & Support Unit; Smart Data Foundry,https://openalex.org/I133960621; https://openalex.org/I2802581871; https://openalex.org/I4210087520; https://openalex.org/I4210108209; https://openalex.org/I4210116174; https://openalex.org/I4210117017; https://openalex.org/I4210130014; https://openalex.org/I4210134627; https://openalex.org/I4210151647; https://openalex.org/I4210158570; https://openalex.org/I4210158898; https://openalex.org/I4210164624; https://openalex.org/I4210166564; https://openalex.org/I4387154614; https://openalex.org/I4392738210; https://openalex.org/I4394709252; https://openalex.org/I4405258840; https://openalex.org/I4405261767,,
https://openalex.org/I98301712,1,Baidu (China),company,China,Beijing,,Baidu; Baidu (China); Baidu Inc; 百度,6425,429528,10.880668934240363,277,5299,https://en.wikipedia.org/wiki/Baidu,,,,
https://openalex.org/I16365422,1,Hefei University of Technology,education,China,Hefei,HFUT,Hefei University of Technology; 合肥工业大学,65612,3183323,3.8762120108841454,358,69194,https://en.wikipedia.org/wiki/Hefei_University_of_Technology,,,,
https://openalex.org/I58200834,1,Southern Medical University,education,China,Guangzhou,SMU,First Military Medical University; Southern Medical University; 南方医科大学,85641,5929134,4.290044910179641,484,120035,https://en.wikipedia.org/wiki/Southern_Medical_University,,,,
https://openalex.org/I4210145005,1,State Key Laboratory of Vehicle NVH and Safety Technology,facility,China,Chongqing,,State Key Laboratory of Vehicle NVH and Safety Technology,4094,109722,3.8007590132827325,109,2711,,,,,
https://openalex.org/I192209268,1,Shaoxing University,education,China,Shaoxing,,Shaoxing University; Shàoxīng Wénlǐ Xuéyuàn; 绍兴文理学院,14354,473345,4.620365649355379,192,10691,http://en.wikipedia.org/wiki/Shaoxing_University,,,,
https://openalex.org/I121296143,1,Hunan University of Science and Technology,education,China,Xiangtan,HNUST,Hunan University of Science and Technology; Húnán Kējì Dàxué; 湖南科技大学,19842,616812,3.8228156985019996,185,15250,http://en.wikipedia.org/wiki/Hunan_University_of_Science_and_Technology,,,,
https://openalex.org/I4210120169,1,First Affiliated Hospital of Kunming Medical University,healthcare,China,Kunming,,First Affiliated Hospital of Kunming Medical University,9167,282183,2.3481891445771432,147,7287,,Institute of Dermatology & Venereology of the Yunnan Province,https://openalex.org/I4210157497,,
https://openalex.org/I290007724,1,Qinghai University for Nationalities,education,China,Xining,,Qinghai University for Nationalities; 青海民族大学,2536,24073,3.619718309859155,60,641,https://en.wikipedia.org/wiki/Qinghai_University_for_Nationalities,,,,
https://openalex.org/I4210145338,1,Yunnan Institute of Tropical Crops,facility,China,Jinghong,,Yunnan Institute of Tropical Crops; 云南热带作物研究所,1112,13072,1.7307032590051459,45,398,,,,,
https://openalex.org/I4210107698,1,PLA 306 Hospital,healthcare,China,Beijing,,PLA 306 Hospital; 解放军306医院,4209,91782,1.5501567398119123,118,1964,,,,,
https://openalex.org/I4210155088,1,Institute of Chemistry,facility,China,Beijing,ICCAS,Institute of Chemistry; 中国科学院化学研究所,26220,4518582,11.261362121817939,571,61452,,State Key Laboratory of Polymer Physics and Chemistry; State Key Laboratory for Structural Chemistry of Unstable and Stable Species,https://openalex.org/I4210152478; https://openalex.org/I4391768210,Chinese Academy of Sciences,https://openalex.org/I19820366
https://openalex.org/I4210153776,1,Apple (United States),company,United States,Cupertino,,Apple; Apple (United States); Apple Computer Company; Apple Computers,3015,131431,5.770031217481789,168,1842,https://en.wikipedia.org/wiki/Apple_Inc.,Apple (Israel); Apple (Germany),https://openalex.org/I1311269955; https://openalex.org/I4210141230,,
https://openalex.org/I4210148639,1,Wuhan Engineering Science & Technology Institute,facility,China,Wuhan,,Municipal Institute of Technology; Science and Technology Institute; Wuhan Engineering Science and Technology Research Center; 武汉市工科院; 武汉市工程科学技术研究院,3165,133566,6.735180412371134,141,2721,,,,,
https://openalex.org/I4391768003,1,State Key Laboratory of Biotherapy,facility,China,Chengdu,,State Key Lab of Biotherapy; State Key Laboratory of Biotherapy; 生物治疗国家重点实验室,7967,1605212,13.013501350135014,378,26015,,,,Sichuan University,https://openalex.org/I24185976
https://openalex.org/I38706770,1,Guilin University of Technology,education,China,Guilin,GUT,Guilin University of Technology; 桂林理工大学,21640,789292,4.051932889388567,187,20551,https://en.wikipedia.org/wiki/Guilin_University_of_Technology,,,,
https://openalex.org/I4210127634,1,Shanghai Institute of Planned Parenthood Research,facility,China,Shanghai,SIPPR,Shanghai Institute of Planned Parenthood Research; 上海市计划生育科学研究所,1639,149831,10.25,142,3049,,,,,
